provinsi,komoditas,h,metode,mape,mae,n,mae_naif,mase
Aceh,Bawang Merah,1,campuran,12.38659957189383,5167.391304347826,23.0,5297.826086956522,0.975
Aceh,Bawang Merah,1,hanyut,13.448238851883392,5503.804347826088,23.0,5297.826086956522,1.039
Aceh,Bawang Merah,1,musiman,16.252941554863952,6910.869565217391,23.0,5297.826086956522,1.304
Aceh,Bawang Merah,1,naif,13.006117928208036,5297.826086956522,23.0,5297.826086956522,1.0
Aceh,Bawang Merah,2,campuran,15.04960136851988,6397.727272727273,22.0,7688.636363636364,0.832
Aceh,Bawang Merah,2,hanyut,20.15609299862307,8248.484848484848,22.0,7688.636363636364,1.073
Aceh,Bawang Merah,2,musiman,16.393856869077478,7070.454545454545,22.0,7688.636363636364,0.92
Aceh,Bawang Merah,2,naif,18.65093800889222,7688.636363636364,22.0,7688.636363636364,1.0
Aceh,Bawang Merah,3,campuran,13.694327908160936,5904.761904761905,21.0,6438.0952380952385,0.917
Aceh,Bawang Merah,3,hanyut,18.00750400334301,7536.9047619047615,21.0,6438.0952380952385,1.171
Aceh,Bawang Merah,3,musiman,16.242169671134025,7119.047619047619,21.0,6438.0952380952385,1.106
Aceh,Bawang Merah,3,naif,15.453511365851224,6438.0952380952385,21.0,6438.0952380952385,1.0
Aceh,Beras,1,campuran,2.667378110982521,393.4782608695652,23.0,206.52173913043478,1.905
Aceh,Beras,1,hanyut,1.6824885190712673,247.10144927536234,23.0,206.52173913043478,1.196
Aceh,Beras,1,musiman,5.044296354837349,741.304347826087,23.0,206.52173913043478,3.589
Aceh,Beras,1,naif,1.398448171526062,206.52173913043478,23.0,206.52173913043478,1.0
Aceh,Beras,2,campuran,2.7448511411931378,409.09090909090907,22.0,354.54545454545456,1.154
Aceh,Beras,2,hanyut,2.8861326637530746,422.7272727272726,22.0,354.54545454545456,1.192
Aceh,Beras,2,musiman,4.8240321032340505,713.6363636363636,22.0,354.54545454545456,2.013
Aceh,Beras,2,naif,2.4043433069013074,354.54545454545456,22.0,354.54545454545456,1.0
Aceh,Beras,3,campuran,3.1527273682542947,470.23809523809524,21.0,433.3333333333333,1.085
Aceh,Beras,3,hanyut,3.5308567789972924,516.6666666666666,21.0,433.3333333333333,1.192
Aceh,Beras,3,musiman,4.96653354474511,735.7142857142857,21.0,433.3333333333333,1.698
Aceh,Beras,3,naif,2.938188773119289,433.3333333333333,21.0,433.3333333333333,1.0
Aceh,Cabai Besar,1,campuran,0.0,0.0,3.0,0.0,1.0
Aceh,Cabai Besar,1,hanyut,0.0,0.0,3.0,0.0,1.0
Aceh,Cabai Besar,1,musiman,0.0,0.0,3.0,0.0,1.0
Aceh,Cabai Besar,1,naif,0.0,0.0,3.0,0.0,1.0
Aceh,Cabai Besar,2,campuran,0.0,0.0,2.0,0.0,1.0
Aceh,Cabai Besar,2,hanyut,0.0,0.0,2.0,0.0,1.0
Aceh,Cabai Besar,2,musiman,0.0,0.0,2.0,0.0,1.0
Aceh,Cabai Besar,2,naif,0.0,0.0,2.0,0.0,1.0
Aceh,Cabai Besar,3,campuran,0.0,0.0,1.0,0.0,1.0
Aceh,Cabai Besar,3,hanyut,0.0,0.0,1.0,0.0,1.0
Aceh,Cabai Besar,3,musiman,0.0,0.0,1.0,0.0,1.0
Aceh,Cabai Besar,3,naif,0.0,0.0,1.0,0.0,1.0
Bali,Bawang Merah,1,campuran,15.361981491449624,5764.130434782609,23.0,5641.304347826087,1.022
Bali,Bawang Merah,1,hanyut,14.975225441107694,5575.724637681159,23.0,5641.304347826087,0.988
Bali,Bawang Merah,1,musiman,22.631270267000126,8365.217391304348,23.0,5641.304347826087,1.483
Bali,Bawang Merah,1,naif,15.11330969194189,5641.304347826087,23.0,5641.304347826087,1.0
Bali,Bawang Merah,2,campuran,16.550483573711926,6288.636363636364,22.0,7643.181818181818,0.823
Bali,Bawang Merah,2,hanyut,21.419729763926775,7892.045454545455,22.0,7643.181818181818,1.033
Bali,Bawang Merah,2,musiman,22.65517968105037,8506.818181818182,22.0,7643.181818181818,1.113
Bali,Bawang Merah,2,naif,20.53503235446227,7643.181818181818,22.0,7643.181818181818,1.0
Bali,Bawang Merah,3,campuran,12.92848188685782,5046.428571428572,21.0,6397.619047619048,0.789
Bali,Bawang Merah,3,hanyut,18.27392600710975,6902.976190476191,21.0,6397.619047619048,1.079
Bali,Bawang Merah,3,musiman,22.028387980956442,8500.0,21.0,6397.619047619048,1.329
Bali,Bawang Merah,3,naif,16.795930975412762,6397.619047619048,21.0,6397.619047619048,1.0
Bali,Beras,1,campuran,2.0715962500819365,309.7826086956522,23.0,76.08695652173913,4.071
Bali,Beras,1,hanyut,0.6669030382588252,99.63768115942018,23.0,76.08695652173913,1.31
Bali,Beras,1,musiman,3.841635314143005,573.9130434782609,23.0,76.08695652173913,7.543
Bali,Beras,1,naif,0.5072706021652474,76.08695652173913,23.0,76.08695652173913,1.0
Bali,Beras,2,campuran,2.0127662426945885,302.27272727272725,22.0,134.0909090909091,2.254
Bali,Beras,2,hanyut,1.0062394408338118,150.37878787878782,22.0,134.0909090909091,1.121
Bali,Beras,2,musiman,3.655753533751385,547.7272727272727,22.0,134.0909090909091,4.085
Bali,Beras,2,naif,0.8927033165822523,134.0909090909091,22.0,134.0909090909091,1.0
Bali,Beras,3,campuran,2.085083104184632,314.2857142857143,21.0,178.57142857142858,1.76
Bali,Beras,3,hanyut,1.3981047369074826,208.92857142857142,21.0,178.57142857142858,1.17
Bali,Beras,3,musiman,3.5671112553914344,535.7142857142857,21.0,178.57142857142858,3.0
Bali,Beras,3,naif,1.1838348363716138,178.57142857142858,21.0,178.57142857142858,1.0
Bali,Cabai Besar,1,campuran,37.77380219173442,12267.391304347826,23.0,9802.173913043478,1.251
Bali,Cabai Besar,1,hanyut,29.760767891891838,10857.246376811594,23.0,9802.173913043478,1.108
Bali,Cabai Besar,1,musiman,60.28122015193475,19350.0,23.0,9802.173913043478,1.974
Bali,Cabai Besar,1,naif,27.040072555251243,9802.173913043478,23.0,9802.173913043478,1.0
Bali,Cabai Besar,2,campuran,46.20955311657774,15303.40909090909,22.0,15715.90909090909,0.974
Bali,Cabai Besar,2,hanyut,49.56832932603547,18200.378787878788,22.0,15715.90909090909,1.158
Bali,Cabai Besar,2,musiman,59.91366893435107,19468.18181818182,22.0,15715.90909090909,1.239
Bali,Cabai Besar,2,naif,43.10903094527212,15715.90909090909,22.0,15715.90909090909,1.0
Bali,Cabai Besar,3,campuran,53.086718417332925,18607.14285714286,21.0,20671.428571428572,0.9
Bali,Cabai Besar,3,hanyut,62.40403305773539,24282.738095238095,21.0,20671.428571428572,1.175
Bali,Cabai Besar,3,musiman,58.663754126674405,19609.52380952381,21.0,20671.428571428572,0.949
Bali,Cabai Besar,3,naif,53.87093693951913,20671.428571428572,21.0,20671.428571428572,1.0
Bali,Cabai Rawit,1,campuran,34.2807258139424,17666.304347826088,23.0,20382.608695652172,0.867
Bali,Cabai Rawit,1,hanyut,38.661856243162156,20919.202898550728,23.0,20382.608695652172,1.026
Bali,Cabai Rawit,1,musiman,42.35798453588138,22350.0,23.0,20382.608695652172,1.097
Bali,Cabai Rawit,1,naif,37.80339654997334,20382.608695652172,23.0,20382.608695652172,1.0
Bali,Cabai Rawit,2,campuran,39.80690158684254,20509.090909090908,22.0,27525.0,0.745
Bali,Cabai Rawit,2,hanyut,57.85498286200493,29362.121212121216,22.0,27525.0,1.067
Bali,Cabai Rawit,2,musiman,43.22041040639346,23020.454545454544,22.0,27525.0,0.836
Bali,Cabai Rawit,2,naif,52.616404548579496,27525.0,22.0,27525.0,1.0
Bali,Cabai Rawit,3,campuran,39.583934872841944,20842.85714285714,21.0,32114.285714285714,0.649
Bali,Cabai Rawit,3,hanyut,64.03256875388082,35138.69047619047,21.0,32114.285714285714,1.094
Bali,Cabai Rawit,3,musiman,44.48831011172093,23842.85714285714,21.0,32114.285714285714,0.742
Bali,Cabai Rawit,3,naif,57.27243858198064,32114.285714285714,21.0,32114.285714285714,1.0
Banten,Bawang Merah,1,campuran,13.922261142195055,6347.826086956522,23.0,6165.217391304348,1.03
Banten,Bawang Merah,1,hanyut,14.555593155274074,6333.514492753624,23.0,6165.217391304348,1.027
Banten,Bawang Merah,1,musiman,19.02693712574904,8691.304347826086,23.0,6165.217391304348,1.41
Banten,Bawang Merah,1,naif,14.105224552317248,6165.217391304348,23.0,6165.217391304348,1.0
Banten,Bawang Merah,2,campuran,15.961057723124686,7290.909090909091,22.0,7956.818181818182,0.916
Banten,Bawang Merah,2,hanyut,19.519506317703076,8511.742424242424,22.0,7956.818181818182,1.07
Banten,Bawang Merah,2,musiman,19.847495228310557,9075.0,22.0,7956.818181818182,1.141
Banten,Bawang Merah,2,naif,18.047781054352278,7956.818181818182,22.0,7956.818181818182,1.0
Banten,Bawang Merah,3,campuran,13.344181317168221,6265.476190476191,21.0,7433.333333333333,0.843
Banten,Bawang Merah,3,hanyut,18.61191265365121,8416.666666666666,21.0,7433.333333333333,1.132
Banten,Bawang Merah,3,musiman,20.127775687532854,9316.666666666666,21.0,7433.333333333333,1.253
Banten,Bawang Merah,3,naif,16.32212738964702,7433.333333333333,21.0,7433.333333333333,1.0
Banten,Beras,1,campuran,2.1833141891621177,332.60869565217394,23.0,232.6086956521739,1.43
Banten,Beras,1,hanyut,1.7158580298954884,258.8768115942028,23.0,232.6086956521739,1.113
Banten,Beras,1,musiman,3.6746041076545097,558.695652173913,23.0,232.6086956521739,2.402
Banten,Beras,1,naif,1.5385248417985604,232.6086956521739,23.0,232.6086956521739,1.0
Banten,Beras,2,campuran,2.6551591075341547,404.54545454545456,22.0,386.3636363636364,1.047
Banten,Beras,2,hanyut,2.5758819423601396,389.3939393939394,22.0,386.3636363636364,1.008
Banten,Beras,2,musiman,3.700565736372348,563.6363636363636,22.0,386.3636363636364,1.459
Banten,Beras,2,naif,2.551515546363499,386.3636363636364,22.0,386.3636363636364,1.0
Banten,Beras,3,campuran,3.1529670091846285,480.95238095238096,21.0,521.4285714285714,0.922
Banten,Beras,3,hanyut,3.712535730197043,562.5,21.0,521.4285714285714,1.079
Banten,Beras,3,musiman,3.8275220686462372,583.3333333333334,21.0,521.4285714285714,1.119
Banten,Beras,3,naif,3.4346663053173097,521.4285714285714,21.0,521.4285714285714,1.0
Banten,Cabai Besar,1,campuran,28.432747304538132,13147.826086956522,23.0,9736.95652173913,1.35
Banten,Cabai Besar,1,hanyut,20.548304511035365,10345.652173913044,23.0,9736.95652173913,1.063
Banten,Cabai Besar,1,musiman,44.69771463810701,20441.304347826088,23.0,9736.95652173913,2.099
Banten,Cabai Besar,1,naif,19.204347819327804,9736.95652173913,23.0,9736.95652173913,1.0
Banten,Cabai Besar,2,campuran,34.6472733621473,16244.318181818182,22.0,15834.09090909091,1.026
Banten,Cabai Besar,2,hanyut,36.22973865628271,18190.909090909092,22.0,15834.09090909091,1.149
Banten,Cabai Besar,2,musiman,45.24194170796989,20840.909090909092,22.0,15834.09090909091,1.316
Banten,Cabai Besar,2,naif,31.38156786842863,15834.09090909091,22.0,15834.09090909091,1.0
Banten,Cabai Besar,3,campuran,40.10440406759289,19348.809523809523,21.0,20845.238095238095,0.928
Banten,Cabai Besar,3,hanyut,47.22177193263503,24590.47619047619,21.0,20845.238095238095,1.18
Banten,Cabai Besar,3,musiman,45.73874082238066,21290.47619047619,21.0,20845.238095238095,1.021
Banten,Cabai Besar,3,naif,40.09214724545567,20845.238095238095,21.0,20845.238095238095,1.0
Banten,Cabai Rawit,1,campuran,31.86006252549368,20098.91304347826,23.0,21969.565217391304,0.915
Banten,Cabai Rawit,1,hanyut,34.65029899798097,22908.152173913044,23.0,21969.565217391304,1.043
Banten,Cabai Rawit,1,musiman,42.86354444969574,27197.82608695652,23.0,21969.565217391304,1.238
Banten,Cabai Rawit,1,naif,33.36904969475027,21969.565217391304,23.0,21969.565217391304,1.0
Banten,Cabai Rawit,2,campuran,37.35536508133121,23098.863636363636,22.0,27436.363636363636,0.842
Banten,Cabai Rawit,2,hanyut,50.42411093313156,30731.818181818177,22.0,27436.363636363636,1.12
Banten,Cabai Rawit,2,musiman,43.55287895689515,27775.0,22.0,27436.363636363636,1.012
Banten,Cabai Rawit,2,naif,44.23976854988575,27436.363636363636,22.0,27436.363636363636,1.0
Banten,Cabai Rawit,3,campuran,39.243660107767575,24496.428571428572,21.0,31585.714285714286,0.776
Banten,Cabai Rawit,3,hanyut,57.496382687165216,36358.333333333336,21.0,31585.714285714286,1.151
Banten,Cabai Rawit,3,musiman,44.76940612982987,28654.761904761905,21.0,31585.714285714286,0.907
Banten,Cabai Rawit,3,naif,49.32183761141389,31585.714285714286,21.0,31585.714285714286,1.0
Bengkulu,Bawang Merah,1,campuran,9.73611886733801,4413.04347826087,23.0,4323.913043478261,1.021
Bengkulu,Bawang Merah,1,hanyut,9.921638658850062,4488.224637681159,23.0,4323.913043478261,1.038
Bengkulu,Bawang Merah,1,musiman,16.568907811135617,7458.695652173913,23.0,4323.913043478261,1.725
Bengkulu,Bawang Merah,1,naif,9.550225874862466,4323.913043478261,23.0,4323.913043478261,1.0
Bengkulu,Bawang Merah,2,campuran,12.084892376707309,5489.772727272727,22.0,6095.454545454545,0.901
Bengkulu,Bawang Merah,2,hanyut,14.250306584034222,6244.69696969697,22.0,6095.454545454545,1.024
Bengkulu,Bawang Merah,2,musiman,17.21774657223625,7770.454545454545,22.0,6095.454545454545,1.275
Bengkulu,Bawang Merah,2,naif,13.765711710119199,6095.454545454545,22.0,6095.454545454545,1.0
Bengkulu,Bawang Merah,3,campuran,13.436244005163983,6116.666666666667,21.0,6616.666666666667,0.924
Bengkulu,Bawang Merah,3,hanyut,15.814626706716183,6970.833333333333,21.0,6616.666666666667,1.054
Bengkulu,Bawang Merah,3,musiman,17.10724934819574,7878.571428571428,21.0,6616.666666666667,1.191
Bengkulu,Bawang Merah,3,naif,14.975834415289283,6616.666666666667,21.0,6616.666666666667,1.0
Bengkulu,Beras,1,campuran,1.4288463233706872,221.19565217391303,23.0,43.47826086956522,5.087
Bengkulu,Beras,1,hanyut,0.4681515682516604,73.09782608695652,23.0,43.47826086956522,1.681
Bengkulu,Beras,1,musiman,2.639127214624441,407.60869565217394,23.0,43.47826086956522,9.375
Bengkulu,Beras,1,naif,0.2752146319469853,43.47826086956522,23.0,43.47826086956522,1.0
Bengkulu,Beras,2,campuran,1.3693503949699515,213.0681818181818,22.0,86.36363636363636,2.467
Bengkulu,Beras,2,hanyut,0.9343412285076761,146.0227272727272,22.0,86.36363636363636,1.691
Bengkulu,Beras,2,musiman,2.2837458907496755,353.40909090909093,22.0,86.36363636363636,4.092
Bengkulu,Beras,2,naif,0.5437911443782645,86.36363636363636,22.0,86.36363636363636,1.0
Bengkulu,Beras,3,campuran,1.2928286264612656,201.78571428571428,21.0,107.14285714285714,1.883
Bengkulu,Beras,3,hanyut,1.3307773248714354,207.4404761904762,21.0,107.14285714285714,1.936
Bengkulu,Beras,3,musiman,2.003451188379523,310.7142857142857,21.0,107.14285714285714,2.9
Bengkulu,Beras,3,naif,0.6752726071209517,107.14285714285714,21.0,107.14285714285714,1.0
Bengkulu,Cabai Besar,1,campuran,33.91013070775386,12589.673913043478,23.0,9278.260869565218,1.357
Bengkulu,Cabai Besar,1,hanyut,22.436692719985157,9641.03260869565,23.0,9278.260869565218,1.039
Bengkulu,Cabai Besar,1,musiman,53.46046600500244,19190.217391304348,23.0,9278.260869565218,2.068
Bengkulu,Cabai Besar,1,naif,21.68597108187159,9278.260869565218,23.0,9278.260869565218,1.0
Bengkulu,Cabai Besar,2,campuran,44.0246019165132,16431.25,22.0,14772.727272727272,1.112
Bengkulu,Cabai Besar,2,hanyut,39.166545059445106,16118.37121212121,22.0,14772.727272727272,1.091
Bengkulu,Cabai Besar,2,musiman,55.79809989953878,20028.409090909092,22.0,14772.727272727272,1.356
Bengkulu,Cabai Besar,2,naif,36.40401396553427,14772.727272727272,22.0,14772.727272727272,1.0
Bengkulu,Cabai Besar,3,campuran,48.97130495465268,18312.5,21.0,19788.095238095237,0.925
Bengkulu,Cabai Besar,3,hanyut,56.37793199065242,23107.440476190477,21.0,19788.095238095237,1.168
Bengkulu,Cabai Besar,3,musiman,55.73945213426457,20296.428571428572,21.0,19788.095238095237,1.026
Bengkulu,Cabai Besar,3,naif,48.94053506602219,19788.095238095237,21.0,19788.095238095237,1.0
Bengkulu,Cabai Rawit,1,campuran,27.34919900743203,10686.41304347826,23.0,10878.260869565218,0.982
Bengkulu,Cabai Rawit,1,hanyut,26.647459057991302,11215.670289855074,23.0,10878.260869565218,1.031
Bengkulu,Cabai Rawit,1,musiman,39.70162821794869,15670.652173913044,23.0,10878.260869565218,1.441
Bengkulu,Cabai Rawit,1,naif,25.993910790525316,10878.260869565218,23.0,10878.260869565218,1.0
Bengkulu,Cabai Rawit,2,campuran,32.59078583511027,13325.568181818182,22.0,13427.272727272728,0.992
Bengkulu,Cabai Rawit,2,hanyut,33.67580372367942,14184.280303030304,22.0,13427.272727272728,1.056
Bengkulu,Cabai Rawit,2,musiman,40.78170906312544,16142.045454545454,22.0,13427.272727272728,1.202
Bengkulu,Cabai Rawit,2,naif,31.88433613165268,13427.272727272728,22.0,13427.272727272728,1.0
Bengkulu,Cabai Rawit,3,campuran,38.06552892150925,15358.92857142857,21.0,16750.0,0.917
Bengkulu,Cabai Rawit,3,hanyut,45.29623009791944,18931.845238095237,21.0,16750.0,1.13
Bengkulu,Cabai Rawit,3,musiman,41.69916418445753,16572.619047619046,21.0,16750.0,0.989
Bengkulu,Cabai Rawit,3,naif,40.48085298867333,16750.0,21.0,16750.0,1.0
DI Yogyakarta,Bawang Merah,1,campuran,11.548976764742408,4869.565217391304,23.0,3532.608695652174,1.378
DI Yogyakarta,Bawang Merah,1,hanyut,8.633751910766623,3549.8188405797105,23.0,3532.608695652174,1.005
DI Yogyakarta,Bawang Merah,1,musiman,17.86805708852857,7510.869565217391,23.0,3532.608695652174,2.126
DI Yogyakarta,Bawang Merah,1,naif,8.56123389694708,3532.608695652174,23.0,3532.608695652174,1.0
DI Yogyakarta,Bawang Merah,2,campuran,12.37053062619883,5267.045454545455,22.0,5125.0,1.028
DI Yogyakarta,Bawang Merah,2,hanyut,13.146977641396825,5428.030303030303,22.0,5125.0,1.059
DI Yogyakarta,Bawang Merah,2,musiman,18.262801798489512,7750.0,22.0,5125.0,1.512
DI Yogyakarta,Bawang Merah,2,naif,12.380987260027434,5125.0,22.0,5125.0,1.0
DI Yogyakarta,Bawang Merah,3,campuran,13.184038805201725,5583.333333333333,21.0,4702.380952380952,1.187
DI Yogyakarta,Bawang Merah,3,hanyut,13.087703751075704,5345.238095238095,21.0,4702.380952380952,1.137
DI Yogyakarta,Bawang Merah,3,musiman,18.792322972567245,8035.714285714285,21.0,4702.380952380952,1.709
DI Yogyakarta,Bawang Merah,3,naif,11.37477904717148,4702.380952380952,21.0,4702.380952380952,1.0
DI Yogyakarta,Beras,1,campuran,1.0723186879448996,159.7826086956522,23.0,41.30434782608695,3.868
DI Yogyakarta,Beras,1,hanyut,0.4812843922696381,71.73913043478277,23.0,41.30434782608695,1.737
DI Yogyakarta,Beras,1,musiman,2.2190946943946797,330.4347826086956,23.0,41.30434782608695,8.0
DI Yogyakarta,Beras,1,naif,0.27631001033957325,41.30434782608695,23.0,41.30434782608695,1.0
DI Yogyakarta,Beras,2,campuran,0.9663203664116594,144.3181818181818,22.0,81.81818181818181,1.764
DI Yogyakarta,Beras,2,hanyut,0.9604332700633159,143.18181818181802,22.0,81.81818181818181,1.75
DI Yogyakarta,Beras,2,musiman,2.058021186666857,306.8181818181818,22.0,81.81818181818181,3.75
DI Yogyakarta,Beras,2,naif,0.5474360822251683,81.81818181818181,22.0,81.81818181818181,1.0
DI Yogyakarta,Beras,3,campuran,0.9072695187811619,135.71428571428572,21.0,126.19047619047619,1.075
DI Yogyakarta,Beras,3,hanyut,1.4690804147538554,219.04761904761904,21.0,126.19047619047619,1.736
DI Yogyakarta,Beras,3,musiman,1.9946016951522034,297.6190476190476,21.0,126.19047619047619,2.358
DI Yogyakarta,Beras,3,naif,0.8443836847665342,126.19047619047619,21.0,126.19047619047619,1.0
DI Yogyakarta,Cabai Besar,1,campuran,28.36424144798781,12668.478260869566,23.0,9586.95652173913,1.321
DI Yogyakarta,Cabai Besar,1,hanyut,20.309638569388127,9851.44927536232,23.0,9586.95652173913,1.028
DI Yogyakarta,Cabai Besar,1,musiman,40.14941189824588,17380.434782608696,23.0,9586.95652173913,1.813
DI Yogyakarta,Cabai Besar,1,naif,19.7461842410374,9586.95652173913,23.0,9586.95652173913,1.0
DI Yogyakarta,Cabai Besar,2,campuran,31.247669013527847,13960.227272727272,22.0,13920.454545454546,1.003
DI Yogyakarta,Cabai Besar,2,hanyut,29.278148027393968,14484.848484848486,22.0,13920.454545454546,1.041
DI Yogyakarta,Cabai Besar,2,musiman,40.513346205309,17659.090909090908,22.0,13920.454545454546,1.269
DI Yogyakarta,Cabai Besar,2,naif,28.29443607037556,13920.454545454546,22.0,13920.454545454546,1.0
DI Yogyakarta,Cabai Besar,3,campuran,31.92083286001414,14285.714285714286,21.0,17238.095238095237,0.829
DI Yogyakarta,Cabai Besar,3,hanyut,36.07319705412641,18360.119047619046,21.0,17238.095238095237,1.065
DI Yogyakarta,Cabai Besar,3,musiman,39.84515057006398,17785.714285714286,21.0,17238.095238095237,1.032
DI Yogyakarta,Cabai Besar,3,naif,34.51069308346315,17238.095238095237,21.0,17238.095238095237,1.0
DI Yogyakarta,Cabai Rawit,1,campuran,31.515571637814553,15847.826086956522,23.0,17478.260869565216,0.907
DI Yogyakarta,Cabai Rawit,1,hanyut,35.384696054917605,18095.108695652172,23.0,17478.260869565216,1.035
DI Yogyakarta,Cabai Rawit,1,musiman,36.05565526086927,18195.652173913044,23.0,17478.260869565216,1.041
DI Yogyakarta,Cabai Rawit,1,naif,34.2950528206315,17478.260869565216,23.0,17478.260869565216,1.0
DI Yogyakarta,Cabai Rawit,2,campuran,34.562252279257486,17136.363636363636,22.0,21590.909090909092,0.794
DI Yogyakarta,Cabai Rawit,2,hanyut,46.25701233004653,22837.121212121212,22.0,21590.909090909092,1.058
DI Yogyakarta,Cabai Rawit,2,musiman,36.93697292424211,18795.454545454544,22.0,21590.909090909092,0.871
DI Yogyakarta,Cabai Rawit,2,naif,43.16002797052359,21590.909090909092,22.0,21590.909090909092,1.0
DI Yogyakarta,Cabai Rawit,3,campuran,36.53009533231937,18613.095238095237,21.0,26488.095238095237,0.703
DI Yogyakarta,Cabai Rawit,3,hanyut,55.904238062505286,29500.0,21.0,26488.095238095237,1.114
DI Yogyakarta,Cabai Rawit,3,musiman,38.329576030524706,19571.428571428572,21.0,26488.095238095237,0.739
DI Yogyakarta,Cabai Rawit,3,naif,49.57055103906304,26488.095238095237,21.0,26488.095238095237,1.0
DKI Jakarta,Bawang Merah,1,campuran,12.042988485113653,6151.086956521739,23.0,6339.130434782609,0.97
DKI Jakarta,Bawang Merah,1,hanyut,13.210846441986149,6446.920289855071,23.0,6339.130434782609,1.017
DKI Jakarta,Bawang Merah,1,musiman,17.18477300653553,8628.260869565218,23.0,6339.130434782609,1.361
DKI Jakarta,Bawang Merah,1,naif,12.911547376927526,6339.130434782609,23.0,6339.130434782609,1.0
DKI Jakarta,Bawang Merah,2,campuran,14.458926176116558,7330.681818181818,22.0,7586.363636363636,0.966
DKI Jakarta,Bawang Merah,2,hanyut,17.614401061776373,8574.242424242424,22.0,7586.363636363636,1.13
DKI Jakarta,Bawang Merah,2,musiman,17.616248702636796,8906.818181818182,22.0,7586.363636363636,1.174
DKI Jakarta,Bawang Merah,2,naif,15.47288175048292,7586.363636363636,22.0,7586.363636363636,1.0
DKI Jakarta,Bawang Merah,3,campuran,13.127944517069693,6664.285714285715,21.0,7866.666666666667,0.847
DKI Jakarta,Bawang Merah,3,hanyut,18.078893058162727,8791.07142857143,21.0,7866.666666666667,1.118
DKI Jakarta,Bawang Merah,3,musiman,18.327230830731963,9290.47619047619,21.0,7866.666666666667,1.181
DKI Jakarta,Bawang Merah,3,naif,16.09958477139411,7866.666666666667,21.0,7866.666666666667,1.0
DKI Jakarta,Beras,1,campuran,1.9816327912897642,327.7173913043478,23.0,69.56521739130434,4.711
DKI Jakarta,Beras,1,hanyut,0.5486332069847247,89.58333333333314,23.0,69.56521739130434,1.288
DKI Jakarta,Beras,1,musiman,3.59131000479611,594.5652173913044,23.0,69.56521739130434,8.547
DKI Jakarta,Beras,1,naif,0.42673147535335304,69.56521739130434,23.0,69.56521739130434,1.0
DKI Jakarta,Beras,2,campuran,2.1926509317759373,363.0681818181818,22.0,140.9090909090909,2.577
DKI Jakarta,Beras,2,hanyut,0.9505528820779328,154.7348484848486,22.0,140.9090909090909,1.098
DKI Jakarta,Beras,2,musiman,3.69627631037542,612.5,22.0,140.9090909090909,4.347
DKI Jakarta,Beras,2,naif,0.860912868686175,140.9090909090909,22.0,140.9090909090909,1.0
DKI Jakarta,Beras,3,campuran,2.4026758161213495,398.2142857142857,21.0,204.76190476190476,1.945
DKI Jakarta,Beras,3,hanyut,1.4023705854981563,228.86904761904762,21.0,204.76190476190476,1.118
DKI Jakarta,Beras,3,musiman,3.857026952749829,639.2857142857143,21.0,204.76190476190476,3.122
DKI Jakarta,Beras,3,naif,1.2483824047038599,204.76190476190476,21.0,204.76190476190476,1.0
DKI Jakarta,Cabai Besar,1,campuran,23.122216679426327,12852.173913043478,23.0,10997.826086956522,1.169
DKI Jakarta,Cabai Besar,1,hanyut,20.84461906688258,11778.260869565218,23.0,10997.826086956522,1.071
DKI Jakarta,Cabai Besar,1,musiman,36.271431102186966,20510.869565217392,23.0,10997.826086956522,1.865
DKI Jakarta,Cabai Besar,1,naif,19.53182242632883,10997.826086956522,23.0,10997.826086956522,1.0
DKI Jakarta,Cabai Besar,2,campuran,27.272335217496067,15056.818181818182,22.0,16154.545454545454,0.932
DKI Jakarta,Cabai Besar,2,hanyut,30.95481793440451,17788.636363636364,22.0,16154.545454545454,1.101
DKI Jakarta,Cabai Besar,2,musiman,36.861041606831826,20913.636363636364,22.0,16154.545454545454,1.295
DKI Jakarta,Cabai Besar,2,naif,28.19639784374941,16154.545454545454,22.0,16154.545454545454,1.0
DKI Jakarta,Cabai Besar,3,campuran,31.535015664845385,17626.190476190477,21.0,20557.14285714286,0.857
DKI Jakarta,Cabai Besar,3,hanyut,38.78021156386631,23106.54761904762,21.0,20557.14285714286,1.124
DKI Jakarta,Cabai Besar,3,musiman,38.087228773294704,21671.428571428572,21.0,20557.14285714286,1.054
DKI Jakarta,Cabai Besar,3,naif,35.10346283185821,20557.14285714286,21.0,20557.14285714286,1.0
DKI Jakarta,Cabai Rawit,1,campuran,28.313355525771428,19404.891304347828,23.0,22171.739130434784,0.875
DKI Jakarta,Cabai Rawit,1,hanyut,33.40889413369595,22960.960144927532,23.0,22171.739130434784,1.036
DKI Jakarta,Cabai Rawit,1,musiman,33.25709455267773,23738.043478260868,23.0,22171.739130434784,1.071
DKI Jakarta,Cabai Rawit,1,naif,32.287130285893795,22171.739130434784,23.0,22171.739130434784,1.0
DKI Jakarta,Cabai Rawit,2,campuran,31.094937648589838,21149.43181818182,22.0,25472.727272727272,0.83
DKI Jakarta,Cabai Rawit,2,hanyut,41.74926528883338,28068.371212121212,22.0,25472.727272727272,1.102
DKI Jakarta,Cabai Rawit,2,musiman,34.54876834801858,24703.409090909092,22.0,25472.727272727272,0.97
DKI Jakarta,Cabai Rawit,2,naif,37.52568441320182,25472.727272727272,22.0,25472.727272727272,1.0
DKI Jakarta,Cabai Rawit,3,campuran,33.78802206976815,23281.54761904762,21.0,30592.85714285714,0.761
DKI Jakarta,Cabai Rawit,3,hanyut,48.75488907693227,34116.96428571428,21.0,30592.85714285714,1.115
DKI Jakarta,Cabai Rawit,3,musiman,36.03474940387543,25798.809523809523,21.0,30592.85714285714,0.843
DKI Jakarta,Cabai Rawit,3,naif,44.19844707480754,30592.85714285714,21.0,30592.85714285714,1.0
Gorontalo,Bawang Merah,1,campuran,14.612018954094305,7438.04347826087,23.0,8732.608695652174,0.852
Gorontalo,Bawang Merah,1,hanyut,18.570191864607178,9071.920289855072,23.0,8732.608695652174,1.039
Gorontalo,Bawang Merah,1,musiman,18.598992045212984,9600.0,23.0,8732.608695652174,1.099
Gorontalo,Bawang Merah,1,naif,17.776497043385387,8732.608695652174,23.0,8732.608695652174,1.0
Gorontalo,Bawang Merah,2,campuran,19.10482178838711,9652.272727272728,22.0,10588.636363636364,0.912
Gorontalo,Bawang Merah,2,hanyut,24.299773567553988,11646.969696969698,22.0,10588.636363636364,1.1
Gorontalo,Bawang Merah,2,musiman,19.1731397774734,9952.272727272728,22.0,10588.636363636364,0.94
Gorontalo,Bawang Merah,2,naif,21.824725441383592,10588.636363636364,22.0,10588.636363636364,1.0
Gorontalo,Bawang Merah,3,campuran,16.91812341776695,8810.714285714286,21.0,9523.809523809523,0.925
Gorontalo,Bawang Merah,3,hanyut,22.696228410178087,11273.214285714286,21.0,9523.809523809523,1.184
Gorontalo,Bawang Merah,3,musiman,18.958158226147546,10007.142857142857,21.0,9523.809523809523,1.051
Gorontalo,Bawang Merah,3,naif,18.936510158799507,9523.809523809523,21.0,9523.809523809523,1.0
Gorontalo,Beras,1,campuran,3.349104605634788,514.1304347826087,23.0,267.39130434782606,1.923
Gorontalo,Beras,1,hanyut,2.020142630874117,309.42028985507227,23.0,267.39130434782606,1.157
Gorontalo,Beras,1,musiman,6.0680805757215195,930.4347826086956,23.0,267.39130434782606,3.48
Gorontalo,Beras,1,naif,1.7383395810891247,267.39130434782606,23.0,267.39130434782606,1.0
Gorontalo,Beras,2,campuran,3.423712108605318,530.6818181818181,22.0,472.72727272727275,1.123
Gorontalo,Beras,2,hanyut,3.752949353946892,576.5151515151517,22.0,472.72727272727275,1.22
Gorontalo,Beras,2,musiman,5.9192405767255325,911.3636363636364,22.0,472.72727272727275,1.928
Gorontalo,Beras,2,naif,3.0575371135547216,472.72727272727275,22.0,472.72727272727275,1.0
Gorontalo,Beras,3,campuran,3.7142121926019205,580.952380952381,21.0,657.1428571428571,0.884
Gorontalo,Beras,3,hanyut,5.308637145139934,816.6666666666666,21.0,657.1428571428571,1.243
Gorontalo,Beras,3,musiman,6.085768921868667,938.0952380952381,21.0,657.1428571428571,1.428
Gorontalo,Beras,3,naif,4.2377967302692054,657.1428571428571,21.0,657.1428571428571,1.0
Gorontalo,Cabai Rawit,1,campuran,33.77313287251994,19707.608695652172,23.0,20421.739130434784,0.965
Gorontalo,Cabai Rawit,1,hanyut,35.71373977658766,21256.521739130436,23.0,20421.739130434784,1.041
Gorontalo,Cabai Rawit,1,musiman,45.130348254229595,26989.130434782608,23.0,20421.739130434784,1.322
Gorontalo,Cabai Rawit,1,naif,34.79171948431638,20421.739130434784,23.0,20421.739130434784,1.0
Gorontalo,Cabai Rawit,2,campuran,30.782174297604488,18919.31818181818,22.0,20611.363636363636,0.918
Gorontalo,Cabai Rawit,2,hanyut,34.01986469522586,21908.333333333332,22.0,20611.363636363636,1.063
Gorontalo,Cabai Rawit,2,musiman,44.909000447603674,26700.0,22.0,20611.363636363636,1.295
Gorontalo,Cabai Rawit,2,naif,32.67644397312232,20611.363636363636,22.0,20611.363636363636,1.0
Gorontalo,Cabai Rawit,3,campuran,41.67256704563081,25022.619047619046,21.0,24900.0,1.005
Gorontalo,Cabai Rawit,3,hanyut,48.174009184518034,30008.928571428572,21.0,24900.0,1.205
Gorontalo,Cabai Rawit,3,musiman,45.54988198582057,26897.619047619046,21.0,24900.0,1.08
Gorontalo,Cabai Rawit,3,naif,40.79558675946909,24900.0,21.0,24900.0,1.0
Jambi,Bawang Merah,1,campuran,11.530678729563688,4563.04347826087,23.0,5671.739130434783,0.805
Jambi,Bawang Merah,1,hanyut,15.38334191978212,5890.760869565217,23.0,5671.739130434783,1.039
Jambi,Bawang Merah,1,musiman,15.365989715712548,6023.913043478261,23.0,5671.739130434783,1.062
Jambi,Bawang Merah,1,naif,14.763450123491339,5671.739130434783,23.0,5671.739130434783,1.0
Jambi,Bawang Merah,2,campuran,14.510638281363219,5596.590909090909,22.0,6956.818181818182,0.804
Jambi,Bawang Merah,2,hanyut,19.72834359327007,7247.348484848484,22.0,6956.818181818182,1.042
Jambi,Bawang Merah,2,musiman,16.01255504318059,6286.363636363636,22.0,6956.818181818182,0.904
Jambi,Bawang Merah,2,naif,18.72437358300403,6956.818181818182,22.0,6956.818181818182,1.0
Jambi,Bawang Merah,3,campuran,14.674614271298516,5655.952380952381,21.0,6690.476190476191,0.845
Jambi,Bawang Merah,3,hanyut,19.322511427119686,6956.547619047619,21.0,6690.476190476191,1.04
Jambi,Bawang Merah,3,musiman,15.633997466620459,6283.333333333333,21.0,6690.476190476191,0.939
Jambi,Bawang Merah,3,naif,18.29250274654117,6690.476190476191,21.0,6690.476190476191,1.0
Jambi,Beras,1,campuran,2.087632324752129,339.1304347826087,23.0,60.869565217391305,5.571
Jambi,Beras,1,hanyut,0.6209358864244712,100.3623188405795,23.0,60.869565217391305,1.649
Jambi,Beras,1,musiman,3.8266530112534154,621.7391304347826,23.0,60.869565217391305,10.214
Jambi,Beras,1,naif,0.3770288022178777,60.869565217391305,23.0,60.869565217391305,1.0
Jambi,Beras,2,campuran,2.2750255329932725,370.45454545454544,22.0,120.45454545454545,3.075
Jambi,Beras,2,hanyut,1.0424065785341412,169.6969696969698,22.0,120.45454545454545,1.409
Jambi,Beras,2,musiman,3.807484238443484,620.4545454545455,22.0,120.45454545454545,5.151
Jambi,Beras,2,naif,0.7425668275430606,120.45454545454545,22.0,120.45454545454545,1.0
Jambi,Beras,3,campuran,2.451926369190454,400.0,21.0,173.8095238095238,2.301
Jambi,Beras,3,hanyut,1.3942316938985682,227.38095238095238,21.0,173.8095238095238,1.308
Jambi,Beras,3,musiman,3.836655479373472,626.1904761904761,21.0,173.8095238095238,3.603
Jambi,Beras,3,naif,1.067197259007436,173.8095238095238,21.0,173.8095238095238,1.0
Jambi,Cabai Besar,1,campuran,34.564342620453644,13380.434782608696,23.0,10821.739130434782,1.236
Jambi,Cabai Besar,1,hanyut,26.50113774632061,11148.73188405797,23.0,10821.739130434782,1.03
Jambi,Cabai Besar,1,musiman,50.760449088401614,18913.043478260868,23.0,10821.739130434782,1.748
Jambi,Cabai Besar,1,naif,25.651107578383296,10821.739130434782,23.0,10821.739130434782,1.0
Jambi,Cabai Besar,2,campuran,44.06635356520072,17365.909090909092,22.0,16072.727272727272,1.08
Jambi,Cabai Besar,2,hanyut,41.98164220608824,17587.87878787879,22.0,16072.727272727272,1.094
Jambi,Cabai Besar,2,musiman,51.36706195667466,19272.727272727272,22.0,16072.727272727272,1.199
Jambi,Cabai Besar,2,naif,38.80074687483639,16072.727272727272,22.0,16072.727272727272,1.0
Jambi,Cabai Besar,3,campuran,49.23598914514158,20022.619047619046,21.0,21030.95238095238,0.952
Jambi,Cabai Besar,3,hanyut,57.2092794569136,24657.738095238095,21.0,21030.95238095238,1.172
Jambi,Cabai Besar,3,musiman,49.981694901519056,19357.14285714286,21.0,21030.95238095238,0.92
Jambi,Cabai Besar,3,naif,49.35794000176233,21030.95238095238,21.0,21030.95238095238,1.0
Jambi,Cabai Rawit,1,campuran,27.246159157085696,15838.04347826087,23.0,15384.782608695652,1.029
Jambi,Cabai Rawit,1,hanyut,26.45504966641992,15823.1884057971,23.0,15384.782608695652,1.028
Jambi,Cabai Rawit,1,musiman,34.64680324452614,20073.91304347826,23.0,15384.782608695652,1.305
Jambi,Cabai Rawit,1,naif,25.806452117649652,15384.782608695652,23.0,15384.782608695652,1.0
Jambi,Cabai Rawit,2,campuran,33.44414477397806,19455.68181818182,22.0,20397.727272727272,0.954
Jambi,Cabai Rawit,2,hanyut,39.04834211744577,22451.893939393936,22.0,20397.727272727272,1.101
Jambi,Cabai Rawit,2,musiman,35.492440630701736,20645.454545454544,22.0,20397.727272727272,1.012
Jambi,Cabai Rawit,2,naif,35.23773796996985,20397.727272727272,22.0,20397.727272727272,1.0
Jambi,Cabai Rawit,3,campuran,36.074826508387886,21666.666666666668,21.0,25552.380952380954,0.848
Jambi,Cabai Rawit,3,hanyut,49.302105014600464,30026.190476190477,21.0,25552.380952380954,1.175
Jambi,Cabai Rawit,3,musiman,36.88653276097504,21490.47619047619,21.0,25552.380952380954,0.841
Jambi,Cabai Rawit,3,naif,41.81058337050341,25552.380952380954,21.0,25552.380952380954,1.0
Jawa Barat,Bawang Merah,1,campuran,13.504903631546636,6195.652173913043,23.0,6045.652173913043,1.025
Jawa Barat,Bawang Merah,1,hanyut,13.829783283998315,6078.079710144928,23.0,6045.652173913043,1.005
Jawa Barat,Bawang Merah,1,musiman,18.161967705288973,8271.739130434782,23.0,6045.652173913043,1.368
Jawa Barat,Bawang Merah,1,naif,13.715217905497726,6045.652173913043,23.0,6045.652173913043,1.0
Jawa Barat,Bawang Merah,2,campuran,14.158303887327628,6564.772727272727,22.0,6668.181818181818,0.984
Jawa Barat,Bawang Merah,2,hanyut,16.385756867180735,7274.242424242423,22.0,6668.181818181818,1.091
Jawa Barat,Bawang Merah,2,musiman,18.952879657260983,8638.636363636364,22.0,6668.181818181818,1.296
Jawa Barat,Bawang Merah,2,naif,14.90553126356167,6668.181818181818,22.0,6668.181818181818,1.0
Jawa Barat,Bawang Merah,3,campuran,12.22547204662962,5715.476190476191,21.0,6700.0,0.853
Jawa Barat,Bawang Merah,3,hanyut,16.770077142933207,7533.333333333333,21.0,6700.0,1.124
Jawa Barat,Bawang Merah,3,musiman,19.223801293063403,8869.047619047618,21.0,6700.0,1.324
Jawa Barat,Bawang Merah,3,naif,14.805784819494788,6700.0,21.0,6700.0,1.0
Jawa Barat,Beras,1,campuran,1.5371283067055894,231.52173913043478,23.0,30.434782608695652,7.607
Jawa Barat,Beras,1,hanyut,0.42674783576519393,64.3115942028986,23.0,30.434782608695652,2.113
Jawa Barat,Beras,1,musiman,2.931317732699552,441.30434782608694,23.0,30.434782608695652,14.5
Jawa Barat,Beras,1,naif,0.20081487969855535,30.434782608695652,23.0,30.434782608695652,1.0
Jawa Barat,Beras,2,campuran,1.4088176079025232,212.5,22.0,59.09090909090909,3.596
Jawa Barat,Beras,2,hanyut,0.8324000979823158,125.3787878787879,22.0,59.09090909090909,2.122
Jawa Barat,Beras,2,musiman,2.5191049023677134,379.54545454545456,22.0,59.09090909090909,6.423
Jawa Barat,Beras,2,naif,0.3891393876340832,59.09090909090909,22.0,59.09090909090909,1.0
Jawa Barat,Beras,3,campuran,1.3874125004967737,209.52380952380952,21.0,78.57142857142857,2.667
Jawa Barat,Beras,3,hanyut,1.2835004059933,193.45238095238096,21.0,78.57142857142857,2.462
Jawa Barat,Beras,3,musiman,2.353347992956653,354.76190476190476,21.0,78.57142857142857,4.515
Jawa Barat,Beras,3,naif,0.5164008000525383,78.57142857142857,21.0,78.57142857142857,1.0
Jawa Barat,Cabai Besar,1,campuran,27.777421881336757,13371.739130434782,23.0,11541.304347826086,1.159
Jawa Barat,Cabai Besar,1,hanyut,24.500745190048526,12681.340579710146,23.0,11541.304347826086,1.099
Jawa Barat,Cabai Besar,1,musiman,42.7232708202059,20419.565217391304,23.0,11541.304347826086,1.769
Jawa Barat,Cabai Besar,1,naif,22.114446042714103,11541.304347826086,23.0,11541.304347826086,1.0
Jawa Barat,Cabai Besar,2,campuran,29.940323868986674,14477.272727272728,22.0,14752.272727272728,0.981
Jawa Barat,Cabai Besar,2,hanyut,31.907798363641003,16911.742424242428,22.0,14752.272727272728,1.146
Jawa Barat,Cabai Besar,2,musiman,43.23359844875499,20802.272727272728,22.0,14752.272727272728,1.41
Jawa Barat,Cabai Besar,2,naif,27.931879145778986,14752.272727272728,22.0,14752.272727272728,1.0
Jawa Barat,Cabai Besar,3,campuran,33.88111772386108,16846.428571428572,21.0,19190.47619047619,0.878
Jawa Barat,Cabai Besar,3,hanyut,41.273096737392784,22506.54761904762,21.0,19190.47619047619,1.173
Jawa Barat,Cabai Besar,3,musiman,41.867523028885714,20750.0,21.0,19190.47619047619,1.081
Jawa Barat,Cabai Besar,3,naif,35.36499563845565,19190.47619047619,21.0,19190.47619047619,1.0
Jawa Barat,Cabai Rawit,1,campuran,27.224729420719896,17253.260869565216,23.0,18743.478260869564,0.92
Jawa Barat,Cabai Rawit,1,hanyut,30.26515862520251,19113.22463768116,23.0,18743.478260869564,1.02
Jawa Barat,Cabai Rawit,1,musiman,32.84984387213945,21436.956521739132,23.0,18743.478260869564,1.144
Jawa Barat,Cabai Rawit,1,naif,29.66567150009994,18743.478260869564,23.0,18743.478260869564,1.0
Jawa Barat,Cabai Rawit,2,campuran,31.348540192910836,19561.363636363636,22.0,23368.18181818182,0.837
Jawa Barat,Cabai Rawit,2,hanyut,41.046070558104745,25152.651515151512,22.0,23368.18181818182,1.076
Jawa Barat,Cabai Rawit,2,musiman,34.13552969184392,22313.636363636364,22.0,23368.18181818182,0.955
Jawa Barat,Cabai Rawit,2,naif,37.90222487957907,23368.18181818182,22.0,23368.18181818182,1.0
Jawa Barat,Cabai Rawit,3,campuran,32.17150749339149,20339.285714285714,21.0,26923.809523809523,0.755
Jawa Barat,Cabai Rawit,3,hanyut,46.42170567398667,30028.571428571428,21.0,26923.809523809523,1.115
Jawa Barat,Cabai Rawit,3,musiman,35.52861709892377,23269.04761904762,21.0,26923.809523809523,0.864
Jawa Barat,Cabai Rawit,3,naif,41.835387203516575,26923.809523809523,21.0,26923.809523809523,1.0
Jawa Tengah,Bawang Merah,1,campuran,13.461421320000818,5810.869565217391,23.0,5845.652173913043,0.994
Jawa Tengah,Bawang Merah,1,hanyut,14.23870098253475,5923.731884057971,23.0,5845.652173913043,1.013
Jawa Tengah,Bawang Merah,1,musiman,19.028701869539432,8093.478260869565,23.0,5845.652173913043,1.385
Jawa Tengah,Bawang Merah,1,naif,14.036953524125368,5845.652173913043,23.0,5845.652173913043,1.0
Jawa Tengah,Bawang Merah,2,campuran,14.47636954986068,6267.045454545455,22.0,6529.545454545455,0.96
Jawa Tengah,Bawang Merah,2,hanyut,17.243866191196734,7128.787878787879,22.0,6529.545454545455,1.092
Jawa Tengah,Bawang Merah,2,musiman,19.69097928514965,8413.636363636364,22.0,6529.545454545455,1.289
Jawa Tengah,Bawang Merah,2,naif,15.665518145723073,6529.545454545455,22.0,6529.545454545455,1.0
Jawa Tengah,Bawang Merah,3,campuran,13.204473882883166,5778.571428571428,21.0,6357.142857142857,0.909
Jawa Tengah,Bawang Merah,3,hanyut,16.36927761260158,6917.261904761905,21.0,6357.142857142857,1.088
Jawa Tengah,Bawang Merah,3,musiman,19.697746290135296,8566.666666666666,21.0,6357.142857142857,1.348
Jawa Tengah,Bawang Merah,3,naif,14.970814790707799,6357.142857142857,21.0,6357.142857142857,1.0
Jawa Tengah,Beras,1,campuran,1.885422656582085,289.1304347826087,23.0,54.34782608695652,5.32
Jawa Tengah,Beras,1,hanyut,0.504427765241699,77.17391304347849,23.0,54.34782608695652,1.42
Jawa Tengah,Beras,1,musiman,3.646811776502539,558.695652173913,23.0,54.34782608695652,10.28
Jawa Tengah,Beras,1,naif,0.3535682090213602,54.34782608695652,23.0,54.34782608695652,1.0
Jawa Tengah,Beras,2,campuran,1.817717739631465,279.54545454545456,22.0,93.18181818181819,3.0
Jawa Tengah,Beras,2,hanyut,0.8825898927618833,134.4696969696969,22.0,93.18181818181819,1.443
Jawa Tengah,Beras,2,musiman,3.3911430763977477,520.4545454545455,22.0,93.18181818181819,5.585
Jawa Tengah,Beras,2,naif,0.6055500177327514,93.18181818181819,22.0,93.18181818181819,1.0
Jawa Tengah,Beras,3,campuran,1.8146541844432114,279.76190476190476,21.0,130.95238095238096,2.136
Jawa Tengah,Beras,3,hanyut,1.157646275556468,176.1904761904762,21.0,130.95238095238096,1.345
Jawa Tengah,Beras,3,musiman,3.221500252221167,495.23809523809524,21.0,130.95238095238096,3.782
Jawa Tengah,Beras,3,naif,0.8506851802913523,130.95238095238096,21.0,130.95238095238096,1.0
Jawa Tengah,Cabai Besar,1,campuran,30.76403804185358,11535.869565217392,23.0,8169.565217391304,1.412
Jawa Tengah,Cabai Besar,1,hanyut,20.65432057517601,8479.166666666668,23.0,8169.565217391304,1.038
Jawa Tengah,Cabai Besar,1,musiman,44.70621689586004,16280.434782608696,23.0,8169.565217391304,1.993
Jawa Tengah,Cabai Besar,1,naif,19.919634221112155,8169.565217391304,23.0,8169.565217391304,1.0
Jawa Tengah,Cabai Besar,2,campuran,34.46870745949152,13144.318181818182,22.0,11652.272727272728,1.128
Jawa Tengah,Cabai Besar,2,hanyut,31.19576823376814,13057.575757575756,22.0,11652.272727272728,1.121
Jawa Tengah,Cabai Besar,2,musiman,45.139136948555105,16559.090909090908,22.0,11652.272727272728,1.421
Jawa Tengah,Cabai Besar,2,naif,27.79020469801286,11652.272727272728,22.0,11652.272727272728,1.0
Jawa Tengah,Cabai Besar,3,campuran,37.63145417864318,14697.619047619048,21.0,15388.095238095239,0.955
Jawa Tengah,Cabai Besar,3,hanyut,41.38403742637375,18040.47619047619,21.0,15388.095238095239,1.172
Jawa Tengah,Cabai Besar,3,musiman,44.6255169972884,16707.14285714286,21.0,15388.095238095239,1.086
Jawa Tengah,Cabai Besar,3,naif,35.50352575917878,15388.095238095239,21.0,15388.095238095239,1.0
Jawa Tengah,Cabai Rawit,1,campuran,37.97630779100311,18084.782608695652,23.0,20473.91304347826,0.883
Jawa Tengah,Cabai Rawit,1,hanyut,43.11940875484333,21167.391304347828,23.0,20473.91304347826,1.034
Jawa Tengah,Cabai Rawit,1,musiman,44.3602311754503,21486.956521739132,23.0,20473.91304347826,1.049
Jawa Tengah,Cabai Rawit,1,naif,41.902820989219514,20473.91304347826,23.0,20473.91304347826,1.0
Jawa Tengah,Cabai Rawit,2,campuran,39.59886927322915,18857.954545454544,22.0,22988.636363636364,0.82
Jawa Tengah,Cabai Rawit,2,hanyut,52.119976482054895,25028.409090909085,22.0,22988.636363636364,1.089
Jawa Tengah,Cabai Rawit,2,musiman,45.97384352462209,22336.363636363636,22.0,22988.636363636364,0.972
Jawa Tengah,Cabai Rawit,2,naif,47.33655193796951,22988.636363636364,22.0,22988.636363636364,1.0
Jawa Tengah,Cabai Rawit,3,campuran,41.42391044265254,19872.619047619046,21.0,27116.666666666668,0.733
Jawa Tengah,Cabai Rawit,3,hanyut,57.92987520913299,29962.5,21.0,27116.666666666668,1.105
Jawa Tengah,Cabai Rawit,3,musiman,47.79579959924948,23261.904761904763,21.0,27116.666666666668,0.858
Jawa Tengah,Cabai Rawit,3,naif,52.71170846258262,27116.666666666668,21.0,27116.666666666668,1.0
Jawa Timur,Bawang Merah,1,campuran,14.651939887586844,5996.739130434783,23.0,5621.739130434783,1.067
Jawa Timur,Bawang Merah,1,hanyut,14.434080629611156,5756.159420289855,23.0,5621.739130434783,1.024
Jawa Timur,Bawang Merah,1,musiman,21.102670307057576,8567.391304347826,23.0,5621.739130434783,1.524
Jawa Timur,Bawang Merah,1,naif,14.034368757660335,5621.739130434783,23.0,5621.739130434783,1.0
Jawa Timur,Bawang Merah,2,campuran,15.801097836716767,6482.954545454545,22.0,6777.272727272727,0.957
Jawa Timur,Bawang Merah,2,hanyut,18.49798680257325,7274.242424242425,22.0,6777.272727272727,1.073
Jawa Timur,Bawang Merah,2,musiman,21.796900938625825,8897.727272727272,22.0,6777.272727272727,1.313
Jawa Timur,Bawang Merah,2,naif,17.081995241098184,6777.272727272727,22.0,6777.272727272727,1.0
Jawa Timur,Bawang Merah,3,campuran,13.740258063794927,5764.285714285715,21.0,6607.142857142857,0.872
Jawa Timur,Bawang Merah,3,hanyut,17.723168832964888,7188.690476190476,21.0,6607.142857142857,1.088
Jawa Timur,Bawang Merah,3,musiman,21.842387489668315,9073.809523809523,21.0,6607.142857142857,1.373
Jawa Timur,Bawang Merah,3,naif,16.213299091333962,6607.142857142857,21.0,6607.142857142857,1.0
Jawa Timur,Beras,1,campuran,2.4660160347814055,354.3478260869565,23.0,100.0,3.543
Jawa Timur,Beras,1,hanyut,0.889524490754004,127.3550724637681,23.0,100.0,1.274
Jawa Timur,Beras,1,musiman,4.634557952180917,665.2173913043479,23.0,100.0,6.652
Jawa Timur,Beras,1,naif,0.6917955144428173,100.0,23.0,100.0,1.0
Jawa Timur,Beras,2,campuran,2.5026709043103414,361.3636363636364,22.0,170.45454545454547,2.12
Jawa Timur,Beras,2,hanyut,1.5535916484951102,222.348484848485,22.0,170.45454545454547,1.304
Jawa Timur,Beras,2,musiman,4.498112239263522,647.7272727272727,22.0,170.45454545454547,3.8
Jawa Timur,Beras,2,naif,1.1769471214009806,170.45454545454547,22.0,170.45454545454547,1.0
Jawa Timur,Beras,3,campuran,2.6666795873297415,385.7142857142857,21.0,223.8095238095238,1.723
Jawa Timur,Beras,3,hanyut,2.0509356932161467,293.45238095238096,21.0,223.8095238095238,1.311
Jawa Timur,Beras,3,musiman,4.625727973600745,666.6666666666666,21.0,223.8095238095238,2.979
Jawa Timur,Beras,3,naif,1.545740045336392,223.8095238095238,21.0,223.8095238095238,1.0
Jawa Timur,Cabai Besar,1,campuran,40.35700819128859,12220.652173913044,23.0,10536.95652173913,1.16
Jawa Timur,Cabai Besar,1,hanyut,34.30667615029312,11481.159420289856,23.0,10536.95652173913,1.09
Jawa Timur,Cabai Besar,1,musiman,63.26151424052586,19447.82608695652,23.0,10536.95652173913,1.846
Jawa Timur,Cabai Besar,1,naif,31.302210736437974,10536.95652173913,23.0,10536.95652173913,1.0
Jawa Timur,Cabai Besar,2,campuran,46.26106754340982,14388.636363636364,22.0,14675.0,0.98
Jawa Timur,Cabai Besar,2,hanyut,47.23228319919426,16681.439393939396,22.0,14675.0,1.137
Jawa Timur,Cabai Besar,2,musiman,63.163096894983816,19652.272727272728,22.0,14675.0,1.339
Jawa Timur,Cabai Besar,2,naif,41.72119825125619,14675.0,22.0,14675.0,1.0
Jawa Timur,Cabai Besar,3,campuran,51.3999127653444,16942.85714285714,21.0,19514.285714285714,0.868
Jawa Timur,Cabai Besar,3,hanyut,60.86596572273384,22648.214285714286,21.0,19514.285714285714,1.161
Jawa Timur,Cabai Besar,3,musiman,61.111339604268764,19738.095238095237,21.0,19514.285714285714,1.011
Jawa Timur,Cabai Besar,3,naif,53.06310295781137,19514.285714285714,21.0,19514.285714285714,1.0
Jawa Timur,Cabai Rawit,1,campuran,40.908457121081774,18819.565217391304,23.0,22634.782608695652,0.831
Jawa Timur,Cabai Rawit,1,hanyut,48.3221437754965,23291.1231884058,23.0,22634.782608695652,1.029
Jawa Timur,Cabai Rawit,1,musiman,47.25315164510342,22208.695652173912,23.0,22634.782608695652,0.981
Jawa Timur,Cabai Rawit,1,naif,47.05974940591277,22634.782608695652,23.0,22634.782608695652,1.0
Jawa Timur,Cabai Rawit,2,campuran,46.819739544058244,21298.863636363636,22.0,25640.909090909092,0.831
Jawa Timur,Cabai Rawit,2,hanyut,61.45797811898277,27343.18181818182,22.0,25640.909090909092,1.066
Jawa Timur,Cabai Rawit,2,musiman,48.908141561063765,23075.0,22.0,25640.909090909092,0.9
Jawa Timur,Cabai Rawit,2,naif,56.36029004682901,25640.909090909092,22.0,25640.909090909092,1.0
Jawa Timur,Cabai Rawit,3,campuran,47.74727993121265,21866.666666666668,21.0,30123.809523809523,0.726
Jawa Timur,Cabai Rawit,3,hanyut,68.90655093182282,33185.71428571428,21.0,30123.809523809523,1.102
Jawa Timur,Cabai Rawit,3,musiman,51.19924770398973,24161.904761904763,21.0,30123.809523809523,0.802
Jawa Timur,Cabai Rawit,3,naif,62.4408920306848,30123.809523809523,21.0,30123.809523809523,1.0
Kalimantan Barat,Bawang Merah,1,campuran,15.768749051038824,7333.152173913043,23.0,7943.478260869565,0.923
Kalimantan Barat,Bawang Merah,1,hanyut,18.49243010851065,8219.112318840578,23.0,7943.478260869565,1.035
Kalimantan Barat,Bawang Merah,1,musiman,20.447303438397835,9731.521739130434,23.0,7943.478260869565,1.225
Kalimantan Barat,Bawang Merah,1,naif,17.79200078730756,7943.478260869565,23.0,7943.478260869565,1.0
Kalimantan Barat,Bawang Merah,2,campuran,17.235465121176443,8186.931818181818,22.0,9286.363636363636,0.882
Kalimantan Barat,Bawang Merah,2,hanyut,21.929635905097236,9914.962121212122,22.0,9286.363636363636,1.068
Kalimantan Barat,Bawang Merah,2,musiman,21.068284763519816,10087.5,22.0,9286.363636363636,1.086
Kalimantan Barat,Bawang Merah,2,naif,20.31762428836914,9286.363636363636,22.0,9286.363636363636,1.0
Kalimantan Barat,Bawang Merah,3,campuran,20.19417441532027,9800.595238095239,21.0,12519.047619047618,0.783
Kalimantan Barat,Bawang Merah,3,hanyut,30.667071838057105,14142.559523809523,21.0,12519.047619047618,1.13
Kalimantan Barat,Bawang Merah,3,musiman,21.725515657679846,10467.857142857143,21.0,12519.047619047618,0.836
Kalimantan Barat,Bawang Merah,3,naif,26.721377778590504,12519.047619047618,21.0,12519.047619047618,1.0
Kalimantan Barat,Beras,1,campuran,2.122594182217486,354.3478260869565,23.0,163.04347826086956,2.173
Kalimantan Barat,Beras,1,hanyut,1.1549212249865992,190.2173913043478,23.0,163.04347826086956,1.167
Kalimantan Barat,Beras,1,musiman,3.444800193637169,576.0869565217391,23.0,163.04347826086956,3.533
Kalimantan Barat,Beras,1,naif,0.9891483595579913,163.04347826086956,23.0,163.04347826086956,1.0
Kalimantan Barat,Beras,2,campuran,2.2044903188504184,369.3181818181818,22.0,234.0909090909091,1.578
Kalimantan Barat,Beras,2,hanyut,1.6231119784919714,269.3181818181818,22.0,234.0909090909091,1.15
Kalimantan Barat,Beras,2,musiman,3.117823026423384,522.7272727272727,22.0,234.0909090909091,2.233
Kalimantan Barat,Beras,2,naif,1.406597726717568,234.0909090909091,22.0,234.0909090909091,1.0
Kalimantan Barat,Beras,3,campuran,2.151024985700683,361.9047619047619,21.0,269.04761904761904,1.345
Kalimantan Barat,Beras,3,hanyut,2.0233905702979254,338.0952380952381,21.0,269.04761904761904,1.257
Kalimantan Barat,Beras,3,musiman,2.8465484245552832,478.57142857142856,21.0,269.04761904761904,1.779
Kalimantan Barat,Beras,3,naif,1.6046993730256802,269.04761904761904,21.0,269.04761904761904,1.0
Kalimantan Barat,Cabai Besar,1,campuran,14.284448884323647,8247.826086956522,23.0,9106.521739130434,0.906
Kalimantan Barat,Cabai Besar,1,hanyut,16.28227976491477,9511.594202898548,23.0,9106.521739130434,1.044
Kalimantan Barat,Cabai Besar,1,musiman,14.837367637161341,8502.173913043478,23.0,9106.521739130434,0.934
Kalimantan Barat,Cabai Besar,1,naif,15.581440932258756,9106.521739130434,23.0,9106.521739130434,1.0
Kalimantan Barat,Cabai Besar,2,campuran,14.157898895221155,8297.727272727272,22.0,9863.636363636364,0.841
Kalimantan Barat,Cabai Besar,2,hanyut,17.84638906987913,10547.727272727272,22.0,9863.636363636364,1.069
Kalimantan Barat,Cabai Besar,2,musiman,14.988018616478477,8627.272727272728,22.0,9863.636363636364,0.875
Kalimantan Barat,Cabai Besar,2,naif,16.572199231599747,9863.636363636364,22.0,9863.636363636364,1.0
Kalimantan Barat,Cabai Besar,3,campuran,17.50701923907464,10102.380952380952,21.0,11680.952380952382,0.865
Kalimantan Barat,Cabai Besar,3,hanyut,22.258625775371076,12810.714285714286,21.0,11680.952380952382,1.097
Kalimantan Barat,Cabai Besar,3,musiman,15.217137042412752,8804.761904761905,21.0,11680.952380952382,0.754
Kalimantan Barat,Cabai Besar,3,naif,20.230285673785485,11680.952380952382,21.0,11680.952380952382,1.0
Kalimantan Barat,Cabai Rawit,1,campuran,21.595755498210227,14660.326086956522,23.0,17678.260869565216,0.829
Kalimantan Barat,Cabai Rawit,1,hanyut,26.32537818531032,18728.170289855072,23.0,17678.260869565216,1.059
Kalimantan Barat,Cabai Rawit,1,musiman,28.225437894920642,19490.217391304348,23.0,17678.260869565216,1.102
Kalimantan Barat,Cabai Rawit,1,naif,24.969328299199073,17678.260869565216,23.0,17678.260869565216,1.0
Kalimantan Barat,Cabai Rawit,2,campuran,25.787030073010254,17575.56818181818,22.0,20377.272727272728,0.863
Kalimantan Barat,Cabai Rawit,2,hanyut,30.41673882862791,21248.67424242424,22.0,20377.272727272728,1.043
Kalimantan Barat,Cabai Rawit,2,musiman,27.981163811453204,19228.409090909092,22.0,20377.272727272728,0.944
Kalimantan Barat,Cabai Rawit,2,naif,29.30517525703466,20377.272727272728,22.0,20377.272727272728,1.0
Kalimantan Barat,Cabai Rawit,3,campuran,29.27691004863676,19770.833333333332,21.0,24011.904761904763,0.823
Kalimantan Barat,Cabai Rawit,3,hanyut,38.75967815189424,26209.821428571428,21.0,24011.904761904763,1.092
Kalimantan Barat,Cabai Rawit,3,musiman,28.921912663026774,19886.904761904763,21.0,24011.904761904763,0.828
Kalimantan Barat,Cabai Rawit,3,naif,35.54305704656381,24011.904761904763,21.0,24011.904761904763,1.0
Kalimantan Selatan,Bawang Merah,1,campuran,14.379278692686128,6114.130434782609,23.0,5732.608695652174,1.067
Kalimantan Selatan,Bawang Merah,1,hanyut,14.217772716343347,5846.557971014493,23.0,5732.608695652174,1.02
Kalimantan Selatan,Bawang Merah,1,musiman,20.55547035088137,8808.695652173914,23.0,5732.608695652174,1.537
Kalimantan Selatan,Bawang Merah,1,naif,13.91401359026901,5732.608695652174,23.0,5732.608695652174,1.0
Kalimantan Selatan,Bawang Merah,2,campuran,16.5018338152768,7129.545454545455,22.0,8643.181818181818,0.825
Kalimantan Selatan,Bawang Merah,2,hanyut,22.825407199367117,9368.560606060606,22.0,8643.181818181818,1.084
Kalimantan Selatan,Bawang Merah,2,musiman,21.152095417944068,9125.0,22.0,8643.181818181818,1.056
Kalimantan Selatan,Bawang Merah,2,naif,20.87574981270289,8643.181818181818,22.0,8643.181818181818,1.0
Kalimantan Selatan,Bawang Merah,3,campuran,15.640852084247825,7010.714285714285,21.0,8250.0,0.85
Kalimantan Selatan,Bawang Merah,3,hanyut,21.85746864091688,9187.5,21.0,8250.0,1.114
Kalimantan Selatan,Bawang Merah,3,musiman,21.444621790640454,9361.904761904761,21.0,8250.0,1.135
Kalimantan Selatan,Bawang Merah,3,naif,19.421806322508115,8250.0,21.0,8250.0,1.0
Kalimantan Selatan,Beras,1,campuran,7.569027911785864,1260.8695652173913,23.0,313.04347826086956,4.028
Kalimantan Selatan,Beras,1,hanyut,2.2437030527646065,377.5362318840578,23.0,313.04347826086956,1.206
Kalimantan Selatan,Beras,1,musiman,13.563293573416423,2247.8260869565215,23.0,313.04347826086956,7.181
Kalimantan Selatan,Beras,1,naif,1.8178084289292704,313.04347826086956,23.0,313.04347826086956,1.0
Kalimantan Selatan,Beras,2,campuran,8.540798921813057,1426.1363636363637,22.0,581.8181818181819,2.451
Kalimantan Selatan,Beras,2,hanyut,4.254190795865817,714.0151515151517,22.0,581.8181818181819,1.227
Kalimantan Selatan,Beras,2,musiman,14.09287199466213,2334.090909090909,22.0,581.8181818181819,4.012
Kalimantan Selatan,Beras,2,naif,3.38486503586404,581.8181818181819,22.0,581.8181818181819,1.0
Kalimantan Selatan,Beras,3,campuran,9.481129711555031,1583.3333333333333,21.0,854.7619047619048,1.852
Kalimantan Selatan,Beras,3,hanyut,6.723277853335931,1127.3809523809523,21.0,854.7619047619048,1.319
Kalimantan Selatan,Beras,3,musiman,14.50231801847911,2397.6190476190477,21.0,854.7619047619048,2.805
Kalimantan Selatan,Beras,3,naif,4.99417683793471,854.7619047619048,21.0,854.7619047619048,1.0
Kalimantan Selatan,Cabai Besar,1,campuran,21.93124765023315,10564.130434782608,23.0,10950.0,0.965
Kalimantan Selatan,Cabai Besar,1,hanyut,22.82926960343088,11810.869565217392,23.0,10950.0,1.079
Kalimantan Selatan,Cabai Besar,1,musiman,36.49327415704222,16739.130434782608,23.0,10950.0,1.529
Kalimantan Selatan,Cabai Besar,1,naif,21.36519212572138,10950.0,23.0,10950.0,1.0
Kalimantan Selatan,Cabai Besar,2,campuran,24.211193660983223,11289.772727272728,22.0,13868.181818181818,0.814
Kalimantan Selatan,Cabai Besar,2,hanyut,33.11668315806725,15867.803030303028,22.0,13868.181818181818,1.144
Kalimantan Selatan,Cabai Besar,2,musiman,37.39637752781687,17197.727272727272,22.0,13868.181818181818,1.24
Kalimantan Selatan,Cabai Besar,2,naif,29.246464177405546,13868.181818181818,22.0,13868.181818181818,1.0
Kalimantan Selatan,Cabai Besar,3,campuran,23.13250635392861,11409.52380952381,21.0,14588.095238095239,0.782
Kalimantan Selatan,Cabai Besar,3,hanyut,33.826933513642224,17427.97619047619,21.0,14588.095238095239,1.195
Kalimantan Selatan,Cabai Besar,3,musiman,36.69967993261639,17283.333333333332,21.0,14588.095238095239,1.185
Kalimantan Selatan,Cabai Besar,3,naif,28.322256420177883,14588.095238095239,21.0,14588.095238095239,1.0
Kalimantan Selatan,Cabai Rawit,1,campuran,27.047410602721662,16214.130434782608,23.0,18108.695652173912,0.895
Kalimantan Selatan,Cabai Rawit,1,hanyut,31.933853628701726,18986.413043478264,23.0,18108.695652173912,1.048
Kalimantan Selatan,Cabai Rawit,1,musiman,32.642865453643836,20236.956521739132,23.0,18108.695652173912,1.118
Kalimantan Selatan,Cabai Rawit,1,naif,30.323271102579085,18108.695652173912,23.0,18108.695652173912,1.0
Kalimantan Selatan,Cabai Rawit,2,campuran,30.399482915373195,17738.636363636364,22.0,22265.909090909092,0.797
Kalimantan Selatan,Cabai Rawit,2,hanyut,39.91843364436607,23375.378787878788,22.0,22265.909090909092,1.05
Kalimantan Selatan,Cabai Rawit,2,musiman,34.088354553211374,21138.636363636364,22.0,22265.909090909092,0.949
Kalimantan Selatan,Cabai Rawit,2,naif,38.02855757777742,22265.909090909092,22.0,22265.909090909092,1.0
Kalimantan Selatan,Cabai Rawit,3,campuran,34.48732919437528,20003.571428571428,21.0,27547.619047619046,0.726
Kalimantan Selatan,Cabai Rawit,3,hanyut,51.855032123546806,31092.261904761905,21.0,27547.619047619046,1.129
Kalimantan Selatan,Cabai Rawit,3,musiman,35.16387870251476,21911.904761904763,21.0,27547.619047619046,0.795
Kalimantan Selatan,Cabai Rawit,3,naif,46.99311958677437,27547.619047619046,21.0,27547.619047619046,1.0
Kalimantan Tengah,Bawang Merah,1,campuran,13.333310751233785,6011.95652173913,23.0,5702.173913043478,1.054
Kalimantan Tengah,Bawang Merah,1,hanyut,13.414765866912362,5846.014492753622,23.0,5702.173913043478,1.025
Kalimantan Tengah,Bawang Merah,1,musiman,18.54535481865988,8443.478260869566,23.0,5702.173913043478,1.481
Kalimantan Tengah,Bawang Merah,1,naif,13.07743016580743,5702.173913043478,23.0,5702.173913043478,1.0
Kalimantan Tengah,Bawang Merah,2,campuran,15.095418202625135,6893.181818181818,22.0,8361.363636363636,0.824
Kalimantan Tengah,Bawang Merah,2,hanyut,20.797117486969178,9037.878787878788,22.0,8361.363636363636,1.081
Kalimantan Tengah,Bawang Merah,2,musiman,19.36353210380558,8820.454545454546,22.0,8361.363636363636,1.055
Kalimantan Tengah,Bawang Merah,2,naif,19.056762332232143,8361.363636363636,22.0,8361.363636363636,1.0
Kalimantan Tengah,Bawang Merah,3,campuran,14.446895454744322,6807.142857142857,21.0,8038.0952380952385,0.847
Kalimantan Tengah,Bawang Merah,3,hanyut,20.148135824559656,8983.92857142857,21.0,8038.0952380952385,1.118
Kalimantan Tengah,Bawang Merah,3,musiman,19.605332952286115,9038.095238095239,21.0,8038.0952380952385,1.124
Kalimantan Tengah,Bawang Merah,3,naif,17.8076855427118,8038.0952380952385,21.0,8038.0952380952385,1.0
Kalimantan Tengah,Beras,1,campuran,1.6813255314900724,311.95652173913044,23.0,123.91304347826087,2.518
Kalimantan Tengah,Beras,1,hanyut,0.8666197700820247,159.60144927536226,23.0,123.91304347826087,1.288
Kalimantan Tengah,Beras,1,musiman,3.219420618993113,595.6521739130435,23.0,123.91304347826087,4.807
Kalimantan Tengah,Beras,1,naif,0.6695517666469529,123.91304347826087,23.0,123.91304347826087,1.0
Kalimantan Tengah,Beras,2,campuran,1.5690552395182906,292.04545454545456,22.0,250.0,1.168
Kalimantan Tengah,Beras,2,hanyut,1.7391537604711234,320.45454545454544,22.0,250.0,1.282
Kalimantan Tengah,Beras,2,musiman,2.7883623424608595,515.9090909090909,22.0,250.0,2.064
Kalimantan Tengah,Beras,2,naif,1.3489311387181129,250.0,22.0,250.0,1.0
Kalimantan Tengah,Beras,3,campuran,1.585575900646346,296.42857142857144,21.0,311.9047619047619,0.95
Kalimantan Tengah,Beras,3,hanyut,2.3450748896197218,433.3333333333333,21.0,311.9047619047619,1.389
Kalimantan Tengah,Beras,3,musiman,2.4384278682270972,452.3809523809524,21.0,311.9047619047619,1.45
Kalimantan Tengah,Beras,3,naif,1.6752568829845198,311.9047619047619,21.0,311.9047619047619,1.0
Kalimantan Tengah,Cabai Besar,1,campuran,16.552903664907596,13135.869565217392,23.0,14343.478260869566,0.916
Kalimantan Tengah,Cabai Besar,1,hanyut,18.603690406974376,15422.46376811594,23.0,14343.478260869566,1.075
Kalimantan Tengah,Cabai Besar,1,musiman,20.583742106254594,15736.95652173913,23.0,14343.478260869566,1.097
Kalimantan Tengah,Cabai Besar,1,naif,17.32687101667603,14343.478260869566,23.0,14343.478260869566,1.0
Kalimantan Tengah,Cabai Besar,2,campuran,19.707626746966653,15553.40909090909,22.0,18520.454545454544,0.84
Kalimantan Tengah,Cabai Besar,2,hanyut,25.242726643409362,20549.621212121212,22.0,18520.454545454544,1.11
Kalimantan Tengah,Cabai Besar,2,musiman,21.431954160035396,16395.454545454544,22.0,18520.454545454544,0.885
Kalimantan Tengah,Cabai Besar,2,naif,22.762858990850557,18520.454545454544,22.0,18520.454545454544,1.0
Kalimantan Tengah,Cabai Besar,3,campuran,20.186175304118763,16176.190476190477,21.0,19911.904761904763,0.812
Kalimantan Tengah,Cabai Besar,3,hanyut,27.78671292907252,22648.214285714286,21.0,19911.904761904763,1.137
Kalimantan Tengah,Cabai Besar,3,musiman,22.013261986898115,16907.14285714286,21.0,19911.904761904763,0.849
Kalimantan Tengah,Cabai Besar,3,naif,24.385002851897447,19911.904761904763,21.0,19911.904761904763,1.0
Kalimantan Tengah,Cabai Rawit,1,campuran,25.25629301872953,19563.043478260868,23.0,22254.347826086956,0.879
Kalimantan Tengah,Cabai Rawit,1,hanyut,29.62408245509928,23159.782608695652,23.0,22254.347826086956,1.041
Kalimantan Tengah,Cabai Rawit,1,musiman,29.87216437702275,23393.478260869564,23.0,22254.347826086956,1.051
Kalimantan Tengah,Cabai Rawit,1,naif,28.277163760302358,22254.347826086956,23.0,22254.347826086956,1.0
Kalimantan Tengah,Cabai Rawit,2,campuran,27.87984035544945,21657.954545454544,22.0,26418.18181818182,0.82
Kalimantan Tengah,Cabai Rawit,2,hanyut,35.39338166549237,27946.969696969692,22.0,26418.18181818182,1.058
Kalimantan Tengah,Cabai Rawit,2,musiman,30.21988902042278,23775.0,22.0,26418.18181818182,0.9
Kalimantan Tengah,Cabai Rawit,2,naif,33.142884468410884,26418.18181818182,22.0,26418.18181818182,1.0
Kalimantan Tengah,Cabai Rawit,3,campuran,29.887266495677835,22884.52380952381,21.0,28269.04761904762,0.81
Kalimantan Tengah,Cabai Rawit,3,hanyut,40.95166781187214,31980.35714285714,21.0,28269.04761904762,1.131
Kalimantan Tengah,Cabai Rawit,3,musiman,31.06186175765902,24519.04761904762,21.0,28269.04761904762,0.867
Kalimantan Tengah,Cabai Rawit,3,naif,36.44204153720037,28269.04761904762,21.0,28269.04761904762,1.0
Kalimantan Timur,Bawang Merah,1,campuran,11.772760898276344,5395.652173913043,23.0,4791.304347826087,1.126
Kalimantan Timur,Bawang Merah,1,hanyut,11.076374818920662,4940.579710144928,23.0,4791.304347826087,1.031
Kalimantan Timur,Bawang Merah,1,musiman,17.05313428017125,7873.913043478261,23.0,4791.304347826087,1.643
Kalimantan Timur,Bawang Merah,1,naif,10.724000781824552,4791.304347826087,23.0,4791.304347826087,1.0
Kalimantan Timur,Bawang Merah,2,campuran,13.454692238396074,6325.0,22.0,7086.363636363636,0.893
Kalimantan Timur,Bawang Merah,2,hanyut,17.197840959817068,7771.969696969697,22.0,7086.363636363636,1.097
Kalimantan Timur,Bawang Merah,2,musiman,17.348123098284027,8095.454545454545,22.0,7086.363636363636,1.142
Kalimantan Timur,Bawang Merah,2,naif,15.518112035094319,7086.363636363636,22.0,7086.363636363636,1.0
Kalimantan Timur,Bawang Merah,3,campuran,12.624830028748313,6025.0,21.0,6535.714285714285,0.922
Kalimantan Timur,Bawang Merah,3,hanyut,16.348153537532898,7474.4047619047615,21.0,6535.714285714285,1.144
Kalimantan Timur,Bawang Merah,3,musiman,18.018096173221824,8433.333333333334,21.0,6535.714285714285,1.29
Kalimantan Timur,Bawang Merah,3,naif,14.171530366333618,6535.714285714285,21.0,6535.714285714285,1.0
Kalimantan Timur,Beras,1,campuran,1.9708625502867154,334.7826086956522,23.0,115.21739130434783,2.906
Kalimantan Timur,Beras,1,hanyut,0.8246034544924379,139.8550724637685,23.0,115.21739130434783,1.214
Kalimantan Timur,Beras,1,musiman,3.545823733499264,602.1739130434783,23.0,115.21739130434783,5.226
Kalimantan Timur,Beras,1,naif,0.678626127500792,115.21739130434783,23.0,115.21739130434783,1.0
Kalimantan Timur,Beras,2,campuran,1.8909239478673865,321.59090909090907,22.0,179.54545454545453,1.791
Kalimantan Timur,Beras,2,hanyut,1.4096885618379835,238.63636363636363,22.0,179.54545454545453,1.329
Kalimantan Timur,Beras,2,musiman,3.0480411113802153,518.1818181818181,22.0,179.54545454545453,2.886
Kalimantan Timur,Beras,2,naif,1.0566718940181954,179.54545454545453,22.0,179.54545454545453,1.0
Kalimantan Timur,Beras,3,campuran,1.9572931829323181,333.3333333333333,21.0,223.8095238095238,1.489
Kalimantan Timur,Beras,3,hanyut,1.8103943106671103,306.54761904761904,21.0,223.8095238095238,1.37
Kalimantan Timur,Beras,3,musiman,2.7654699296295724,471.42857142857144,21.0,223.8095238095238,2.106
Kalimantan Timur,Beras,3,naif,1.317277027631163,223.8095238095238,21.0,223.8095238095238,1.0
Kalimantan Timur,Cabai Besar,1,campuran,19.170607081255824,9806.521739130434,23.0,9906.521739130434,0.99
Kalimantan Timur,Cabai Besar,1,hanyut,19.202409372385585,10654.166666666668,23.0,9906.521739130434,1.075
Kalimantan Timur,Cabai Besar,1,musiman,31.37540529697271,15802.173913043478,23.0,9906.521739130434,1.595
Kalimantan Timur,Cabai Besar,1,naif,17.93363274681984,9906.521739130434,23.0,9906.521739130434,1.0
Kalimantan Timur,Cabai Besar,2,campuran,22.761366144690218,11534.09090909091,22.0,13106.818181818182,0.88
Kalimantan Timur,Cabai Besar,2,hanyut,28.112003159062475,14764.39393939394,22.0,13106.818181818182,1.126
Kalimantan Timur,Cabai Besar,2,musiman,32.80156008319874,16520.454545454544,22.0,13106.818181818182,1.26
Kalimantan Timur,Cabai Besar,2,naif,25.06379923491316,13106.818181818182,22.0,13106.818181818182,1.0
Kalimantan Timur,Cabai Besar,3,campuran,23.36892103916961,12023.809523809523,21.0,14388.095238095239,0.836
Kalimantan Timur,Cabai Besar,3,hanyut,33.182616398062514,17797.02380952381,21.0,14388.095238095239,1.237
Kalimantan Timur,Cabai Besar,3,musiman,33.28870920280684,16930.95238095238,21.0,14388.095238095239,1.177
Kalimantan Timur,Cabai Besar,3,naif,26.735080164511828,14388.095238095239,21.0,14388.095238095239,1.0
Kalimantan Timur,Cabai Rawit,1,campuran,26.03086941030624,14702.173913043478,23.0,17652.17391304348,0.833
Kalimantan Timur,Cabai Rawit,1,hanyut,32.9342397102832,18296.739130434784,23.0,17652.17391304348,1.037
Kalimantan Timur,Cabai Rawit,1,musiman,30.614852720183077,18421.739130434784,23.0,17652.17391304348,1.044
Kalimantan Timur,Cabai Rawit,1,naif,31.635006846634873,17652.17391304348,23.0,17652.17391304348,1.0
Kalimantan Timur,Cabai Rawit,2,campuran,30.30902213735637,16372.727272727272,22.0,24159.090909090908,0.678
Kalimantan Timur,Cabai Rawit,2,hanyut,47.65491787325153,25734.090909090915,22.0,24159.090909090908,1.065
Kalimantan Timur,Cabai Rawit,2,musiman,31.832656115794745,19186.363636363636,22.0,24159.090909090908,0.794
Kalimantan Timur,Cabai Rawit,2,naif,44.73887876765769,24159.090909090908,22.0,24159.090909090908,1.0
Kalimantan Timur,Cabai Rawit,3,campuran,35.739793551663645,19150.0,21.0,27397.619047619046,0.699
Kalimantan Timur,Cabai Rawit,3,hanyut,55.969387967595786,30420.833333333332,21.0,27397.619047619046,1.11
Kalimantan Timur,Cabai Rawit,3,musiman,33.303145409290636,20083.333333333332,21.0,27397.619047619046,0.733
Kalimantan Timur,Cabai Rawit,3,naif,51.42404976142048,27397.619047619046,21.0,27397.619047619046,1.0
Kalimantan Utara,Bawang Merah,1,campuran,9.91026025808556,4972.282608695652,23.0,4691.304347826087,1.06
Kalimantan Utara,Bawang Merah,1,hanyut,9.824570013301042,4797.373188405798,23.0,4691.304347826087,1.023
Kalimantan Utara,Bawang Merah,1,musiman,13.64390471974466,6892.391304347826,23.0,4691.304347826087,1.469
Kalimantan Utara,Bawang Merah,1,naif,9.617955896303092,4691.304347826087,23.0,4691.304347826087,1.0
Kalimantan Utara,Bawang Merah,2,campuran,10.611389789381423,5438.068181818182,22.0,6438.636363636364,0.845
Kalimantan Utara,Bawang Merah,2,hanyut,14.164270764517727,7052.840909090909,22.0,6438.636363636364,1.095
Kalimantan Utara,Bawang Merah,2,musiman,14.181811536499813,7178.409090909091,22.0,6438.636363636364,1.115
Kalimantan Utara,Bawang Merah,2,naif,12.862319603407602,6438.636363636364,22.0,6438.636363636364,1.0
Kalimantan Utara,Bawang Merah,3,campuran,10.090013647144854,5245.833333333333,21.0,5800.0,0.904
Kalimantan Utara,Bawang Merah,3,hanyut,12.741427832559166,6322.916666666667,21.0,5800.0,1.09
Kalimantan Utara,Bawang Merah,3,musiman,14.229051552626162,7286.9047619047615,21.0,5800.0,1.256
Kalimantan Utara,Bawang Merah,3,naif,11.567329270094197,5800.0,21.0,5800.0,1.0
Kalimantan Utara,Beras,1,campuran,1.8882091041618574,319.5652173913044,23.0,173.91304347826087,1.838
Kalimantan Utara,Beras,1,hanyut,1.2422742168255447,210.68840579710132,23.0,173.91304347826087,1.211
Kalimantan Utara,Beras,1,musiman,3.6822946526420512,621.7391304347826,23.0,173.91304347826087,3.575
Kalimantan Utara,Beras,1,naif,1.0224942241579933,173.91304347826087,23.0,173.91304347826087,1.0
Kalimantan Utara,Beras,2,campuran,1.8359689092652496,311.3636363636364,22.0,268.1818181818182,1.161
Kalimantan Utara,Beras,2,hanyut,1.9454110087682412,328.40909090909065,22.0,268.1818181818182,1.225
Kalimantan Utara,Beras,2,musiman,3.306930841059296,559.0909090909091,22.0,268.1818181818182,2.085
Kalimantan Utara,Beras,2,naif,1.583564518810477,268.1818181818182,22.0,268.1818181818182,1.0
Kalimantan Utara,Beras,3,campuran,2.054328073228266,348.8095238095238,21.0,330.95238095238096,1.054
Kalimantan Utara,Beras,3,hanyut,2.5424339277256474,429.76190476190476,21.0,330.95238095238096,1.299
Kalimantan Utara,Beras,3,musiman,3.2070034808523378,542.8571428571429,21.0,330.95238095238096,1.64
Kalimantan Utara,Beras,3,naif,1.9495105499432543,330.95238095238096,21.0,330.95238095238096,1.0
Kalimantan Utara,Cabai Besar,1,campuran,14.320583426055954,10695.108695652174,23.0,10606.521739130434,1.008
Kalimantan Utara,Cabai Besar,1,hanyut,14.282415399583344,11464.221014492752,23.0,10606.521739130434,1.081
Kalimantan Utara,Cabai Besar,1,musiman,21.374691065960672,15044.565217391304,23.0,10606.521739130434,1.418
Kalimantan Utara,Cabai Besar,1,naif,13.07904946361201,10606.521739130434,23.0,10606.521739130434,1.0
Kalimantan Utara,Cabai Besar,2,campuran,16.10655764859661,12026.704545454546,22.0,12197.727272727272,0.986
Kalimantan Utara,Cabai Besar,2,hanyut,18.101126680246065,14069.886363636366,22.0,12197.727272727272,1.153
Kalimantan Utara,Cabai Besar,2,musiman,21.419805859636355,15073.863636363636,22.0,12197.727272727272,1.236
Kalimantan Utara,Cabai Besar,2,naif,15.401844552481922,12197.727272727272,22.0,12197.727272727272,1.0
Kalimantan Utara,Cabai Besar,3,campuran,19.24141435733914,14410.119047619048,21.0,15235.714285714286,0.946
Kalimantan Utara,Cabai Besar,3,hanyut,22.5419067799414,17527.678571428572,21.0,15235.714285714286,1.15
Kalimantan Utara,Cabai Besar,3,musiman,21.93796511302563,15465.47619047619,21.0,15235.714285714286,1.015
Kalimantan Utara,Cabai Besar,3,naif,19.43281440041939,15235.714285714286,21.0,15235.714285714286,1.0
Kalimantan Utara,Cabai Rawit,1,campuran,16.500779803836537,15701.630434782608,23.0,22471.739130434784,0.699
Kalimantan Utara,Cabai Rawit,1,hanyut,24.67330251492749,23876.72101449275,23.0,22471.739130434784,1.063
Kalimantan Utara,Cabai Rawit,1,musiman,25.043479230281218,23431.521739130436,23.0,22471.739130434784,1.043
Kalimantan Utara,Cabai Rawit,1,naif,23.306427787179516,22471.739130434784,23.0,22471.739130434784,1.0
Kalimantan Utara,Cabai Rawit,2,campuran,20.2890434726184,19164.204545454544,22.0,29056.81818181818,0.66
Kalimantan Utara,Cabai Rawit,2,hanyut,32.175066573587834,30228.2196969697,22.0,29056.81818181818,1.04
Kalimantan Utara,Cabai Rawit,2,musiman,24.974432831657637,23530.68181818182,22.0,29056.81818181818,0.81
Kalimantan Utara,Cabai Rawit,2,naif,30.690858502611867,29056.81818181818,22.0,29056.81818181818,1.0
Kalimantan Utara,Cabai Rawit,3,campuran,27.063994467893597,25225.595238095237,21.0,35171.42857142857,0.717
Kalimantan Utara,Cabai Rawit,3,hanyut,41.519512012242124,38588.98809523809,21.0,35171.42857142857,1.097
Kalimantan Utara,Cabai Rawit,3,musiman,24.85610551696523,23727.380952380954,21.0,35171.42857142857,0.675
Kalimantan Utara,Cabai Rawit,3,naif,37.75797288317519,35171.42857142857,21.0,35171.42857142857,1.0
Kepulauan Bangka Belitung,Bawang Merah,1,campuran,10.601256324066371,5264.130434782609,23.0,5102.173913043478,1.032
Kepulauan Bangka Belitung,Bawang Merah,1,hanyut,10.543728870367271,5120.833333333333,23.0,5102.173913043478,1.004
Kepulauan Bangka Belitung,Bawang Merah,1,musiman,16.80251998861067,8345.652173913044,23.0,5102.173913043478,1.636
Kepulauan Bangka Belitung,Bawang Merah,1,naif,10.503645892957532,5102.173913043478,23.0,5102.173913043478,1.0
Kepulauan Bangka Belitung,Bawang Merah,2,campuran,11.35041241795984,5637.5,22.0,6790.909090909091,0.83
Kepulauan Bangka Belitung,Bawang Merah,2,hanyut,14.741996994241735,7210.60606060606,22.0,6790.909090909091,1.062
Kepulauan Bangka Belitung,Bawang Merah,2,musiman,17.54288090809921,8718.181818181818,22.0,6790.909090909091,1.284
Kepulauan Bangka Belitung,Bawang Merah,2,naif,13.830099612061172,6790.909090909091,22.0,6790.909090909091,1.0
Kepulauan Bangka Belitung,Bawang Merah,3,campuran,10.470728434673973,5219.047619047619,21.0,6709.523809523809,0.778
Kepulauan Bangka Belitung,Bawang Merah,3,hanyut,14.894186026866475,7260.119047619048,21.0,6709.523809523809,1.082
Kepulauan Bangka Belitung,Bawang Merah,3,musiman,17.94046817100409,8997.619047619048,21.0,6709.523809523809,1.341
Kepulauan Bangka Belitung,Bawang Merah,3,naif,13.726977931839961,6709.523809523809,21.0,6709.523809523809,1.0
Kepulauan Bangka Belitung,Beras,1,campuran,2.299464172170887,356.5217391304348,23.0,80.43478260869566,4.432
Kepulauan Bangka Belitung,Beras,1,hanyut,0.6792678253816338,105.25362318840574,23.0,80.43478260869566,1.309
Kepulauan Bangka Belitung,Beras,1,musiman,4.309834379706271,667.3913043478261,23.0,80.43478260869566,8.297
Kepulauan Bangka Belitung,Beras,1,naif,0.5145662888651146,80.43478260869566,23.0,80.43478260869566,1.0
Kepulauan Bangka Belitung,Beras,2,campuran,2.345953210157586,364.77272727272725,22.0,129.54545454545453,2.816
Kepulauan Bangka Belitung,Beras,2,hanyut,1.193986579211913,185.2272727272728,22.0,129.54545454545453,1.43
Kepulauan Bangka Belitung,Beras,2,musiman,4.1020278084489,636.3636363636364,22.0,129.54545454545453,4.912
Kepulauan Bangka Belitung,Beras,2,naif,0.8265656108664442,129.54545454545453,22.0,129.54545454545453,1.0
Kepulauan Bangka Belitung,Beras,3,campuran,2.5140018628215826,391.6666666666667,21.0,173.8095238095238,2.253
Kepulauan Bangka Belitung,Beras,3,hanyut,1.6842607371496527,262.5,21.0,173.8095238095238,1.51
Kepulauan Bangka Belitung,Beras,3,musiman,4.108772178393898,638.0952380952381,21.0,173.8095238095238,3.671
Kepulauan Bangka Belitung,Beras,3,naif,1.1043259265255758,173.8095238095238,21.0,173.8095238095238,1.0
Kepulauan Bangka Belitung,Cabai Rawit,1,campuran,29.693662348564327,18455.434782608696,23.0,19302.17391304348,0.956
Kepulauan Bangka Belitung,Cabai Rawit,1,hanyut,30.692357662584236,20212.499999999996,23.0,19302.17391304348,1.047
Kepulauan Bangka Belitung,Cabai Rawit,1,musiman,38.54195148525569,23452.17391304348,23.0,19302.17391304348,1.215
Kepulauan Bangka Belitung,Cabai Rawit,1,naif,29.42894648601781,19302.17391304348,23.0,19302.17391304348,1.0
Kepulauan Bangka Belitung,Cabai Rawit,2,campuran,31.36461042022443,19710.227272727272,22.0,19011.363636363636,1.037
Kepulauan Bangka Belitung,Cabai Rawit,2,hanyut,33.15112976164168,22218.939393939396,22.0,19011.363636363636,1.169
Kepulauan Bangka Belitung,Cabai Rawit,2,musiman,40.24427159408962,24490.909090909092,22.0,19011.363636363636,1.288
Kepulauan Bangka Belitung,Cabai Rawit,2,naif,28.103612914292487,19011.363636363636,22.0,19011.363636363636,1.0
Kepulauan Bangka Belitung,Cabai Rawit,3,campuran,35.86534443972387,22997.619047619046,21.0,23109.52380952381,0.995
Kepulauan Bangka Belitung,Cabai Rawit,3,hanyut,38.814520634886584,27575.595238095237,21.0,23109.52380952381,1.193
Kepulauan Bangka Belitung,Cabai Rawit,3,musiman,42.08727996093146,25614.285714285714,21.0,23109.52380952381,1.108
Kepulauan Bangka Belitung,Cabai Rawit,3,naif,33.22494191353249,23109.52380952381,21.0,23109.52380952381,1.0
Kepulauan Riau,Bawang Merah,1,campuran,12.02332122236724,4730.434782608696,23.0,5293.478260869565,0.894
Kepulauan Riau,Bawang Merah,1,hanyut,13.677685509552381,5459.239130434783,23.0,5293.478260869565,1.031
Kepulauan Riau,Bawang Merah,1,musiman,12.665802973763366,4923.913043478261,23.0,5293.478260869565,0.93
Kepulauan Riau,Bawang Merah,1,naif,13.293580835849406,5293.478260869565,23.0,5293.478260869565,1.0
Kepulauan Riau,Bawang Merah,2,campuran,14.200896256467836,5472.727272727273,22.0,7043.181818181818,0.777
Kepulauan Riau,Bawang Merah,2,hanyut,19.9698394265417,7595.833333333334,22.0,7043.181818181818,1.078
Kepulauan Riau,Bawang Merah,2,musiman,13.14051118974251,5111.363636363636,22.0,7043.181818181818,0.726
Kepulauan Riau,Bawang Merah,2,naif,18.411748053841094,7043.181818181818,22.0,7043.181818181818,1.0
Kepulauan Riau,Bawang Merah,3,campuran,13.888826239275035,5446.428571428572,21.0,6852.380952380952,0.795
Kepulauan Riau,Bawang Merah,3,hanyut,19.120531187567064,7514.880952380952,21.0,6852.380952380952,1.097
Kepulauan Riau,Bawang Merah,3,musiman,13.450543424771025,5240.476190476191,21.0,6852.380952380952,0.765
Kepulauan Riau,Bawang Merah,3,naif,17.388796597839796,6852.380952380952,21.0,6852.380952380952,1.0
Kepulauan Riau,Beras,1,campuran,1.9146598866184517,294.5652173913044,23.0,115.21739130434783,2.557
Kepulauan Riau,Beras,1,hanyut,0.932642799694825,143.47826086956522,23.0,115.21739130434783,1.245
Kepulauan Riau,Beras,1,musiman,3.5985650874099515,552.1739130434783,23.0,115.21739130434783,4.792
Kepulauan Riau,Beras,1,naif,0.7459054628398619,115.21739130434783,23.0,115.21739130434783,1.0
Kepulauan Riau,Beras,2,campuran,1.8179988170441566,280.6818181818182,22.0,186.36363636363637,1.506
Kepulauan Riau,Beras,2,hanyut,1.504255894490446,230.6818181818182,22.0,186.36363636363637,1.238
Kepulauan Riau,Beras,2,musiman,3.2670867227962725,502.27272727272725,22.0,186.36363636363637,2.695
Kepulauan Riau,Beras,2,naif,1.2090409610135715,186.36363636363637,22.0,186.36363636363637,1.0
Kepulauan Riau,Beras,3,campuran,1.93218610508465,298.8095238095238,21.0,219.04761904761904,1.364
Kepulauan Riau,Beras,3,hanyut,1.7816023047671818,272.6190476190476,21.0,219.04761904761904,1.245
Kepulauan Riau,Beras,3,musiman,3.2309077268540043,497.6190476190476,21.0,219.04761904761904,2.272
Kepulauan Riau,Beras,3,naif,1.422709550013379,219.04761904761904,21.0,219.04761904761904,1.0
Lampung,Bawang Merah,1,campuran,14.027917562307104,5611.413043478261,23.0,5428.260869565217,1.034
Lampung,Bawang Merah,1,hanyut,14.081920867497002,5485.235507246379,23.0,5428.260869565217,1.01
Lampung,Bawang Merah,1,musiman,21.29279213471939,8429.347826086956,23.0,5428.260869565217,1.553
Lampung,Bawang Merah,1,naif,13.895042763810794,5428.260869565217,23.0,5428.260869565217,1.0
Lampung,Bawang Merah,2,campuran,15.181098561544696,6180.113636363636,22.0,6361.363636363636,0.972
Lampung,Bawang Merah,2,hanyut,17.678403080942182,6823.674242424241,22.0,6361.363636363636,1.073
Lampung,Bawang Merah,2,musiman,21.503070565085423,8653.40909090909,22.0,6361.363636363636,1.36
Lampung,Bawang Merah,2,naif,16.249829238145676,6361.363636363636,22.0,6361.363636363636,1.0
Lampung,Bawang Merah,3,campuran,15.080581078750388,6175.5952380952385,21.0,6652.380952380952,0.928
Lampung,Bawang Merah,3,hanyut,18.362156091786122,7279.464285714285,21.0,6652.380952380952,1.094
Lampung,Bawang Merah,3,musiman,21.846754197436432,8898.809523809523,21.0,6652.380952380952,1.338
Lampung,Bawang Merah,3,naif,16.687088387708084,6652.380952380952,21.0,6652.380952380952,1.0
Lampung,Beras,1,campuran,2.349862867382829,348.3695652173913,23.0,86.95652173913044,4.006
Lampung,Beras,1,hanyut,0.6809403436242151,101.17753623188425,23.0,86.95652173913044,1.164
Lampung,Beras,1,musiman,4.3530712588533715,644.5652173913044,23.0,86.95652173913044,7.412
Lampung,Beras,1,naif,0.5833773032610907,86.95652173913044,23.0,86.95652173913044,1.0
Lampung,Beras,2,campuran,2.2113125263754436,328.97727272727275,22.0,118.18181818181819,2.784
Lampung,Beras,2,hanyut,0.9366728314062486,139.20454545454547,22.0,118.18181818181819,1.178
Lampung,Beras,2,musiman,3.9105132670268063,580.6818181818181,22.0,118.18181818181819,4.913
Lampung,Beras,2,naif,0.7912571002768704,118.18181818181819,22.0,118.18181818181819,1.0
Lampung,Beras,3,campuran,2.1032775455759856,313.6904761904762,21.0,126.19047619047619,2.486
Lampung,Beras,3,hanyut,1.2741284409142688,189.58333333333334,21.0,126.19047619047619,1.502
Lampung,Beras,3,musiman,3.4953955012603273,520.2380952380952,21.0,126.19047619047619,4.123
Lampung,Beras,3,naif,0.8410736467463394,126.19047619047619,21.0,126.19047619047619,1.0
Lampung,Cabai Besar,1,campuran,20.505638337265268,10119.565217391304,23.0,6723.913043478261,1.505
Lampung,Cabai Besar,1,hanyut,12.938604004570726,6872.644927536232,23.0,6723.913043478261,1.022
Lampung,Cabai Besar,1,musiman,31.60474946317918,15463.04347826087,23.0,6723.913043478261,2.3
Lampung,Cabai Besar,1,naif,12.751448198579569,6723.913043478261,23.0,6723.913043478261,1.0
Lampung,Cabai Besar,2,campuran,24.91031412273874,12280.681818181818,22.0,10609.09090909091,1.158
Lampung,Cabai Besar,2,hanyut,22.409014368040896,11734.848484848484,22.0,10609.09090909091,1.106
Lampung,Cabai Besar,2,musiman,32.731411628860876,16029.545454545454,22.0,10609.09090909091,1.511
Lampung,Cabai Besar,2,naif,20.143000035003485,10609.09090909091,22.0,10609.09090909091,1.0
Lampung,Cabai Besar,3,campuran,27.521048025954446,13330.952380952382,21.0,15235.714285714286,0.875
Lampung,Cabai Besar,3,hanyut,32.97058754867701,17424.404761904763,21.0,15235.714285714286,1.144
Lampung,Cabai Besar,3,musiman,33.42738637171208,16435.714285714286,21.0,15235.714285714286,1.079
Lampung,Cabai Besar,3,naif,28.962690179127527,15235.714285714286,21.0,15235.714285714286,1.0
Lampung,Cabai Rawit,1,campuran,30.641911254704247,14175.0,23.0,12771.739130434782,1.11
Lampung,Cabai Rawit,1,hanyut,27.69930054770609,13003.260869565218,23.0,12771.739130434782,1.018
Lampung,Cabai Rawit,1,musiman,37.89925462397338,17682.608695652172,23.0,12771.739130434782,1.385
Lampung,Cabai Rawit,1,naif,27.331812490827794,12771.739130434782,23.0,12771.739130434782,1.0
Lampung,Cabai Rawit,2,campuran,34.89841232760795,16275.0,22.0,16147.727272727272,1.008
Lampung,Cabai Rawit,2,hanyut,38.81806424007622,18189.015151515152,22.0,16147.727272727272,1.126
Lampung,Cabai Rawit,2,musiman,39.53103892506308,18452.272727272728,22.0,16147.727272727272,1.143
Lampung,Cabai Rawit,2,naif,34.38244930188312,16147.727272727272,22.0,16147.727272727272,1.0
Lampung,Cabai Rawit,3,campuran,36.744735254716126,17428.571428571428,21.0,20233.333333333332,0.861
Lampung,Cabai Rawit,3,hanyut,44.908843716551985,22732.14285714286,21.0,20233.333333333332,1.123
Lampung,Cabai Rawit,3,musiman,41.31861068947036,19295.238095238095,21.0,20233.333333333332,0.954
Lampung,Cabai Rawit,3,naif,40.664760227034094,20233.333333333332,21.0,20233.333333333332,1.0
Maluku,Bawang Merah,1,campuran,11.540201483718567,6019.565217391304,23.0,6408.695652173913,0.939
Maluku,Bawang Merah,1,hanyut,12.777690137379915,6532.427536231885,23.0,6408.695652173913,1.019
Maluku,Bawang Merah,1,musiman,16.843325779336425,8595.652173913044,23.0,6408.695652173913,1.341
Maluku,Bawang Merah,1,naif,12.461123749960834,6408.695652173913,23.0,6408.695652173913,1.0
Maluku,Bawang Merah,2,campuran,13.791517099890696,7195.454545454545,22.0,8086.363636363636,0.89
Maluku,Bawang Merah,2,hanyut,17.693739127971913,8826.136363636364,22.0,8086.363636363636,1.091
Maluku,Bawang Merah,2,musiman,17.35918124682874,8895.454545454546,22.0,8086.363636363636,1.1
Maluku,Bawang Merah,2,naif,15.992898518880255,8086.363636363636,22.0,8086.363636363636,1.0
Maluku,Bawang Merah,3,campuran,12.372781198052813,6566.666666666667,21.0,7714.285714285715,0.851
Maluku,Bawang Merah,3,hanyut,16.97751703142593,8444.642857142857,21.0,7714.285714285715,1.095
Maluku,Bawang Merah,3,musiman,17.660357365314837,9128.57142857143,21.0,7714.285714285715,1.183
Maluku,Bawang Merah,3,naif,15.281421497730166,7714.285714285715,21.0,7714.285714285715,1.0
Maluku,Beras,1,campuran,2.0068525007844906,344.5652173913044,23.0,82.6086956521739,4.171
Maluku,Beras,1,hanyut,0.6785263108899443,117.02898550724628,23.0,82.6086956521739,1.417
Maluku,Beras,1,musiman,3.815172850528815,654.3478260869565,23.0,82.6086956521739,7.921
Maluku,Beras,1,naif,0.4750762992520733,82.6086956521739,23.0,82.6086956521739,1.0
Maluku,Beras,2,campuran,2.0121269148053424,346.59090909090907,22.0,150.0,2.311
Maluku,Beras,2,hanyut,1.1690355050525463,201.1363636363638,22.0,150.0,1.341
Maluku,Beras,2,musiman,3.477562364175767,597.7272727272727,22.0,150.0,3.985
Maluku,Beras,2,naif,0.8636652340502121,150.0,22.0,150.0,1.0
Maluku,Beras,3,campuran,1.9782858290339722,341.6666666666667,21.0,190.47619047619048,1.794
Maluku,Beras,3,hanyut,1.4977615333472023,257.73809523809524,21.0,190.47619047619048,1.353
Maluku,Beras,3,musiman,3.2205063031855454,554.7619047619048,21.0,190.47619047619048,2.912
Maluku,Beras,3,naif,1.094548476226071,190.47619047619048,21.0,190.47619047619048,1.0
Maluku,Cabai Besar,1,campuran,14.024325672305194,5652.173913043478,23.0,652.1739130434783,8.667
Maluku,Cabai Besar,1,hanyut,3.508681839005489,1413.04347826087,23.0,652.1739130434783,2.167
Maluku,Cabai Besar,1,musiman,26.453883740599345,10652.173913043476,23.0,652.1739130434783,16.333
Maluku,Cabai Besar,1,naif,1.5947676040110363,652.1739130434783,23.0,652.1739130434783,1.0
Maluku,Cabai Besar,2,campuran,15.455551133031372,6233.766233766233,22.0,1331.1688311688313,4.683
Maluku,Cabai Besar,2,hanyut,7.331781368965021,2954.545454545455,22.0,1331.1688311688313,2.22
Maluku,Cabai Besar,2,musiman,27.65633300153568,11136.363636363634,22.0,1331.1688311688313,8.366
Maluku,Cabai Besar,2,naif,3.254769264527064,1331.1688311688313,22.0,1331.1688311688313,1.0
Maluku,Cabai Besar,3,campuran,16.089175734516367,6496.598639455783,21.0,1564.6258503401364,4.152
Maluku,Cabai Besar,3,hanyut,10.304654143401518,4158.163265306122,21.0,1564.6258503401364,2.658
Maluku,Cabai Besar,3,musiman,28.378063144465948,11428.57142857143,21.0,1564.6258503401364,7.304
Maluku,Cabai Besar,3,naif,3.8002883245667856,1564.6258503401364,21.0,1564.6258503401364,1.0
Maluku,Cabai Rawit,1,campuran,21.039153678208507,19413.043478260868,23.0,23963.043478260868,0.81
Maluku,Cabai Rawit,1,hanyut,25.002828013763477,24981.702898550724,23.0,23963.043478260868,1.043
Maluku,Cabai Rawit,1,musiman,28.10564140870011,24750.0,23.0,23963.043478260868,1.033
Maluku,Cabai Rawit,1,naif,23.916574053370194,23963.043478260868,23.0,23963.043478260868,1.0
Maluku,Cabai Rawit,2,campuran,24.93519916427817,23221.590909090908,22.0,33090.90909090909,0.702
Maluku,Cabai Rawit,2,hanyut,36.24287167133842,35434.09090909091,22.0,33090.90909090909,1.071
Maluku,Cabai Rawit,2,musiman,28.84027683764871,25393.18181818182,22.0,33090.90909090909,0.767
Maluku,Cabai Rawit,2,naif,33.50503570371639,33090.90909090909,22.0,33090.90909090909,1.0
Maluku,Cabai Rawit,3,campuran,27.215062396898375,24103.571428571428,21.0,30590.47619047619,0.788
Maluku,Cabai Rawit,3,hanyut,37.32076013486263,34399.40476190476,21.0,30590.47619047619,1.125
Maluku,Cabai Rawit,3,musiman,29.885216128768267,26364.285714285714,21.0,30590.47619047619,0.862
Maluku,Cabai Rawit,3,naif,32.781243532824014,30590.47619047619,21.0,30590.47619047619,1.0
Maluku Utara,Bawang Merah,1,campuran,7.5604086018921075,4945.652173913043,23.0,5000.0,0.989
Maluku Utara,Bawang Merah,1,hanyut,8.201352713061006,5235.507246376812,23.0,5000.0,1.047
Maluku Utara,Bawang Merah,1,musiman,11.809420925993699,7771.739130434783,23.0,5000.0,1.554
Maluku Utara,Bawang Merah,1,naif,7.8071350527463075,5000.0,23.0,5000.0,1.0
Maluku Utara,Bawang Merah,2,campuran,7.514743337047556,4886.363636363636,22.0,5568.181818181818,0.878
Maluku Utara,Bawang Merah,2,hanyut,9.73942823708164,6145.833333333334,22.0,5568.181818181818,1.104
Maluku Utara,Bawang Merah,2,musiman,12.229662669716022,8068.181818181818,22.0,5568.181818181818,1.449
Maluku Utara,Bawang Merah,2,naif,8.805756020498201,5568.181818181818,22.0,5568.181818181818,1.0
Maluku Utara,Bawang Merah,3,campuran,7.097227443199477,4672.619047619048,21.0,5297.619047619048,0.882
Maluku Utara,Bawang Merah,3,hanyut,9.443736154161867,6071.428571428572,21.0,5297.619047619048,1.146
Maluku Utara,Bawang Merah,3,musiman,12.812027558750119,8452.380952380952,21.0,5297.619047619048,1.596
Maluku Utara,Bawang Merah,3,naif,8.254808758853798,5297.619047619048,21.0,5297.619047619048,1.0
Maluku Utara,Beras,1,campuran,2.1572140131645727,375.0,23.0,65.21739130434783,5.75
Maluku Utara,Beras,1,hanyut,0.7122936622249859,124.45652173913044,23.0,65.21739130434783,1.908
Maluku Utara,Beras,1,musiman,4.070280934156281,706.5217391304348,23.0,65.21739130434783,10.833
Maluku Utara,Beras,1,naif,0.36837069465733696,65.21739130434783,23.0,65.21739130434783,1.0
Maluku Utara,Beras,2,campuran,2.082063442942914,363.6363636363636,22.0,113.63636363636364,3.2
Maluku Utara,Beras,2,hanyut,1.2537558074687494,218.560606060606,22.0,113.63636363636364,1.923
Maluku Utara,Beras,2,musiman,3.6536894258157906,636.3636363636364,22.0,113.63636363636364,5.6
Maluku Utara,Beras,2,naif,0.640307589940168,113.63636363636364,22.0,113.63636363636364,1.0
Maluku Utara,Beras,3,campuran,2.0697836867617703,363.0952380952381,21.0,166.66666666666666,2.179
Maluku Utara,Beras,3,hanyut,1.7360907416651084,301.7857142857143,21.0,166.66666666666666,1.811
Maluku Utara,Beras,3,musiman,3.337478558137551,583.3333333333334,21.0,166.66666666666666,3.5
Maluku Utara,Beras,3,naif,0.9381432371546973,166.66666666666666,21.0,166.66666666666666,1.0
Maluku Utara,Cabai Besar,1,campuran,23.275358749638926,12336.95652173913,23.0,13478.260869565218,0.915
Maluku Utara,Cabai Besar,1,hanyut,26.713088197430974,14193.840579710144,23.0,13478.260869565218,1.053
Maluku Utara,Cabai Besar,1,musiman,25.545770133623858,13152.173913043478,23.0,13478.260869565218,0.976
Maluku Utara,Cabai Besar,1,naif,25.495810330755887,13478.260869565218,23.0,13478.260869565218,1.0
Maluku Utara,Cabai Besar,2,campuran,24.32167276820222,12840.90909090909,22.0,14659.09090909091,0.876
Maluku Utara,Cabai Besar,2,hanyut,29.52246907428467,15833.333333333336,22.0,14659.09090909091,1.08
Maluku Utara,Cabai Besar,2,musiman,26.25239604878858,13522.727272727272,22.0,14659.09090909091,0.922
Maluku Utara,Cabai Besar,2,naif,27.38277955297535,14659.09090909091,22.0,14659.09090909091,1.0
Maluku Utara,Cabai Besar,3,campuran,26.08189683811465,13928.57142857143,21.0,18690.47619047619,0.745
Maluku Utara,Cabai Besar,3,hanyut,37.137572015672454,20059.52380952381,21.0,18690.47619047619,1.073
Maluku Utara,Cabai Besar,3,musiman,26.6096530034928,13809.52380952381,21.0,18690.47619047619,0.739
Maluku Utara,Cabai Besar,3,naif,34.982644397458714,18690.47619047619,21.0,18690.47619047619,1.0
Maluku Utara,Cabai Rawit,1,campuran,18.545606463253062,21141.304347826088,23.0,19347.82608695652,1.093
Maluku Utara,Cabai Rawit,1,hanyut,18.144598704602398,20615.94202898551,23.0,19347.82608695652,1.066
Maluku Utara,Cabai Rawit,1,musiman,25.47793835486179,28369.565217391304,23.0,19347.82608695652,1.466
Maluku Utara,Cabai Rawit,1,naif,16.879356945477177,19347.82608695652,23.0,19347.82608695652,1.0
Maluku Utara,Cabai Rawit,2,campuran,19.009381984729053,21875.0,22.0,20795.454545454544,1.052
Maluku Utara,Cabai Rawit,2,hanyut,20.808332794286482,22708.333333333332,22.0,20795.454545454544,1.092
Maluku Utara,Cabai Rawit,2,musiman,25.120874946749446,28522.727272727272,22.0,20795.454545454544,1.372
Maluku Utara,Cabai Rawit,2,naif,18.78998031213716,20795.454545454544,22.0,20795.454545454544,1.0
Maluku Utara,Cabai Rawit,3,campuran,19.12910183612523,22321.428571428572,21.0,25476.190476190477,0.876
Maluku Utara,Cabai Rawit,3,hanyut,25.19449709950751,27321.428571428572,21.0,25476.190476190477,1.072
Maluku Utara,Cabai Rawit,3,musiman,24.531392801356564,28452.380952380954,21.0,25476.190476190477,1.117
Maluku Utara,Cabai Rawit,3,naif,22.944045877602594,25476.190476190477,21.0,25476.190476190477,1.0
Nasional,Bawang Merah,1,campuran,10.436815205748813,4691.304347826087,23.0,4480.434782608696,1.047
Nasional,Bawang Merah,1,hanyut,10.23635383221488,4504.710144927535,23.0,4480.434782608696,1.005
Nasional,Bawang Merah,1,musiman,15.207607363103548,6902.173913043478,23.0,4480.434782608696,1.541
Nasional,Bawang Merah,1,naif,10.205001357290906,4480.434782608696,23.0,4480.434782608696,1.0
Nasional,Bawang Merah,2,campuran,11.593080619163164,5323.863636363636,22.0,6104.545454545455,0.872
Nasional,Bawang Merah,2,hanyut,14.83730781148758,6534.848484848484,22.0,6104.545454545455,1.07
Nasional,Bawang Merah,2,musiman,15.72187109280214,7165.909090909091,22.0,6104.545454545455,1.174
Nasional,Bawang Merah,2,naif,13.713718551152676,6104.545454545455,22.0,6104.545454545455,1.0
Nasional,Bawang Merah,3,campuran,11.137315439617147,5176.190476190476,21.0,5547.619047619048,0.933
Nasional,Bawang Merah,3,hanyut,14.292764735059349,6427.380952380952,21.0,5547.619047619048,1.159
Nasional,Bawang Merah,3,musiman,15.847406765272678,7314.285714285715,21.0,5547.619047619048,1.318
Nasional,Bawang Merah,3,naif,12.31402488406489,5547.619047619048,21.0,5547.619047619048,1.0
Nasional,Beras,1,campuran,1.9942362185598326,314.1304347826087,23.0,86.95652173913044,3.612
Nasional,Beras,1,hanyut,0.6769355293689361,105.79710144927523,23.0,86.95652173913044,1.217
Nasional,Beras,1,musiman,3.801686171388906,597.8260869565217,23.0,86.95652173913044,6.875
Nasional,Beras,1,naif,0.5527867331337781,86.95652173913044,23.0,86.95652173913044,1.0
Nasional,Beras,2,campuran,1.8873977404496973,298.8636363636364,22.0,150.0,1.992
Nasional,Beras,2,hanyut,1.2422590839585503,194.6969696969698,22.0,150.0,1.298
Nasional,Beras,2,musiman,3.531751009167504,556.8181818181819,22.0,150.0,3.712
Nasional,Beras,2,naif,0.9489163871242091,150.0,22.0,150.0,1.0
Nasional,Beras,3,campuran,1.9181877175919109,304.76190476190476,21.0,209.52380952380952,1.455
Nasional,Beras,3,hanyut,1.7379833203335686,272.6190476190476,21.0,209.52380952380952,1.301
Nasional,Beras,3,musiman,3.406175763469234,538.0952380952381,21.0,209.52380952380952,2.568
Nasional,Beras,3,naif,1.3231430160234607,209.52380952380952,21.0,209.52380952380952,1.0
Nasional,Cabai Besar,1,campuran,16.60001906880599,7886.95652173913,23.0,6978.260869565217,1.13
Nasional,Cabai Besar,1,hanyut,14.65527513755586,7549.818840579712,23.0,6978.260869565217,1.082
Nasional,Cabai Besar,1,musiman,25.79333264935388,11982.608695652174,23.0,6978.260869565217,1.717
Nasional,Cabai Besar,1,naif,13.506368401149357,6978.260869565217,23.0,6978.260869565217,1.0
Nasional,Cabai Besar,2,campuran,20.28234328182113,9595.454545454546,22.0,9431.818181818182,1.017
Nasional,Cabai Besar,2,hanyut,20.93584789929851,10564.393939393938,22.0,9431.818181818182,1.12
Nasional,Cabai Besar,2,musiman,26.611146931610136,12377.272727272728,22.0,9431.818181818182,1.312
Nasional,Cabai Besar,2,naif,18.68565461901276,9431.818181818182,22.0,9431.818181818182,1.0
Nasional,Cabai Besar,3,campuran,23.262690396785953,11279.761904761905,21.0,12314.285714285714,0.916
Nasional,Cabai Besar,3,hanyut,28.08464465803831,14550.595238095239,21.0,12314.285714285714,1.182
Nasional,Cabai Besar,3,musiman,26.755895424952108,12573.809523809523,21.0,12314.285714285714,1.021
Nasional,Cabai Besar,3,naif,23.824169803445574,12314.285714285714,21.0,12314.285714285714,1.0
Nasional,Cabai Rawit,1,campuran,17.95120535524112,11475.0,23.0,13232.608695652174,0.867
Nasional,Cabai Rawit,1,hanyut,21.27089077847789,13997.64492753623,23.0,13232.608695652174,1.058
Nasional,Cabai Rawit,1,musiman,25.680778428300393,16560.869565217392,23.0,13232.608695652174,1.252
Nasional,Cabai Rawit,1,naif,20.117414734471257,13232.608695652174,23.0,13232.608695652174,1.0
Nasional,Cabai Rawit,2,campuran,21.076084637798107,13398.863636363636,22.0,16811.363636363636,0.797
Nasional,Cabai Rawit,2,hanyut,28.597737927372886,18376.515151515152,22.0,16811.363636363636,1.093
Nasional,Cabai Rawit,2,musiman,26.049734748824477,16890.909090909092,22.0,16811.363636363636,1.005
Nasional,Cabai Rawit,2,naif,26.057660287005362,16811.363636363636,22.0,16811.363636363636,1.0
Nasional,Cabai Rawit,3,campuran,24.994459483522892,15865.47619047619,21.0,20192.85714285714,0.786
Nasional,Cabai Rawit,3,hanyut,35.712743934064186,23111.904761904763,21.0,20192.85714285714,1.145
Nasional,Cabai Rawit,3,musiman,26.895331575814524,17495.238095238095,21.0,20192.85714285714,0.866
Nasional,Cabai Rawit,3,naif,31.46557680008739,20192.85714285714,21.0,20192.85714285714,1.0
Nusa Tenggara Barat,Bawang Merah,1,campuran,14.133017394516303,5276.086956521739,23.0,5784.782608695652,0.912
Nusa Tenggara Barat,Bawang Merah,1,hanyut,16.407120731010764,5887.5,23.0,5784.782608695652,1.018
Nusa Tenggara Barat,Bawang Merah,1,musiman,19.51035410791308,7132.608695652174,23.0,5784.782608695652,1.233
Nusa Tenggara Barat,Bawang Merah,1,naif,16.048874877188933,5784.782608695652,23.0,5784.782608695652,1.0
Nusa Tenggara Barat,Bawang Merah,2,campuran,16.41983711561774,6096.590909090909,22.0,7177.272727272727,0.849
Nusa Tenggara Barat,Bawang Merah,2,hanyut,21.327791851194707,7525.000000000001,22.0,7177.272727272727,1.048
Nusa Tenggara Barat,Bawang Merah,2,musiman,19.96789545625256,7379.545454545455,22.0,7177.272727272727,1.028
Nusa Tenggara Barat,Bawang Merah,2,naif,19.933423331401805,7177.272727272727,22.0,7177.272727272727,1.0
Nusa Tenggara Barat,Bawang Merah,3,campuran,17.48811615959586,6613.0952380952385,21.0,7676.190476190476,0.862
Nusa Tenggara Barat,Bawang Merah,3,hanyut,21.750071054022882,7760.119047619048,21.0,7676.190476190476,1.011
Nusa Tenggara Barat,Bawang Merah,3,musiman,20.76472374713559,7702.380952380952,21.0,7676.190476190476,1.003
Nusa Tenggara Barat,Bawang Merah,3,naif,20.9223806323338,7676.190476190476,21.0,7676.190476190476,1.0
Nusa Tenggara Barat,Beras,1,campuran,3.691826925806654,486.95652173913044,23.0,97.82608695652173,4.978
Nusa Tenggara Barat,Beras,1,hanyut,1.0339838447039795,135.50724637681165,23.0,97.82608695652173,1.385
Nusa Tenggara Barat,Beras,1,musiman,6.904157578176448,910.8695652173913,23.0,97.82608695652173,9.311
Nusa Tenggara Barat,Beras,1,naif,0.7452482588514031,97.82608695652173,23.0,97.82608695652173,1.0
Nusa Tenggara Barat,Beras,2,campuran,3.933034038305395,520.4545454545455,22.0,154.54545454545453,3.368
Nusa Tenggara Barat,Beras,2,hanyut,1.4314837454348197,189.01515151515147,22.0,154.54545454545453,1.223
Nusa Tenggara Barat,Beras,2,musiman,6.864033593279848,909.0909090909091,22.0,154.54545454545453,5.882
Nusa Tenggara Barat,Beras,2,naif,1.1824096637061232,154.54545454545453,22.0,154.54545454545453,1.0
Nusa Tenggara Barat,Beras,3,campuran,4.158600575127335,551.1904761904761,21.0,192.85714285714286,2.858
Nusa Tenggara Barat,Beras,3,hanyut,1.2857151618312797,171.42857142857142,21.0,192.85714285714286,0.889
Nusa Tenggara Barat,Beras,3,musiman,6.928425144215934,919.047619047619,21.0,192.85714285714286,4.765
Nusa Tenggara Barat,Beras,3,naif,1.4643617959102417,192.85714285714286,21.0,192.85714285714286,1.0
Nusa Tenggara Barat,Cabai Besar,1,campuran,29.774665541020966,10220.652173913044,23.0,8906.521739130434,1.148
Nusa Tenggara Barat,Cabai Besar,1,hanyut,25.660433597886577,9560.507246376814,23.0,8906.521739130434,1.073
Nusa Tenggara Barat,Cabai Besar,1,musiman,45.60233868757388,15208.695652173914,23.0,8906.521739130434,1.708
Nusa Tenggara Barat,Cabai Besar,1,naif,24.00474635501915,8906.521739130434,23.0,8906.521739130434,1.0
Nusa Tenggara Barat,Cabai Besar,2,campuran,38.90118868315009,13510.227272727272,22.0,14079.545454545454,0.96
Nusa Tenggara Barat,Cabai Besar,2,hanyut,43.61221558479988,16054.545454545454,22.0,14079.545454545454,1.14
Nusa Tenggara Barat,Cabai Besar,2,musiman,46.22062680973632,15500.0,22.0,14079.545454545454,1.101
Nusa Tenggara Barat,Cabai Besar,2,naif,38.46769886765505,14079.545454545454,22.0,14079.545454545454,1.0
Nusa Tenggara Barat,Cabai Besar,3,campuran,47.75898703512513,17002.380952380954,21.0,19283.333333333332,0.882
Nusa Tenggara Barat,Cabai Besar,3,hanyut,60.574549447397615,22851.190476190477,21.0,19283.333333333332,1.185
Nusa Tenggara Barat,Cabai Besar,3,musiman,46.42691285521322,15826.190476190477,21.0,19283.333333333332,0.821
Nusa Tenggara Barat,Cabai Besar,3,naif,51.627723408804414,19283.333333333332,21.0,19283.333333333332,1.0
Nusa Tenggara Barat,Cabai Rawit,1,campuran,36.61390041262237,19606.521739130436,23.0,23484.782608695652,0.835
Nusa Tenggara Barat,Cabai Rawit,1,hanyut,41.50121071549496,23998.55072463768,23.0,23484.782608695652,1.022
Nusa Tenggara Barat,Cabai Rawit,1,musiman,44.429141809982866,25206.521739130436,23.0,23484.782608695652,1.073
Nusa Tenggara Barat,Cabai Rawit,1,naif,40.70439510860555,23484.782608695652,23.0,23484.782608695652,1.0
Nusa Tenggara Barat,Cabai Rawit,2,campuran,45.83446455460546,24503.409090909092,22.0,32988.63636363636,0.743
Nusa Tenggara Barat,Cabai Rawit,2,hanyut,62.2375155486677,34098.86363636364,22.0,32988.63636363636,1.034
Nusa Tenggara Barat,Cabai Rawit,2,musiman,46.159178689313194,26268.18181818182,22.0,32988.63636363636,0.796
Nusa Tenggara Barat,Cabai Rawit,2,naif,59.06144197277094,32988.63636363636,22.0,32988.63636363636,1.0
Nusa Tenggara Barat,Cabai Rawit,3,campuran,52.30270842848979,26939.285714285714,21.0,39323.80952380953,0.685
Nusa Tenggara Barat,Cabai Rawit,3,hanyut,79.38294398933584,42488.69047619047,21.0,39323.80952380953,1.08
Nusa Tenggara Barat,Cabai Rawit,3,musiman,47.91523665208508,27392.85714285714,21.0,39323.80952380953,0.697
Nusa Tenggara Barat,Cabai Rawit,3,naif,72.80982431302337,39323.80952380953,21.0,39323.80952380953,1.0
Nusa Tenggara Timur,Bawang Merah,1,campuran,10.572986699041564,4133.152173913043,23.0,3136.9565217391305,1.318
Nusa Tenggara Timur,Bawang Merah,1,hanyut,8.404348165963388,3290.126811594204,23.0,3136.9565217391305,1.049
Nusa Tenggara Timur,Bawang Merah,1,musiman,17.086074480431886,6759.782608695652,23.0,3136.9565217391305,2.155
Nusa Tenggara Timur,Bawang Merah,1,naif,8.027850011636911,3136.9565217391305,23.0,3136.9565217391305,1.0
Nusa Tenggara Timur,Bawang Merah,2,campuran,11.512060501153357,4625.568181818182,22.0,4988.636363636364,0.927
Nusa Tenggara Timur,Bawang Merah,2,hanyut,13.353700657315699,5247.537878787879,22.0,4988.636363636364,1.052
Nusa Tenggara Timur,Bawang Merah,2,musiman,16.980917042895356,6876.136363636364,22.0,4988.636363636364,1.378
Nusa Tenggara Timur,Bawang Merah,2,naif,12.638647554304752,4988.636363636364,22.0,4988.636363636364,1.0
Nusa Tenggara Timur,Bawang Merah,3,campuran,12.819265711607311,5320.833333333333,21.0,6450.0,0.825
Nusa Tenggara Timur,Bawang Merah,3,hanyut,16.448556641733415,6524.107142857143,21.0,6450.0,1.011
Nusa Tenggara Timur,Bawang Merah,3,musiman,17.60257514028606,7163.0952380952385,21.0,6450.0,1.111
Nusa Tenggara Timur,Bawang Merah,3,naif,15.828402609527645,6450.0,21.0,6450.0,1.0
Nusa Tenggara Timur,Beras,1,campuran,1.4331970117741997,209.7826086956522,23.0,26.08695652173913,8.042
Nusa Tenggara Timur,Beras,1,hanyut,0.4045791741146497,59.239130434782766,23.0,26.08695652173913,2.271
Nusa Tenggara Timur,Beras,1,musiman,2.8675062729809975,419.5652173913044,23.0,26.08695652173913,16.083
Nusa Tenggara Timur,Beras,1,naif,0.17808002828893654,26.08695652173913,23.0,26.08695652173913,1.0
Nusa Tenggara Timur,Beras,2,campuran,1.3275413284375126,194.3181818181818,22.0,45.45454545454545,4.275
Nusa Tenggara Timur,Beras,2,hanyut,0.799268055768899,117.04545454545446,22.0,45.45454545454545,2.575
Nusa Tenggara Timur,Beras,2,musiman,2.5944965519110985,379.54545454545456,22.0,45.45454545454545,8.35
Nusa Tenggara Timur,Beras,2,naif,0.3099774731869211,45.45454545454545,22.0,45.45454545454545,1.0
Nusa Tenggara Timur,Beras,3,campuran,1.3174899876554877,192.85714285714286,21.0,71.42857142857143,2.7
Nusa Tenggara Timur,Beras,3,hanyut,1.171232419098135,171.42857142857142,21.0,71.42857142857143,2.4
Nusa Tenggara Timur,Beras,3,musiman,2.4742604865299755,361.9047619047619,21.0,71.42857142857143,5.067
Nusa Tenggara Timur,Beras,3,naif,0.48721820852407155,71.42857142857143,21.0,71.42857142857143,1.0
Nusa Tenggara Timur,Cabai Besar,1,campuran,10.416950173438199,5541.847826086957,23.0,5886.95652173913,0.941
Nusa Tenggara Timur,Cabai Besar,1,hanyut,11.197752538641971,6207.155797101448,23.0,5886.95652173913,1.054
Nusa Tenggara Timur,Cabai Besar,1,musiman,14.704659075607166,7611.95652173913,23.0,5886.95652173913,1.293
Nusa Tenggara Timur,Cabai Besar,1,naif,10.631593011693761,5886.95652173913,23.0,5886.95652173913,1.0
Nusa Tenggara Timur,Cabai Besar,2,campuran,11.070878719841321,5810.795454545455,22.0,8315.90909090909,0.699
Nusa Tenggara Timur,Cabai Besar,2,hanyut,17.00470998815506,9269.507575757576,22.0,8315.90909090909,1.115
Nusa Tenggara Timur,Cabai Besar,2,musiman,14.823085573967235,7692.045454545455,22.0,8315.90909090909,0.925
Nusa Tenggara Timur,Cabai Besar,2,naif,15.32178306159999,8315.90909090909,22.0,8315.90909090909,1.0
Nusa Tenggara Timur,Cabai Besar,3,campuran,10.391783546231082,5385.119047619048,21.0,8478.57142857143,0.635
Nusa Tenggara Timur,Cabai Besar,3,hanyut,18.04538167845913,9622.32142857143,21.0,8478.57142857143,1.135
Nusa Tenggara Timur,Cabai Besar,3,musiman,15.23292270153889,7920.238095238095,21.0,8478.57142857143,0.934
Nusa Tenggara Timur,Cabai Besar,3,naif,15.969128042862863,8478.57142857143,21.0,8478.57142857143,1.0
Nusa Tenggara Timur,Cabai Rawit,1,campuran,12.0630699642374,8550.54347826087,23.0,9936.95652173913,0.86
Nusa Tenggara Timur,Cabai Rawit,1,hanyut,14.369328757735348,10554.98188405797,23.0,9936.95652173913,1.062
Nusa Tenggara Timur,Cabai Rawit,1,musiman,21.2041216742932,14729.347826086956,23.0,9936.95652173913,1.482
Nusa Tenggara Timur,Cabai Rawit,1,naif,13.565981875037956,9936.95652173913,23.0,9936.95652173913,1.0
Nusa Tenggara Timur,Cabai Rawit,2,campuran,12.465446211300184,8822.15909090909,22.0,14015.90909090909,0.629
Nusa Tenggara Timur,Cabai Rawit,2,hanyut,21.56554230445746,16023.295454545458,22.0,14015.90909090909,1.143
Nusa Tenggara Timur,Cabai Rawit,2,musiman,20.978889473295716,14719.318181818182,22.0,14015.90909090909,1.05
Nusa Tenggara Timur,Cabai Rawit,2,naif,18.833232009841876,14015.90909090909,22.0,14015.90909090909,1.0
Nusa Tenggara Timur,Cabai Rawit,3,campuran,15.690744109645106,11357.738095238095,21.0,16957.14285714286,0.67
Nusa Tenggara Timur,Cabai Rawit,3,hanyut,26.588904406024838,19599.10714285714,21.0,16957.14285714286,1.156
Nusa Tenggara Timur,Cabai Rawit,3,musiman,20.65941200677556,14727.380952380952,21.0,16957.14285714286,0.869
Nusa Tenggara Timur,Cabai Rawit,3,naif,22.97461683975468,16957.14285714286,21.0,16957.14285714286,1.0
Papua,Bawang Merah,1,campuran,9.727904770036622,6462.5,23.0,5593.478260869565,1.155
Papua,Bawang Merah,1,hanyut,8.709870722560408,5681.068840579711,23.0,5593.478260869565,1.016
Papua,Bawang Merah,1,musiman,15.86880800275909,10492.391304347826,23.0,5593.478260869565,1.876
Papua,Bawang Merah,1,naif,8.558315087367541,5593.478260869565,23.0,5593.478260869565,1.0
Papua,Bawang Merah,2,campuran,10.943454645536379,7305.113636363636,22.0,6920.454545454545,1.056
Papua,Bawang Merah,2,hanyut,11.299907245020409,7267.234848484849,22.0,6920.454545454545,1.05
Papua,Bawang Merah,2,musiman,16.372945740258242,10871.59090909091,22.0,6920.454545454545,1.571
Papua,Bawang Merah,2,naif,10.693587121376956,6920.454545454545,22.0,6920.454545454545,1.0
Papua,Bawang Merah,3,campuran,11.748673346070653,7854.166666666667,21.0,7123.809523809524,1.103
Papua,Bawang Merah,3,hanyut,11.10186939563998,7278.273809523809,21.0,7123.809523809524,1.022
Papua,Bawang Merah,3,musiman,17.087303700678703,11360.714285714286,21.0,7123.809523809524,1.595
Papua,Bawang Merah,3,naif,10.786857573267053,7123.809523809524,21.0,7123.809523809524,1.0
Papua,Beras,1,campuran,4.646666603231594,849.4565217391304,23.0,152.17391304347825,5.582
Papua,Beras,1,hanyut,1.2662001315294529,229.43840579710124,23.0,152.17391304347825,1.508
Papua,Beras,1,musiman,8.84836352834759,1616.304347826087,23.0,152.17391304347825,10.621
Papua,Beras,1,naif,0.8318547115832343,152.17391304347825,23.0,152.17391304347825,1.0
Papua,Beras,2,campuran,4.745053829109828,872.1590909090909,22.0,272.72727272727275,3.198
Papua,Beras,2,hanyut,2.3544092341611593,427.46212121212125,22.0,272.72727272727275,1.567
Papua,Beras,2,musiman,8.587959167126176,1576.1363636363637,22.0,272.72727272727275,5.779
Papua,Beras,2,naif,1.4952000048036551,272.72727272727275,22.0,272.72727272727275,1.0
Papua,Beras,3,campuran,4.93433893149944,912.5,21.0,404.76190476190476,2.254
Papua,Beras,3,hanyut,3.3382309093755267,608.6309523809524,21.0,404.76190476190476,1.504
Papua,Beras,3,musiman,8.391105151697698,1548.8095238095239,21.0,404.76190476190476,3.826
Papua,Beras,3,naif,2.2061531534347045,404.76190476190476,21.0,404.76190476190476,1.0
Papua,Cabai Besar,1,campuran,10.979679052509313,8872.282608695652,23.0,10452.173913043478,0.849
Papua,Cabai Besar,1,hanyut,13.595919197127646,10754.800724637682,23.0,10452.173913043478,1.029
Papua,Cabai Besar,1,musiman,14.631209628281622,11788.04347826087,23.0,10452.173913043478,1.128
Papua,Cabai Besar,1,naif,13.167521418604178,10452.173913043478,23.0,10452.173913043478,1.0
Papua,Cabai Besar,2,campuran,11.389969797387115,9296.022727272728,22.0,13147.727272727272,0.707
Papua,Cabai Besar,2,hanyut,18.314078536812623,14014.204545454546,22.0,13147.727272727272,1.066
Papua,Cabai Besar,2,musiman,15.129402241939689,12201.136363636364,22.0,13147.727272727272,0.928
Papua,Cabai Besar,2,naif,17.178034873522346,13147.727272727272,22.0,13147.727272727272,1.0
Papua,Cabai Besar,3,campuran,12.52102531630142,9970.833333333334,21.0,15042.857142857143,0.663
Papua,Cabai Besar,3,hanyut,21.832842882828952,16345.535714285714,21.0,15042.857142857143,1.087
Papua,Cabai Besar,3,musiman,15.050775592362164,12255.952380952382,21.0,15042.857142857143,0.815
Papua,Cabai Besar,3,naif,19.817277197582158,15042.857142857143,21.0,15042.857142857143,1.0
Papua,Cabai Rawit,1,campuran,14.757268880147798,13519.021739130434,23.0,15719.565217391304,0.86
Papua,Cabai Rawit,1,hanyut,18.18831152804985,15799.36594202899,23.0,15719.565217391304,1.005
Papua,Cabai Rawit,1,musiman,19.811455314584215,18175.0,23.0,15719.565217391304,1.156
Papua,Cabai Rawit,1,naif,17.910398534648593,15719.565217391304,23.0,15719.565217391304,1.0
Papua,Cabai Rawit,2,campuran,16.411735855982684,14742.613636363636,22.0,19259.090909090908,0.765
Papua,Cabai Rawit,2,hanyut,24.600726839737952,21164.58333333333,22.0,19259.090909090908,1.099
Papua,Cabai Rawit,2,musiman,20.183314250568994,18537.5,22.0,19259.090909090908,0.963
Papua,Cabai Rawit,2,naif,22.217917882577556,19259.090909090908,22.0,19259.090909090908,1.0
Papua,Cabai Rawit,3,campuran,17.29753832552481,14818.452380952382,21.0,15404.761904761905,0.962
Papua,Cabai Rawit,3,hanyut,21.808814353518933,17032.440476190477,21.0,15404.761904761905,1.106
Papua,Cabai Rawit,3,musiman,20.881769247628426,19236.904761904763,21.0,15404.761904761905,1.249
Papua,Cabai Rawit,3,naif,19.525253897042035,15404.761904761905,21.0,15404.761904761905,1.0
Papua Barat,Bawang Merah,1,campuran,10.981346446751342,6331.521739130435,23.0,6141.304347826087,1.031
Papua Barat,Bawang Merah,1,hanyut,10.930071964467809,6145.833333333333,23.0,6141.304347826087,1.001
Papua Barat,Bawang Merah,1,musiman,13.411497102387187,7826.086956521739,23.0,6141.304347826087,1.274
Papua Barat,Bawang Merah,1,naif,10.881489610771016,6141.304347826087,23.0,6141.304347826087,1.0
Papua Barat,Bawang Merah,2,campuran,10.522327265274157,6250.0,22.0,7386.363636363636,0.846
Papua Barat,Bawang Merah,2,hanyut,13.752281001562988,7954.545454545453,22.0,7386.363636363636,1.077
Papua Barat,Bawang Merah,2,musiman,13.452928788859333,7954.545454545455,22.0,7386.363636363636,1.077
Papua Barat,Bawang Merah,2,naif,12.668931987546191,7386.363636363636,22.0,7386.363636363636,1.0
Papua Barat,Bawang Merah,3,campuran,9.24489902582791,5654.761904761905,21.0,5833.333333333333,0.969
Papua Barat,Bawang Merah,3,hanyut,11.070645604808513,6622.023809523809,21.0,5833.333333333333,1.135
Papua Barat,Bawang Merah,3,musiman,13.321343673270908,7976.190476190476,21.0,5833.333333333333,1.367
Papua Barat,Bawang Merah,3,naif,9.682169478455094,5833.333333333333,21.0,5833.333333333333,1.0
Papua Barat,Beras,1,campuran,2.0274807568378868,354.3478260869565,23.0,110.8695652173913,3.196
Papua Barat,Beras,1,hanyut,0.8733600619275906,151.99275362318866,23.0,110.8695652173913,1.371
Papua Barat,Beras,1,musiman,4.150799677510992,723.9130434782609,23.0,110.8695652173913,6.529
Papua Barat,Beras,1,naif,0.6351952802271666,110.8695652173913,23.0,110.8695652173913,1.0
Papua Barat,Beras,2,campuran,1.8242990268723978,319.3181818181818,22.0,177.27272727272728,1.801
Papua Barat,Beras,2,hanyut,1.5074744861106328,261.7424242424242,22.0,177.27272727272728,1.476
Papua Barat,Beras,2,musiman,3.8199918706446088,665.9090909090909,22.0,177.27272727272728,3.756
Papua Barat,Beras,2,naif,1.0171246297272236,177.27272727272728,22.0,177.27272727272728,1.0
Papua Barat,Beras,3,campuran,1.830270747132499,320.23809523809524,21.0,223.8095238095238,1.431
Papua Barat,Beras,3,hanyut,2.0570207481180574,356.54761904761904,21.0,223.8095238095238,1.593
Papua Barat,Beras,3,musiman,3.6187544829851017,630.952380952381,21.0,223.8095238095238,2.819
Papua Barat,Beras,3,naif,1.2854344375708906,223.8095238095238,21.0,223.8095238095238,1.0
Papua Barat,Cabai Besar,1,campuran,9.812177836146914,6277.173913043478,23.0,5706.521739130435,1.1
Papua Barat,Cabai Besar,1,hanyut,10.163238410339039,6091.485507246379,23.0,5706.521739130435,1.067
Papua Barat,Cabai Besar,1,musiman,16.4390901677122,10489.130434782608,23.0,5706.521739130435,1.838
Papua Barat,Cabai Besar,1,naif,9.490802213185194,5706.521739130435,23.0,5706.521739130435,1.0
Papua Barat,Cabai Besar,2,campuran,9.994799900658625,6221.590909090909,22.0,7443.181818181818,0.836
Papua Barat,Cabai Besar,2,hanyut,14.994729001304814,8726.325757575756,22.0,7443.181818181818,1.172
Papua Barat,Cabai Besar,2,musiman,16.144654872305182,10340.90909090909,22.0,7443.181818181818,1.389
Papua Barat,Cabai Besar,2,naif,12.725836461811172,7443.181818181818,22.0,7443.181818181818,1.0
Papua Barat,Cabai Besar,3,campuran,11.27400968397761,6904.761904761905,21.0,8630.952380952382,0.8
Papua Barat,Cabai Besar,3,hanyut,18.170014760249625,10528.27380952381,21.0,8630.952380952382,1.22
Papua Barat,Cabai Besar,3,musiman,16.78474783276244,10773.809523809523,21.0,8630.952380952382,1.248
Papua Barat,Cabai Besar,3,naif,14.859051981104084,8630.952380952382,21.0,8630.952380952382,1.0
Papua Barat,Cabai Rawit,1,campuran,20.14098937852415,15271.739130434782,23.0,21739.130434782608,0.702
Papua Barat,Cabai Rawit,1,hanyut,29.35105703730568,21798.007246376812,23.0,21739.130434782608,1.003
Papua Barat,Cabai Rawit,1,musiman,17.342878988814988,14130.434782608696,23.0,21739.130434782608,0.65
Papua Barat,Cabai Rawit,1,naif,29.132322673412723,21739.130434782608,23.0,21739.130434782608,1.0
Papua Barat,Cabai Rawit,2,campuran,18.692743488040698,14517.045454545454,22.0,24772.727272727272,0.586
Papua Barat,Cabai Rawit,2,hanyut,33.49997218757443,25918.560606060608,22.0,24772.727272727272,1.046
Papua Barat,Cabai Rawit,2,musiman,17.34994167012476,14147.727272727272,22.0,24772.727272727272,0.571
Papua Barat,Cabai Rawit,2,naif,32.006246926802454,24772.727272727272,22.0,24772.727272727272,1.0
Papua Barat,Cabai Rawit,3,campuran,13.94822536605774,10505.952380952382,21.0,14702.380952380952,0.715
Papua Barat,Cabai Rawit,3,hanyut,21.99521226484893,15788.690476190477,21.0,14702.380952380952,1.074
Papua Barat,Cabai Rawit,3,musiman,17.719508364135923,14404.761904761905,21.0,14702.380952380952,0.98
Papua Barat,Cabai Rawit,3,naif,20.647251503833367,14702.380952380952,21.0,14702.380952380952,1.0
Riau,Bawang Merah,1,campuran,12.149278415640756,4763.586956521739,23.0,4867.391304347826,0.979
Riau,Bawang Merah,1,hanyut,13.184802569302494,5089.221014492753,23.0,4867.391304347826,1.046
Riau,Bawang Merah,1,musiman,16.851388789836722,6738.04347826087,23.0,4867.391304347826,1.384
Riau,Bawang Merah,1,naif,12.68691996067705,4867.391304347826,23.0,4867.391304347826,1.0
Riau,Bawang Merah,2,campuran,15.417809428917062,6173.295454545455,22.0,6709.090909090909,0.92
Riau,Bawang Merah,2,hanyut,17.985468225158886,7011.55303030303,22.0,6709.090909090909,1.045
Riau,Bawang Merah,2,musiman,17.290685629546495,6964.772727272727,22.0,6709.090909090909,1.038
Riau,Bawang Merah,2,naif,17.09536219419926,6709.090909090909,22.0,6709.090909090909,1.0
Riau,Bawang Merah,3,campuran,14.511912703999414,5838.690476190476,21.0,6280.952380952381,0.93
Riau,Bawang Merah,3,hanyut,18.03451775602001,6971.726190476191,21.0,6280.952380952381,1.11
Riau,Bawang Merah,3,musiman,16.645125058233535,6863.0952380952385,21.0,6280.952380952381,1.093
Riau,Bawang Merah,3,naif,16.21790789304784,6280.952380952381,21.0,6280.952380952381,1.0
Riau,Beras,1,campuran,1.3017424379425504,214.67391304347825,23.0,19.565217391304348,10.972
Riau,Beras,1,hanyut,0.3242300350727471,53.532608695651696,23.0,19.565217391304348,2.736
Riau,Beras,1,musiman,2.538044181384096,418.4782608695652,23.0,19.565217391304348,21.389
Riau,Beras,1,naif,0.11782414133180655,19.565217391304348,23.0,19.565217391304348,1.0
Riau,Beras,2,campuran,1.1803608555599756,194.88636363636363,22.0,31.818181818181817,6.125
Riau,Beras,2,hanyut,0.5064578465330931,83.52272727272761,22.0,31.818181818181817,2.625
Riau,Beras,2,musiman,2.223808939074503,367.04545454545456,22.0,31.818181818181817,11.536
Riau,Beras,2,naif,0.1916772846412857,31.818181818181817,22.0,31.818181818181817,1.0
Riau,Beras,3,campuran,1.1199875979225862,185.11904761904762,21.0,50.0,3.702
Riau,Beras,3,hanyut,0.6480381654027751,106.8452380952381,21.0,50.0,2.137
Riau,Beras,3,musiman,2.024826554059468,334.5238095238095,21.0,50.0,6.69
Riau,Beras,3,naif,0.3012071615791632,50.0,21.0,50.0,1.0
Riau,Cabai Besar,1,campuran,33.18361466109415,14488.04347826087,23.0,11036.95652173913,1.313
Riau,Cabai Besar,1,hanyut,25.376953787663687,11331.521739130434,23.0,11036.95652173913,1.027
Riau,Cabai Besar,1,musiman,48.87531606791758,21141.304347826088,23.0,11036.95652173913,1.916
Riau,Cabai Besar,1,naif,25.17352474049368,11036.95652173913,23.0,11036.95652173913,1.0
Riau,Cabai Besar,2,campuran,41.78019974894884,18164.772727272728,22.0,18004.545454545456,1.009
Riau,Cabai Besar,2,hanyut,45.08643809332381,19869.31818181818,22.0,18004.545454545456,1.104
Riau,Cabai Besar,2,musiman,50.20063453195225,21752.272727272728,22.0,18004.545454545456,1.208
Riau,Cabai Besar,2,naif,40.73872360901128,18004.545454545456,22.0,18004.545454545456,1.0
Riau,Cabai Besar,3,campuran,51.61163301404248,22767.85714285714,21.0,25164.285714285714,0.905
Riau,Cabai Besar,3,hanyut,66.18487664380038,29573.809523809523,21.0,25164.285714285714,1.175
Riau,Cabai Besar,3,musiman,50.09892910022945,22121.428571428572,21.0,25164.285714285714,0.879
Riau,Cabai Besar,3,naif,56.35021265535079,25164.285714285714,21.0,25164.285714285714,1.0
Riau,Cabai Rawit,1,campuran,22.989138974281246,13623.91304347826,23.0,13363.04347826087,1.02
Riau,Cabai Rawit,1,hanyut,22.46755472522946,13683.333333333332,23.0,13363.04347826087,1.024
Riau,Cabai Rawit,1,musiman,30.56904417862975,17854.347826086956,23.0,13363.04347826087,1.336
Riau,Cabai Rawit,1,naif,22.040751445350732,13363.04347826087,23.0,13363.04347826087,1.0
Riau,Cabai Rawit,2,campuran,26.594164289626733,15870.454545454546,22.0,16895.454545454544,0.939
Riau,Cabai Rawit,2,hanyut,31.548977514851025,18953.78787878788,22.0,16895.454545454544,1.122
Riau,Cabai Rawit,2,musiman,31.1025839671507,18204.545454545456,22.0,16895.454545454544,1.077
Riau,Cabai Rawit,2,naif,28.163725445385996,16895.454545454544,22.0,16895.454545454544,1.0
Riau,Cabai Rawit,3,campuran,30.640111081254407,18157.14285714286,21.0,20466.666666666668,0.887
Riau,Cabai Rawit,3,hanyut,40.11432097600883,24079.761904761905,21.0,20466.666666666668,1.177
Riau,Cabai Rawit,3,musiman,31.60173377719576,18533.333333333332,21.0,20466.666666666668,0.906
Riau,Cabai Rawit,3,naif,34.25845236880693,20466.666666666668,21.0,20466.666666666668,1.0
Sulawesi Barat,Bawang Merah,1,campuran,14.48695226159346,5900.0,23.0,4995.652173913043,1.181
Sulawesi Barat,Bawang Merah,1,hanyut,13.155049813654799,5138.043478260868,23.0,4995.652173913043,1.029
Sulawesi Barat,Bawang Merah,1,musiman,20.620017869710853,8626.08695652174,23.0,4995.652173913043,1.727
Sulawesi Barat,Bawang Merah,1,naif,12.79193155902647,4995.652173913043,23.0,4995.652173913043,1.0
Sulawesi Barat,Bawang Merah,2,campuran,16.68689435003497,7010.227272727273,22.0,7331.818181818182,0.956
Sulawesi Barat,Bawang Merah,2,hanyut,19.914870102880663,7973.863636363636,22.0,7331.818181818182,1.088
Sulawesi Barat,Bawang Merah,2,musiman,20.737449151044743,8838.636363636364,22.0,7331.818181818182,1.206
Sulawesi Barat,Bawang Merah,2,naif,18.10627104294508,7331.818181818182,22.0,7331.818181818182,1.0
Sulawesi Barat,Bawang Merah,3,campuran,15.808003635880736,6940.476190476191,21.0,7511.9047619047615,0.924
Sulawesi Barat,Bawang Merah,3,hanyut,20.898397962169057,8794.047619047618,21.0,7511.9047619047615,1.171
Sulawesi Barat,Bawang Merah,3,musiman,20.722440464001764,8954.761904761905,21.0,7511.9047619047615,1.192
Sulawesi Barat,Bawang Merah,3,naif,17.52467988810459,7511.9047619047615,21.0,7511.9047619047615,1.0
Sulawesi Barat,Beras,1,campuran,3.525412513735149,494.5652173913044,23.0,189.1304347826087,2.615
Sulawesi Barat,Beras,1,hanyut,1.7049127493084515,240.03623188405808,23.0,189.1304347826087,1.269
Sulawesi Barat,Beras,1,musiman,6.516536275182442,913.0434782608696,23.0,189.1304347826087,4.828
Sulawesi Barat,Beras,1,naif,1.3334303457413643,189.1304347826087,23.0,189.1304347826087,1.0
Sulawesi Barat,Beras,2,campuran,3.64741907021277,514.7727272727273,22.0,365.90909090909093,1.407
Sulawesi Barat,Beras,2,hanyut,3.286405735806624,462.121212121212,22.0,365.90909090909093,1.263
Sulawesi Barat,Beras,2,musiman,6.113441770208217,859.0909090909091,22.0,365.90909090909093,2.348
Sulawesi Barat,Beras,2,naif,2.566904145789256,365.90909090909093,22.0,365.90909090909093,1.0
Sulawesi Barat,Beras,3,campuran,3.8815506639775545,551.1904761904761,21.0,495.23809523809524,1.113
Sulawesi Barat,Beras,3,hanyut,4.724759866009521,668.452380952381,21.0,495.23809523809524,1.35
Sulawesi Barat,Beras,3,musiman,6.240981163845903,878.5714285714286,21.0,495.23809523809524,1.774
Sulawesi Barat,Beras,3,naif,3.4564270488516686,495.23809523809524,21.0,495.23809523809524,1.0
Sulawesi Barat,Cabai Besar,1,campuran,29.347708320004095,9100.0,23.0,8760.869565217392,1.039
Sulawesi Barat,Cabai Besar,1,hanyut,28.21322447389373,9831.340579710144,23.0,8760.869565217392,1.122
Sulawesi Barat,Cabai Besar,1,musiman,53.789613572446015,16582.608695652172,23.0,8760.869565217392,1.893
Sulawesi Barat,Cabai Besar,1,naif,24.921996849577805,8760.869565217392,23.0,8760.869565217392,1.0
Sulawesi Barat,Cabai Besar,2,campuran,33.610499091716264,10521.59090909091,22.0,11327.272727272728,0.929
Sulawesi Barat,Cabai Besar,2,hanyut,40.51158999179405,13448.106060606062,22.0,11327.272727272728,1.187
Sulawesi Barat,Cabai Besar,2,musiman,54.763180824801815,16979.545454545456,22.0,11327.272727272728,1.499
Sulawesi Barat,Cabai Besar,2,naif,34.06238114405811,11327.272727272728,22.0,11327.272727272728,1.0
Sulawesi Barat,Cabai Besar,3,campuran,38.278518562844724,12458.333333333334,21.0,14338.095238095239,0.869
Sulawesi Barat,Cabai Besar,3,hanyut,51.80825297070345,17708.928571428572,21.0,14338.095238095239,1.235
Sulawesi Barat,Cabai Besar,3,musiman,54.77605831059294,17340.47619047619,21.0,14338.095238095239,1.209
Sulawesi Barat,Cabai Besar,3,naif,41.74943886770449,14338.095238095239,21.0,14338.095238095239,1.0
Sulawesi Barat,Cabai Rawit,1,campuran,20.509642314003255,8645.652173913044,23.0,6986.95652173913,1.237
Sulawesi Barat,Cabai Rawit,1,hanyut,17.965251995307973,7897.101449275364,23.0,6986.95652173913,1.13
Sulawesi Barat,Cabai Rawit,1,musiman,34.68790340094683,14604.347826086956,23.0,6986.95652173913,2.09
Sulawesi Barat,Cabai Rawit,1,naif,15.849900088165484,6986.95652173913,23.0,6986.95652173913,1.0
Sulawesi Barat,Cabai Rawit,2,campuran,24.51700727083904,10512.5,22.0,10990.90909090909,0.956
Sulawesi Barat,Cabai Rawit,2,hanyut,29.230503286119735,13072.727272727272,22.0,10990.90909090909,1.189
Sulawesi Barat,Cabai Rawit,2,musiman,35.73166867437874,15070.454545454546,22.0,10990.90909090909,1.371
Sulawesi Barat,Cabai Rawit,2,naif,24.662901556168233,10990.90909090909,22.0,10990.90909090909,1.0
Sulawesi Barat,Cabai Rawit,3,campuran,28.362084362169433,12439.285714285714,21.0,14342.857142857143,0.867
Sulawesi Barat,Cabai Rawit,3,hanyut,37.73144690216637,17234.52380952381,21.0,14342.857142857143,1.202
Sulawesi Barat,Cabai Rawit,3,musiman,37.43317670649202,15788.095238095239,21.0,14342.857142857143,1.101
Sulawesi Barat,Cabai Rawit,3,naif,31.954797240235727,14342.857142857143,21.0,14342.857142857143,1.0
Sulawesi Selatan,Bawang Merah,1,campuran,13.326801872222202,5157.608695652174,23.0,4434.782608695652,1.163
Sulawesi Selatan,Bawang Merah,1,hanyut,12.102452387352566,4596.557971014492,23.0,4434.782608695652,1.036
Sulawesi Selatan,Bawang Merah,1,musiman,19.241678042199123,7563.04347826087,23.0,4434.782608695652,1.705
Sulawesi Selatan,Bawang Merah,1,naif,11.711755765424442,4434.782608695652,23.0,4434.782608695652,1.0
Sulawesi Selatan,Bawang Merah,2,campuran,14.309108433035094,5672.727272727273,22.0,6593.181818181818,0.86
Sulawesi Selatan,Bawang Merah,2,hanyut,18.438657276914807,7166.287878787879,22.0,6593.181818181818,1.087
Sulawesi Selatan,Bawang Merah,2,musiman,19.649101017253336,7797.727272727273,22.0,6593.181818181818,1.183
Sulawesi Selatan,Bawang Merah,2,naif,16.829542327294114,6593.181818181818,22.0,6593.181818181818,1.0
Sulawesi Selatan,Bawang Merah,3,campuran,13.181636787321352,5398.809523809524,21.0,5533.333333333333,0.976
Sulawesi Selatan,Bawang Merah,3,hanyut,16.942109194353407,6794.047619047619,21.0,5533.333333333333,1.228
Sulawesi Selatan,Bawang Merah,3,musiman,19.566183240382028,7883.333333333333,21.0,5533.333333333333,1.425
Sulawesi Selatan,Bawang Merah,3,naif,13.648632044000383,5533.333333333333,21.0,5533.333333333333,1.0
Sulawesi Selatan,Beras,1,campuran,3.2130556606511784,463.04347826086956,23.0,176.08695652173913,2.63
Sulawesi Selatan,Beras,1,hanyut,1.4414735662043847,207.608695652174,23.0,176.08695652173913,1.179
Sulawesi Selatan,Beras,1,musiman,6.15492135882276,884.7826086956521,23.0,176.08695652173913,5.025
Sulawesi Selatan,Beras,1,naif,1.2215222748081034,176.08695652173913,23.0,176.08695652173913,1.0
Sulawesi Selatan,Beras,2,campuran,3.109379713781392,451.1363636363636,22.0,270.45454545454544,1.668
Sulawesi Selatan,Beras,2,hanyut,2.383897620007268,342.80303030303025,22.0,270.45454545454544,1.268
Sulawesi Selatan,Beras,2,musiman,5.797018830659374,836.3636363636364,22.0,270.45454545454544,3.092
Sulawesi Selatan,Beras,2,naif,1.8786662553759141,270.45454545454544,22.0,270.45454545454544,1.0
Sulawesi Selatan,Beras,3,campuran,3.0797472638751646,450.0,21.0,369.04761904761904,1.219
Sulawesi Selatan,Beras,3,hanyut,3.439485895975257,495.23809523809524,21.0,369.04761904761904,1.342
Sulawesi Selatan,Beras,3,musiman,5.610580193270423,811.9047619047619,21.0,369.04761904761904,2.2
Sulawesi Selatan,Beras,3,naif,2.5580684812396863,369.04761904761904,21.0,369.04761904761904,1.0
Sulawesi Selatan,Cabai Besar,1,campuran,30.88589698202634,8701.08695652174,23.0,7358.695652173913,1.182
Sulawesi Selatan,Cabai Besar,1,hanyut,27.235770742023092,8381.884057971014,23.0,7358.695652173913,1.139
Sulawesi Selatan,Cabai Besar,1,musiman,54.47606680349813,15395.652173913044,23.0,7358.695652173913,2.092
Sulawesi Selatan,Cabai Besar,1,naif,23.741215268490425,7358.695652173913,23.0,7358.695652173913,1.0
Sulawesi Selatan,Cabai Besar,2,campuran,36.09362276055339,10194.318181818182,22.0,10350.0,0.985
Sulawesi Selatan,Cabai Besar,2,hanyut,41.25449037667494,12224.621212121214,22.0,10350.0,1.181
Sulawesi Selatan,Cabai Besar,2,musiman,56.433051031243345,15975.0,22.0,10350.0,1.543
Sulawesi Selatan,Cabai Besar,2,naif,34.84229714292918,10350.0,22.0,10350.0,1.0
Sulawesi Selatan,Cabai Besar,3,campuran,40.71696204300968,11708.333333333334,21.0,13528.57142857143,0.865
Sulawesi Selatan,Cabai Besar,3,hanyut,55.55543002028962,16904.166666666668,21.0,13528.57142857143,1.25
Sulawesi Selatan,Cabai Besar,3,musiman,57.83407754449904,16511.904761904763,21.0,13528.57142857143,1.221
Sulawesi Selatan,Cabai Besar,3,naif,44.46630180706697,13528.57142857143,21.0,13528.57142857143,1.0
Sulawesi Selatan,Cabai Rawit,1,campuran,25.792386445187134,10566.304347826086,23.0,11121.739130434782,0.95
Sulawesi Selatan,Cabai Rawit,1,hanyut,29.161780243804756,11746.739130434782,23.0,11121.739130434782,1.056
Sulawesi Selatan,Cabai Rawit,1,musiman,36.62063305457853,15784.782608695652,23.0,11121.739130434782,1.419
Sulawesi Selatan,Cabai Rawit,1,naif,27.52157382812306,11121.739130434782,23.0,11121.739130434782,1.0
Sulawesi Selatan,Cabai Rawit,2,campuran,26.64174145161456,10955.681818181818,22.0,15095.454545454546,0.726
Sulawesi Selatan,Cabai Rawit,2,hanyut,39.889308841684326,16666.666666666664,22.0,15095.454545454546,1.104
Sulawesi Selatan,Cabai Rawit,2,musiman,37.78363988621299,16356.818181818182,22.0,15095.454545454546,1.084
Sulawesi Selatan,Cabai Rawit,2,naif,36.42615588952461,15095.454545454546,22.0,15095.454545454546,1.0
Sulawesi Selatan,Cabai Rawit,3,campuran,32.046808904991636,13361.904761904761,21.0,18654.761904761905,0.716
Sulawesi Selatan,Cabai Rawit,3,hanyut,50.32000882937682,21123.214285714286,21.0,18654.761904761905,1.132
Sulawesi Selatan,Cabai Rawit,3,musiman,38.61067611807963,16878.571428571428,21.0,18654.761904761905,0.905
Sulawesi Selatan,Cabai Rawit,3,naif,45.49269426584539,18654.761904761905,21.0,18654.761904761905,1.0
Sulawesi Tengah,Bawang Merah,1,campuran,13.493340682158012,6460.869565217391,23.0,6158.695652173913,1.049
Sulawesi Tengah,Bawang Merah,1,hanyut,13.916004653816646,6427.173913043478,23.0,6158.695652173913,1.044
Sulawesi Tengah,Bawang Merah,1,musiman,19.011448316012416,9110.869565217392,23.0,6158.695652173913,1.479
Sulawesi Tengah,Bawang Merah,1,naif,13.307639532205275,6158.695652173913,23.0,6158.695652173913,1.0
Sulawesi Tengah,Bawang Merah,2,campuran,16.00584588055233,7737.5,22.0,9136.363636363636,0.847
Sulawesi Tengah,Bawang Merah,2,hanyut,21.277393835033852,9886.363636363636,22.0,9136.363636363636,1.082
Sulawesi Tengah,Bawang Merah,2,musiman,19.87560505764934,9525.0,22.0,9136.363636363636,1.043
Sulawesi Tengah,Bawang Merah,2,naif,19.38873159660715,9136.363636363636,22.0,9136.363636363636,1.0
Sulawesi Tengah,Bawang Merah,3,campuran,13.726612128637623,6748.809523809524,21.0,7142.857142857143,0.945
Sulawesi Tengah,Bawang Merah,3,hanyut,17.796000485145512,8440.47619047619,21.0,7142.857142857143,1.182
Sulawesi Tengah,Bawang Merah,3,musiman,20.103826428993273,9740.47619047619,21.0,7142.857142857143,1.364
Sulawesi Tengah,Bawang Merah,3,naif,14.911525680126411,7142.857142857143,21.0,7142.857142857143,1.0
Sulawesi Tengah,Beras,1,campuran,3.5194654335617948,534.2391304347826,23.0,250.0,2.137
Sulawesi Tengah,Beras,1,hanyut,1.9800769415314576,305.1630434782607,23.0,250.0,1.221
Sulawesi Tengah,Beras,1,musiman,6.560380162366153,988.0434782608696,23.0,250.0,3.952
Sulawesi Tengah,Beras,1,naif,1.6101862355775143,250.0,23.0,250.0,1.0
Sulawesi Tengah,Beras,2,campuran,3.8109873777949526,583.5227272727273,22.0,463.6363636363636,1.259
Sulawesi Tengah,Beras,2,hanyut,3.6987886683159616,569.886363636364,22.0,463.6363636363636,1.229
Sulawesi Tengah,Beras,2,musiman,6.372685843727624,962.5,22.0,463.6363636363636,2.076
Sulawesi Tengah,Beras,2,naif,2.9778432028229718,463.6363636363636,22.0,463.6363636363636,1.0
Sulawesi Tengah,Beras,3,campuran,4.200528003504251,647.0238095238095,21.0,626.1904761904761,1.033
Sulawesi Tengah,Beras,3,hanyut,5.379422785569072,827.0833333333334,21.0,626.1904761904761,1.321
Sulawesi Tengah,Beras,3,musiman,6.394083029251075,967.8571428571429,21.0,626.1904761904761,1.546
Sulawesi Tengah,Beras,3,naif,4.011375424358103,626.1904761904761,21.0,626.1904761904761,1.0
Sulawesi Tengah,Cabai Besar,1,campuran,19.472658728905074,7040.217391304348,23.0,7013.04347826087,1.004
Sulawesi Tengah,Cabai Besar,1,hanyut,18.594166606938966,7374.09420289855,23.0,7013.04347826087,1.051
Sulawesi Tengah,Cabai Besar,1,musiman,25.629142120070426,8719.565217391304,23.0,7013.04347826087,1.243
Sulawesi Tengah,Cabai Besar,1,naif,17.778589617998367,7013.04347826087,23.0,7013.04347826087,1.0
Sulawesi Tengah,Cabai Besar,2,campuran,21.70500515419204,7676.136363636364,22.0,8111.363636363636,0.946
Sulawesi Tengah,Cabai Besar,2,hanyut,23.79083278261639,8978.787878787876,22.0,8111.363636363636,1.107
Sulawesi Tengah,Cabai Besar,2,musiman,26.226538225715718,8854.545454545454,22.0,8111.363636363636,1.092
Sulawesi Tengah,Cabai Besar,2,naif,21.586384185639442,8111.363636363636,22.0,8111.363636363636,1.0
Sulawesi Tengah,Cabai Besar,3,campuran,23.065269413048167,8301.190476190477,21.0,9461.904761904761,0.877
Sulawesi Tengah,Cabai Besar,3,hanyut,27.139173091832347,10469.642857142857,21.0,9461.904761904761,1.107
Sulawesi Tengah,Cabai Besar,3,musiman,25.775266438863436,8726.190476190477,21.0,9461.904761904761,0.922
Sulawesi Tengah,Cabai Besar,3,naif,24.901261716810183,9461.904761904761,21.0,9461.904761904761,1.0
Sulawesi Tengah,Cabai Rawit,1,campuran,20.627170127466595,11884.782608695652,23.0,14363.04347826087,0.827
Sulawesi Tengah,Cabai Rawit,1,hanyut,26.39815868663137,15063.94927536232,23.0,14363.04347826087,1.049
Sulawesi Tengah,Cabai Rawit,1,musiman,27.046821374158682,15497.826086956522,23.0,14363.04347826087,1.079
Sulawesi Tengah,Cabai Rawit,1,naif,25.41590401484796,14363.04347826087,23.0,14363.04347826087,1.0
Sulawesi Tengah,Cabai Rawit,2,campuran,20.611075171770672,12063.636363636364,22.0,15952.272727272728,0.756
Sulawesi Tengah,Cabai Rawit,2,hanyut,28.014365329088115,16916.28787878788,22.0,15952.272727272728,1.06
Sulawesi Tengah,Cabai Rawit,2,musiman,26.983931221238596,15547.727272727272,22.0,15952.272727272728,0.975
Sulawesi Tengah,Cabai Rawit,2,naif,26.829847250392437,15952.272727272728,22.0,15952.272727272728,1.0
Sulawesi Tengah,Cabai Rawit,3,campuran,22.34450822343427,13265.47619047619,21.0,15940.47619047619,0.832
Sulawesi Tengah,Cabai Rawit,3,hanyut,31.209195808629687,18589.285714285714,21.0,15940.47619047619,1.166
Sulawesi Tengah,Cabai Rawit,3,musiman,27.650772232268245,15990.47619047619,21.0,15940.47619047619,1.003
Sulawesi Tengah,Cabai Rawit,3,naif,26.855017946167948,15940.47619047619,21.0,15940.47619047619,1.0
Sulawesi Tenggara,Bawang Merah,1,campuran,11.252285917540632,5447.826086956522,23.0,4536.95652173913,1.201
Sulawesi Tenggara,Bawang Merah,1,hanyut,9.684367972273815,4559.420289855073,23.0,4536.95652173913,1.005
Sulawesi Tenggara,Bawang Merah,1,musiman,16.264186712456404,7910.869565217391,23.0,4536.95652173913,1.744
Sulawesi Tenggara,Bawang Merah,1,naif,9.605427820937178,4536.95652173913,23.0,4536.95652173913,1.0
Sulawesi Tenggara,Bawang Merah,2,campuran,12.960299074416003,6318.181818181818,22.0,6272.727272727273,1.007
Sulawesi Tenggara,Bawang Merah,2,hanyut,14.378453824780665,6768.560606060605,22.0,6272.727272727273,1.079
Sulawesi Tenggara,Bawang Merah,2,musiman,16.75488838120442,8190.909090909091,22.0,6272.727272727273,1.306
Sulawesi Tenggara,Bawang Merah,2,naif,13.215161811636152,6272.727272727273,22.0,6272.727272727273,1.0
Sulawesi Tenggara,Bawang Merah,3,campuran,12.088734965501361,6051.190476190476,21.0,6466.666666666667,0.936
Sulawesi Tenggara,Bawang Merah,3,hanyut,14.410976585133263,7058.928571428572,21.0,6466.666666666667,1.092
Sulawesi Tenggara,Bawang Merah,3,musiman,17.514947313945072,8569.047619047618,21.0,6466.666666666667,1.325
Sulawesi Tenggara,Bawang Merah,3,naif,13.13686448001197,6466.666666666667,21.0,6466.666666666667,1.0
Sulawesi Tenggara,Beras,1,campuran,2.900609366070523,452.17391304347825,23.0,156.52173913043478,2.889
Sulawesi Tenggara,Beras,1,hanyut,1.329639573266127,207.24637681159393,23.0,156.52173913043478,1.324
Sulawesi Tenggara,Beras,1,musiman,5.876155691326555,913.0434782608696,23.0,156.52173913043478,5.833
Sulawesi Tenggara,Beras,1,naif,0.9983607940734898,156.52173913043478,23.0,156.52173913043478,1.0
Sulawesi Tenggara,Beras,2,campuran,2.7976196664723103,439.77272727272725,22.0,277.27272727272725,1.586
Sulawesi Tenggara,Beras,2,hanyut,2.410150821106166,376.8939393939397,22.0,277.27272727272725,1.359
Sulawesi Tenggara,Beras,2,musiman,5.544359328401596,865.9090909090909,22.0,277.27272727272725,3.123
Sulawesi Tenggara,Beras,2,naif,1.759542218104523,277.27272727272725,22.0,277.27272727272725,1.0
Sulawesi Tenggara,Beras,3,campuran,2.8336235689425835,448.8095238095238,21.0,397.6190476190476,1.129
Sulawesi Tenggara,Beras,3,hanyut,3.4965040827118967,548.8095238095239,21.0,397.6190476190476,1.38
Sulawesi Tenggara,Beras,3,musiman,5.40618853708996,847.6190476190476,21.0,397.6190476190476,2.132
Sulawesi Tenggara,Beras,3,naif,2.5092141778533703,397.6190476190476,21.0,397.6190476190476,1.0
Sulawesi Tenggara,Cabai Besar,1,campuran,25.083418028702425,13240.217391304348,23.0,15200.0,0.871
Sulawesi Tenggara,Cabai Besar,1,hanyut,27.75304297598753,16154.52898550725,23.0,15200.0,1.063
Sulawesi Tenggara,Cabai Besar,1,musiman,35.5375204421909,17602.17391304348,23.0,15200.0,1.158
Sulawesi Tenggara,Cabai Besar,1,naif,26.106397690599486,15200.0,23.0,15200.0,1.0
Sulawesi Tenggara,Cabai Besar,2,campuran,25.754175571965593,13900.0,22.0,17745.454545454544,0.783
Sulawesi Tenggara,Cabai Besar,2,hanyut,33.801622288075535,19515.909090909092,22.0,17745.454545454544,1.1
Sulawesi Tenggara,Cabai Besar,2,musiman,36.84624582000969,18272.727272727272,22.0,17745.454545454544,1.03
Sulawesi Tenggara,Cabai Besar,2,naif,30.677151245959212,17745.454545454544,22.0,17745.454545454544,1.0
Sulawesi Tenggara,Cabai Besar,3,campuran,33.04055004598131,17897.619047619046,21.0,21000.0,0.852
Sulawesi Tenggara,Cabai Besar,3,hanyut,43.123386855453155,24516.071428571428,21.0,21000.0,1.167
Sulawesi Tenggara,Cabai Besar,3,musiman,38.30563746823978,19052.380952380954,21.0,21000.0,0.907
Sulawesi Tenggara,Cabai Besar,3,naif,36.25659003157392,21000.0,21.0,21000.0,1.0
Sulawesi Tenggara,Cabai Rawit,1,campuran,24.134498703389724,14711.95652173913,23.0,13084.782608695652,1.124
Sulawesi Tenggara,Cabai Rawit,1,hanyut,21.089139111619808,13976.44927536232,23.0,13084.782608695652,1.068
Sulawesi Tenggara,Cabai Rawit,1,musiman,40.63989460322979,24143.478260869564,23.0,13084.782608695652,1.845
Sulawesi Tenggara,Cabai Rawit,1,naif,19.95207023984755,13084.782608695652,23.0,13084.782608695652,1.0
Sulawesi Tenggara,Cabai Rawit,2,campuran,26.873704456619947,16395.454545454544,22.0,16143.181818181818,1.016
Sulawesi Tenggara,Cabai Rawit,2,hanyut,29.59114719528281,19429.92424242424,22.0,16143.181818181818,1.204
Sulawesi Tenggara,Cabai Rawit,2,musiman,41.095696862560274,24388.636363636364,22.0,16143.181818181818,1.511
Sulawesi Tenggara,Cabai Rawit,2,naif,24.3130184558122,16143.181818181818,22.0,16143.181818181818,1.0
Sulawesi Tenggara,Cabai Rawit,3,campuran,30.024601227283803,18685.714285714286,21.0,19009.52380952381,0.983
Sulawesi Tenggara,Cabai Rawit,3,hanyut,34.580129119157895,23073.214285714286,21.0,19009.52380952381,1.214
Sulawesi Tenggara,Cabai Rawit,3,musiman,42.19020094596262,25161.904761904763,21.0,19009.52380952381,1.324
Sulawesi Tenggara,Cabai Rawit,3,naif,28.925750666314663,19009.52380952381,21.0,19009.52380952381,1.0
Sulawesi Utara,Bawang Merah,1,campuran,11.450143189376654,5854.347826086957,23.0,5978.260869565217,0.979
Sulawesi Utara,Bawang Merah,1,hanyut,12.853549682174895,6296.920289855073,23.0,5978.260869565217,1.053
Sulawesi Utara,Bawang Merah,1,musiman,15.590609305185668,8108.695652173913,23.0,5978.260869565217,1.356
Sulawesi Utara,Bawang Merah,1,naif,12.14791097581196,5978.260869565217,23.0,5978.260869565217,1.0
Sulawesi Utara,Bawang Merah,2,campuran,13.845165618471219,7122.727272727273,22.0,8120.454545454545,0.877
Sulawesi Utara,Bawang Merah,2,hanyut,18.306579925828594,8874.242424242424,22.0,8120.454545454545,1.093
Sulawesi Utara,Bawang Merah,2,musiman,16.24650689383537,8461.363636363636,22.0,8120.454545454545,1.042
Sulawesi Utara,Bawang Merah,2,naif,16.551036736644818,8120.454545454545,22.0,8120.454545454545,1.0
Sulawesi Utara,Bawang Merah,3,campuran,12.25306908388199,6516.666666666667,21.0,7890.476190476191,0.826
Sulawesi Utara,Bawang Merah,3,hanyut,18.30187000381407,9150.0,21.0,7890.476190476191,1.16
Sulawesi Utara,Bawang Merah,3,musiman,16.31592472714343,8614.285714285714,21.0,7890.476190476191,1.092
Sulawesi Utara,Bawang Merah,3,naif,15.597133315682013,7890.476190476191,21.0,7890.476190476191,1.0
Sulawesi Utara,Beras,1,campuran,3.6748431110812088,557.6086956521739,23.0,289.1304347826087,1.929
Sulawesi Utara,Beras,1,hanyut,2.1937329949722826,333.69565217391306,23.0,289.1304347826087,1.154
Sulawesi Utara,Beras,1,musiman,6.937820940518567,1043.4782608695652,23.0,289.1304347826087,3.609
Sulawesi Utara,Beras,1,naif,1.884132994205566,289.1304347826087,23.0,289.1304347826087,1.0
Sulawesi Utara,Beras,2,campuran,3.634523706681115,557.9545454545455,22.0,495.45454545454544,1.126
Sulawesi Utara,Beras,2,hanyut,3.9448506249565507,598.4848484848485,22.0,495.45454545454544,1.208
Sulawesi Utara,Beras,2,musiman,6.67323913373963,1006.8181818181819,22.0,495.45454545454544,2.032
Sulawesi Utara,Beras,2,naif,3.237671167526889,495.45454545454544,22.0,495.45454545454544,1.0
Sulawesi Utara,Beras,3,campuran,3.6365205228293966,564.2857142857143,21.0,695.2380952380952,0.812
Sulawesi Utara,Beras,3,hanyut,5.8615784712092704,891.0714285714286,21.0,695.2380952380952,1.282
Sulawesi Utara,Beras,3,musiman,6.518083528236036,985.7142857142857,21.0,695.2380952380952,1.418
Sulawesi Utara,Beras,3,naif,4.5256640911225965,695.2380952380952,21.0,695.2380952380952,1.0
Sulawesi Utara,Cabai Rawit,1,campuran,36.43475812449347,21315.217391304348,23.0,23997.82608695652,0.888
Sulawesi Utara,Cabai Rawit,1,hanyut,40.99085453331575,24669.202898550724,23.0,23997.82608695652,1.028
Sulawesi Utara,Cabai Rawit,1,musiman,50.53455370532131,28906.521739130436,23.0,23997.82608695652,1.205
Sulawesi Utara,Cabai Rawit,1,naif,40.37293900372404,23997.82608695652,23.0,23997.82608695652,1.0
Sulawesi Utara,Cabai Rawit,2,campuran,33.66625909826892,20271.590909090908,22.0,21488.636363636364,0.943
Sulawesi Utara,Cabai Rawit,2,hanyut,35.94996892518876,23824.621212121212,22.0,21488.636363636364,1.109
Sulawesi Utara,Cabai Rawit,2,musiman,50.75901840668914,29090.909090909092,22.0,21488.636363636364,1.354
Sulawesi Utara,Cabai Rawit,2,naif,33.45293123954499,21488.636363636364,22.0,21488.636363636364,1.0
Sulawesi Utara,Cabai Rawit,3,campuran,43.320673538422966,26283.333333333332,21.0,25392.85714285714,1.035
Sulawesi Utara,Cabai Rawit,3,hanyut,46.444827338999445,30707.14285714286,21.0,25392.85714285714,1.209
Sulawesi Utara,Cabai Rawit,3,musiman,51.63834411559844,29416.666666666668,21.0,25392.85714285714,1.158
Sulawesi Utara,Cabai Rawit,3,naif,39.25485557566194,25392.85714285714,21.0,25392.85714285714,1.0
Sumatera Barat,Bawang Merah,1,campuran,11.758906169819271,4627.173913043478,23.0,4269.565217391304,1.084
Sumatera Barat,Bawang Merah,1,hanyut,11.870340201288302,4536.413043478259,23.0,4269.565217391304,1.062
Sumatera Barat,Bawang Merah,1,musiman,15.87514314813641,6421.739130434783,23.0,4269.565217391304,1.504
Sumatera Barat,Bawang Merah,1,naif,11.220649326568676,4269.565217391304,23.0,4269.565217391304,1.0
Sumatera Barat,Bawang Merah,2,campuran,15.668837765340104,6136.363636363636,22.0,6568.181818181818,0.934
Sumatera Barat,Bawang Merah,2,hanyut,19.077190362829032,7097.727272727273,22.0,6568.181818181818,1.081
Sumatera Barat,Bawang Merah,2,musiman,16.545668040978157,6702.272727272727,22.0,6568.181818181818,1.02
Sumatera Barat,Bawang Merah,2,naif,17.56832868622831,6568.181818181818,22.0,6568.181818181818,1.0
Sumatera Barat,Bawang Merah,3,campuran,14.203378216016832,5651.190476190476,21.0,6607.142857142857,0.855
Sumatera Barat,Bawang Merah,3,hanyut,19.74256521855353,7470.833333333333,21.0,6607.142857142857,1.131
Sumatera Barat,Bawang Merah,3,musiman,15.48472610895917,6454.761904761905,21.0,6607.142857142857,0.977
Sumatera Barat,Bawang Merah,3,naif,17.55353316388185,6607.142857142857,21.0,6607.142857142857,1.0
Sumatera Barat,Beras,1,campuran,2.5471191894365086,461.4130434782609,23.0,130.43478260869566,3.538
Sumatera Barat,Beras,1,hanyut,0.9611345605970852,173.82246376811617,23.0,130.43478260869566,1.333
Sumatera Barat,Beras,1,musiman,4.932618596964403,892.3913043478261,23.0,130.43478260869566,6.842
Sumatera Barat,Beras,1,naif,0.7198413466679537,130.43478260869566,23.0,130.43478260869566,1.0
Sumatera Barat,Beras,2,campuran,2.3384756497040504,425.5681818181818,22.0,236.36363636363637,1.8
Sumatera Barat,Beras,2,hanyut,1.889138347596261,342.23484848484856,22.0,236.36363636363637,1.448
Sumatera Barat,Beras,2,musiman,4.447788269832245,805.6818181818181,22.0,236.36363636363637,3.409
Sumatera Barat,Beras,2,naif,1.3002242060685314,236.36363636363637,22.0,236.36363636363637,1.0
Sumatera Barat,Beras,3,campuran,2.2556870559866926,412.5,21.0,333.3333333333333,1.238
Sumatera Barat,Beras,3,hanyut,2.834703531656732,512.797619047619,21.0,333.3333333333333,1.538
Sumatera Barat,Beras,3,musiman,4.1024846471859755,744.047619047619,21.0,333.3333333333333,2.232
Sumatera Barat,Beras,3,naif,1.8316443054976335,333.3333333333333,21.0,333.3333333333333,1.0
Sumatera Selatan,Bawang Merah,1,campuran,8.529349072165136,3587.5,23.0,3382.608695652174,1.061
Sumatera Selatan,Bawang Merah,1,hanyut,8.740189690867076,3544.6557971014486,23.0,3382.608695652174,1.048
Sumatera Selatan,Bawang Merah,1,musiman,13.529324076083874,5705.434782608696,23.0,3382.608695652174,1.687
Sumatera Selatan,Bawang Merah,1,naif,8.320449972336162,3382.608695652174,23.0,3382.608695652174,1.0
Sumatera Selatan,Bawang Merah,2,campuran,10.07709115003451,4306.25,22.0,4486.363636363636,0.96
Sumatera Selatan,Bawang Merah,2,hanyut,11.786348329724659,4808.901515151514,22.0,4486.363636363636,1.072
Sumatera Selatan,Bawang Merah,2,musiman,13.590574344005038,5812.5,22.0,4486.363636363636,1.296
Sumatera Selatan,Bawang Merah,2,naif,10.899511656693784,4486.363636363636,22.0,4486.363636363636,1.0
Sumatera Selatan,Bawang Merah,3,campuran,10.533582721614145,4470.833333333333,21.0,4992.857142857143,0.895
Sumatera Selatan,Bawang Merah,3,hanyut,13.93172439972075,5668.75,21.0,4992.857142857143,1.135
Sumatera Selatan,Bawang Merah,3,musiman,14.16667134546086,6067.857142857143,21.0,4992.857142857143,1.215
Sumatera Selatan,Bawang Merah,3,naif,12.18185176514269,4992.857142857143,21.0,4992.857142857143,1.0
Sumatera Selatan,Beras,1,campuran,1.7254680130605766,267.39130434782606,23.0,50.0,5.348
Sumatera Selatan,Beras,1,hanyut,0.49886070888151374,77.17391304347818,23.0,50.0,1.543
Sumatera Selatan,Beras,1,musiman,3.357191506362988,519.5652173913044,23.0,50.0,10.391
Sumatera Selatan,Beras,1,naif,0.3215587388159219,50.0,23.0,50.0,1.0
Sumatera Selatan,Beras,2,campuran,1.71755626499063,267.04545454545456,22.0,95.45454545454545,2.798
Sumatera Selatan,Beras,2,hanyut,0.721816934001754,111.74242424242435,22.0,95.45454545454545,1.171
Sumatera Selatan,Beras,2,musiman,3.179758116988249,493.1818181818182,22.0,95.45454545454545,5.167
Sumatera Selatan,Beras,2,naif,0.6124624169973004,95.45454545454545,22.0,95.45454545454545,1.0
Sumatera Selatan,Beras,3,campuran,1.8346730875684614,285.7142857142857,21.0,130.95238095238096,2.182
Sumatera Selatan,Beras,3,hanyut,1.0269825285758256,159.52380952380952,21.0,130.95238095238096,1.218
Sumatera Selatan,Beras,3,musiman,3.1425848825779763,488.0952380952381,21.0,130.95238095238096,3.727
Sumatera Selatan,Beras,3,naif,0.8385239379497391,130.95238095238096,21.0,130.95238095238096,1.0
Sumatera Selatan,Cabai Besar,1,campuran,24.41821277875566,11789.130434782608,23.0,8708.695652173914,1.354
Sumatera Selatan,Cabai Besar,1,hanyut,17.219030191297573,9083.152173913042,23.0,8708.695652173914,1.043
Sumatera Selatan,Cabai Besar,1,musiman,35.25225169791141,16539.130434782608,23.0,8708.695652173914,1.899
Sumatera Selatan,Cabai Besar,1,naif,16.610001831078016,8708.695652173914,23.0,8708.695652173914,1.0
Sumatera Selatan,Cabai Besar,2,campuran,28.174161369310763,13652.272727272728,22.0,12645.454545454546,1.08
Sumatera Selatan,Cabai Besar,2,hanyut,25.420051630990688,13632.954545454542,22.0,12645.454545454546,1.078
Sumatera Selatan,Cabai Besar,2,musiman,35.92414549166675,16895.454545454544,22.0,12645.454545454546,1.336
Sumatera Selatan,Cabai Besar,2,naif,24.11490446003891,12645.454545454546,22.0,12645.454545454546,1.0
Sumatera Selatan,Cabai Besar,3,campuran,32.389303041430914,15817.857142857143,21.0,16595.238095238095,0.953
Sumatera Selatan,Cabai Besar,3,hanyut,37.30816617353256,19664.285714285714,21.0,16595.238095238095,1.185
Sumatera Selatan,Cabai Besar,3,musiman,36.117358769047705,17130.95238095238,21.0,16595.238095238095,1.032
Sumatera Selatan,Cabai Besar,3,naif,31.904661285236237,16595.238095238095,21.0,16595.238095238095,1.0
Sumatera Selatan,Cabai Rawit,1,campuran,25.809218544723915,15060.869565217392,23.0,15369.565217391304,0.98
Sumatera Selatan,Cabai Rawit,1,hanyut,25.584256119703515,15540.76086956522,23.0,15369.565217391304,1.011
Sumatera Selatan,Cabai Rawit,1,musiman,33.24689194607231,19465.217391304348,23.0,15369.565217391304,1.266
Sumatera Selatan,Cabai Rawit,1,naif,25.441004484903175,15369.565217391304,23.0,15369.565217391304,1.0
Sumatera Selatan,Cabai Rawit,2,campuran,29.633896908340425,17694.31818181818,22.0,19356.81818181818,0.914
Sumatera Selatan,Cabai Rawit,2,hanyut,33.01877074538223,20094.31818181818,22.0,19356.81818181818,1.038
Sumatera Selatan,Cabai Rawit,2,musiman,34.3202092450749,20122.727272727272,22.0,19356.81818181818,1.04
Sumatera Selatan,Cabai Rawit,2,naif,31.79862698398906,19356.81818181818,22.0,19356.81818181818,1.0
Sumatera Selatan,Cabai Rawit,3,campuran,34.62951026097416,20432.14285714286,21.0,23145.238095238095,0.883
Sumatera Selatan,Cabai Rawit,3,hanyut,42.116735271970256,25794.64285714286,21.0,23145.238095238095,1.114
Sumatera Selatan,Cabai Rawit,3,musiman,35.243369807739825,20704.761904761905,21.0,23145.238095238095,0.895
Sumatera Selatan,Cabai Rawit,3,naif,38.323486914018915,23145.238095238095,21.0,23145.238095238095,1.0
Sumatera Utara,Bawang Merah,1,campuran,12.109540490834156,5309.782608695652,23.0,6006.521739130435,0.884
Sumatera Utara,Bawang Merah,1,hanyut,14.508300977711693,6313.04347826087,23.0,6006.521739130435,1.051
Sumatera Utara,Bawang Merah,1,musiman,15.886071214976738,6960.869565217391,23.0,6006.521739130435,1.159
Sumatera Utara,Bawang Merah,1,naif,13.822980617492615,6006.521739130435,23.0,6006.521739130435,1.0
Sumatera Utara,Bawang Merah,2,campuran,16.282465650181273,7134.090909090909,22.0,8111.363636363636,0.88
Sumatera Utara,Bawang Merah,2,hanyut,20.70551627766456,8783.712121212122,22.0,8111.363636363636,1.083
Sumatera Utara,Bawang Merah,2,musiman,16.42539358743118,7225.0,22.0,8111.363636363636,0.891
Sumatera Utara,Bawang Merah,2,naif,18.96066333005044,8111.363636363636,22.0,8111.363636363636,1.0
Sumatera Utara,Bawang Merah,3,campuran,16.125401941824148,7077.380952380952,21.0,7676.190476190476,0.922
Sumatera Utara,Bawang Merah,3,hanyut,19.550460571538,8186.9047619047615,21.0,7676.190476190476,1.067
Sumatera Utara,Bawang Merah,3,musiman,16.359648456572994,7302.380952380952,21.0,7676.190476190476,0.951
Sumatera Utara,Bawang Merah,3,naif,18.116052840666228,7676.190476190476,21.0,7676.190476190476,1.0
Sumatera Utara,Beras,1,campuran,2.310479729642503,340.2173913043478,23.0,150.0,2.268
Sumatera Utara,Beras,1,hanyut,1.0598771031166885,154.89130434782618,23.0,150.0,1.033
Sumatera Utara,Beras,1,musiman,4.287982446787129,630.4347826086956,23.0,150.0,4.203
Sumatera Utara,Beras,1,naif,1.0245032776400775,150.0,23.0,150.0,1.0
Sumatera Utara,Beras,2,campuran,2.3972129342332202,354.54545454545456,22.0,252.27272727272728,1.405
Sumatera Utara,Beras,2,hanyut,1.9323376561201269,282.19696969696963,22.0,252.27272727272728,1.119
Sumatera Utara,Beras,2,musiman,4.143194848525592,611.3636363636364,22.0,252.27272727272728,2.423
Sumatera Utara,Beras,2,naif,1.7201149587976023,252.27272727272728,22.0,252.27272727272728,1.0
Sumatera Utara,Beras,3,campuran,2.4780917479690525,367.85714285714283,21.0,297.6190476190476,1.236
Sumatera Utara,Beras,3,hanyut,2.468391057160236,359.5238095238095,21.0,297.6190476190476,1.208
Sumatera Utara,Beras,3,musiman,4.08719703482823,604.7619047619048,21.0,297.6190476190476,2.032
Sumatera Utara,Beras,3,naif,2.028139303325283,297.6190476190476,21.0,297.6190476190476,1.0
Sumatera Utara,Cabai Rawit,1,campuran,29.56940613274294,12456.521739130434,23.0,13356.521739130434,0.933
Sumatera Utara,Cabai Rawit,1,hanyut,29.818755196943336,13711.050724637682,23.0,13356.521739130434,1.027
Sumatera Utara,Cabai Rawit,1,musiman,36.534874396648206,15182.608695652174,23.0,13356.521739130434,1.137
Sumatera Utara,Cabai Rawit,1,naif,29.468128055562087,13356.521739130434,23.0,13356.521739130434,1.0
Sumatera Utara,Cabai Rawit,2,campuran,41.9273987442914,16972.727272727272,22.0,21059.090909090908,0.806
Sumatera Utara,Cabai Rawit,2,hanyut,54.69276282065613,22297.727272727276,22.0,21059.090909090908,1.059
Sumatera Utara,Cabai Rawit,2,musiman,36.44555050558675,14822.727272727272,22.0,21059.090909090908,0.704
Sumatera Utara,Cabai Rawit,2,naif,52.06388693034665,21059.090909090908,22.0,21059.090909090908,1.0
Sumatera Utara,Cabai Rawit,3,campuran,48.276027836956445,18120.238095238095,21.0,24247.619047619046,0.747
Sumatera Utara,Cabai Rawit,3,hanyut,75.27153885565367,27339.880952380954,21.0,24247.619047619046,1.128
Sumatera Utara,Cabai Rawit,3,musiman,37.68797624732526,15354.761904761905,21.0,24247.619047619046,0.633
Sumatera Utara,Cabai Rawit,3,naif,66.88108427594587,24247.619047619046,21.0,24247.619047619046,1.0
