bulan,provinsi,komoditas,harga,is_interpolated
2020-02,Aceh,Bawang Merah,42500.0,False
2020-03,Aceh,Bawang Merah,35600.0,False
2020-04,Aceh,Bawang Merah,40900.0,False
2020-05,Aceh,Bawang Merah,38800.0,True
2020-06,Aceh,Bawang Merah,36700.0,True
2020-07,Aceh,Bawang Merah,34600.0,False
2020-08,Aceh,Bawang Merah,34000.0,False
2020-09,Aceh,Bawang Merah,29650.0,False
2020-10,Aceh,Bawang Merah,30150.0,False
2020-11,Aceh,Bawang Merah,36100.0,False
2020-12,Aceh,Bawang Merah,38350.0,False
2021-01,Aceh,Bawang Merah,36100.0,True
2021-02,Aceh,Bawang Merah,33850.0,False
2021-03,Aceh,Bawang Merah,34150.0,False
2021-04,Aceh,Bawang Merah,35400.0,False
2021-05,Aceh,Bawang Merah,35400.0,False
2021-06,Aceh,Bawang Merah,33450.0,True
2021-07,Aceh,Bawang Merah,31500.0,False
2021-08,Aceh,Bawang Merah,35150.0,False
2021-09,Aceh,Bawang Merah,31000.0,False
2021-10,Aceh,Bawang Merah,26900.0,False
2021-11,Aceh,Bawang Merah,28750.0,False
2021-12,Aceh,Bawang Merah,28350.0,False
2022-01,Aceh,Bawang Merah,32100.0,False
2022-02,Aceh,Bawang Merah,33600.0,True
2022-03,Aceh,Bawang Merah,35100.0,False
2022-04,Aceh,Bawang Merah,35500.0,False
2022-05,Aceh,Bawang Merah,44916.66666666666,True
2022-06,Aceh,Bawang Merah,54333.33333333333,True
2022-07,Aceh,Bawang Merah,63750.0,False
2022-08,Aceh,Bawang Merah,46750.0,False
2022-09,Aceh,Bawang Merah,31600.0,False
2022-10,Aceh,Bawang Merah,33650.0,False
2022-11,Aceh,Bawang Merah,33650.0,False
2022-12,Aceh,Bawang Merah,34400.0,False
2023-01,Aceh,Bawang Merah,32500.0,False
2023-02,Aceh,Bawang Merah,40100.0,False
2023-03,Aceh,Bawang Merah,37350.0,False
2023-04,Aceh,Bawang Merah,35100.0,False
2023-05,Aceh,Bawang Merah,35050.0,True
2023-06,Aceh,Bawang Merah,35000.0,False
2023-07,Aceh,Bawang Merah,38650.0,False
2023-08,Aceh,Bawang Merah,33600.0,False
2023-09,Aceh,Bawang Merah,29250.0,False
2023-10,Aceh,Bawang Merah,24850.0,False
2023-11,Aceh,Bawang Merah,27650.0,False
2023-12,Aceh,Bawang Merah,33250.0,False
2024-01,Aceh,Bawang Merah,40400.0,False
2024-02,Aceh,Bawang Merah,37500.0,False
2024-03,Aceh,Bawang Merah,37900.0,False
2024-04,Aceh,Bawang Merah,41150.0,False
2024-05,Aceh,Bawang Merah,64150.0,False
2024-06,Aceh,Bawang Merah,54400.0,False
2024-07,Aceh,Bawang Merah,46100.0,False
2024-08,Aceh,Bawang Merah,28250.0,False
2024-09,Aceh,Bawang Merah,25850.0,False
2024-10,Aceh,Bawang Merah,30900.0,False
2024-11,Aceh,Bawang Merah,32600.0,False
2024-12,Aceh,Bawang Merah,39150.0,False
2025-01,Aceh,Bawang Merah,44900.0,False
2025-02,Aceh,Bawang Merah,37250.0,False
2025-03,Aceh,Bawang Merah,37150.0,False
2025-04,Aceh,Bawang Merah,41600.0,False
2025-05,Aceh,Bawang Merah,44750.0,False
2025-06,Aceh,Bawang Merah,37500.0,False
2025-07,Aceh,Bawang Merah,41250.0,False
2025-08,Aceh,Bawang Merah,54900.0,False
2025-09,Aceh,Bawang Merah,49150.0,False
2025-10,Aceh,Bawang Merah,37000.0,False
2025-11,Aceh,Bawang Merah,36250.0,False
2025-12,Aceh,Bawang Merah,47650.0,False
2026-01,Aceh,Bawang Merah,48000.0,False
2026-02,Aceh,Bawang Merah,37100.0,False
2026-03,Aceh,Bawang Merah,37350.0,False
2026-04,Aceh,Bawang Merah,39400.0,False
2026-05,Aceh,Bawang Merah,37150.0,False
2026-06,Aceh,Bawang Merah,45350.0,False
2026-07,Aceh,Bawang Merah,39000.0,False
2020-02,Aceh,Beras,10200.0,False
2020-03,Aceh,Beras,9950.0,False
2020-04,Aceh,Beras,10100.0,False
2020-05,Aceh,Beras,10150.0,True
2020-06,Aceh,Beras,10200.0,True
2020-07,Aceh,Beras,10250.0,False
2020-08,Aceh,Beras,10250.0,False
2020-09,Aceh,Beras,10200.0,False
2020-10,Aceh,Beras,10150.0,False
2020-11,Aceh,Beras,10250.0,False
2020-12,Aceh,Beras,10150.0,False
2021-01,Aceh,Beras,10150.0,True
2021-02,Aceh,Beras,10150.0,False
2021-03,Aceh,Beras,10100.0,False
2021-04,Aceh,Beras,10100.0,False
2021-05,Aceh,Beras,10050.0,False
2021-06,Aceh,Beras,10050.0,True
2021-07,Aceh,Beras,10050.0,False
2021-08,Aceh,Beras,10050.0,False
2021-09,Aceh,Beras,10050.0,False
2021-10,Aceh,Beras,10150.0,False
2021-11,Aceh,Beras,10150.0,False
2021-12,Aceh,Beras,10150.0,False
2022-01,Aceh,Beras,10200.0,False
2022-02,Aceh,Beras,10275.0,True
2022-03,Aceh,Beras,10350.0,False
2022-04,Aceh,Beras,10400.0,False
2022-05,Aceh,Beras,10366.666666666666,True
2022-06,Aceh,Beras,10333.333333333334,True
2022-07,Aceh,Beras,10300.0,False
2022-08,Aceh,Beras,10400.0,False
2022-09,Aceh,Beras,10650.0,False
2022-10,Aceh,Beras,10750.0,False
2022-11,Aceh,Beras,10800.0,False
2022-12,Aceh,Beras,10850.0,False
2023-01,Aceh,Beras,11050.0,False
2023-02,Aceh,Beras,11650.0,False
2023-03,Aceh,Beras,11700.0,False
2023-04,Aceh,Beras,11550.0,False
2023-05,Aceh,Beras,11550.0,True
2023-06,Aceh,Beras,11550.0,False
2023-07,Aceh,Beras,11600.0,False
2023-08,Aceh,Beras,11800.0,False
2023-09,Aceh,Beras,12300.0,False
2023-10,Aceh,Beras,13400.0,False
2023-11,Aceh,Beras,13350.0,False
2023-12,Aceh,Beras,13350.0,False
2024-01,Aceh,Beras,13450.0,False
2024-02,Aceh,Beras,13650.0,False
2024-03,Aceh,Beras,13650.0,False
2024-04,Aceh,Beras,13650.0,False
2024-05,Aceh,Beras,14100.0,False
2024-06,Aceh,Beras,14000.0,False
2024-07,Aceh,Beras,13650.0,False
2024-08,Aceh,Beras,13700.0,False
2024-09,Aceh,Beras,13650.0,False
2024-10,Aceh,Beras,13650.0,False
2024-11,Aceh,Beras,13550.0,False
2024-12,Aceh,Beras,13550.0,False
2025-01,Aceh,Beras,13700.0,False
2025-02,Aceh,Beras,13650.0,False
2025-03,Aceh,Beras,13650.0,False
2025-04,Aceh,Beras,13650.0,False
2025-05,Aceh,Beras,13750.0,False
2025-06,Aceh,Beras,13900.0,False
2025-07,Aceh,Beras,14300.0,False
2025-08,Aceh,Beras,15400.0,False
2025-09,Aceh,Beras,15050.0,False
2025-10,Aceh,Beras,14550.0,False
2025-11,Aceh,Beras,14350.0,False
2025-12,Aceh,Beras,14250.0,False
2026-01,Aceh,Beras,14650.0,False
2026-02,Aceh,Beras,15250.0,False
2026-03,Aceh,Beras,15050.0,False
2026-04,Aceh,Beras,14950.0,False
2026-05,Aceh,Beras,14950.0,False
2026-06,Aceh,Beras,14900.0,False
2026-07,Aceh,Beras,15050.0,False
2020-02,Aceh,Cabai Besar,,False
2020-03,Aceh,Cabai Besar,,False
2020-04,Aceh,Cabai Besar,,False
2020-05,Aceh,Cabai Besar,,False
2020-06,Aceh,Cabai Besar,,False
2020-07,Aceh,Cabai Besar,,False
2020-08,Aceh,Cabai Besar,,False
2020-09,Aceh,Cabai Besar,,False
2020-10,Aceh,Cabai Besar,,False
2020-11,Aceh,Cabai Besar,,False
2020-12,Aceh,Cabai Besar,,False
2021-01,Aceh,Cabai Besar,,False
2021-02,Aceh,Cabai Besar,,False
2021-03,Aceh,Cabai Besar,,False
2021-04,Aceh,Cabai Besar,,False
2021-05,Aceh,Cabai Besar,,False
2021-06,Aceh,Cabai Besar,,False
2021-07,Aceh,Cabai Besar,,False
2021-08,Aceh,Cabai Besar,,False
2021-09,Aceh,Cabai Besar,,False
2021-10,Aceh,Cabai Besar,,False
2021-11,Aceh,Cabai Besar,,False
2021-12,Aceh,Cabai Besar,,False
2022-01,Aceh,Cabai Besar,,False
2022-02,Aceh,Cabai Besar,,False
2022-03,Aceh,Cabai Besar,,False
2022-04,Aceh,Cabai Besar,,False
2022-05,Aceh,Cabai Besar,,False
2022-06,Aceh,Cabai Besar,,False
2022-07,Aceh,Cabai Besar,,False
2022-08,Aceh,Cabai Besar,,False
2022-09,Aceh,Cabai Besar,,False
2022-10,Aceh,Cabai Besar,,False
2022-11,Aceh,Cabai Besar,,False
2022-12,Aceh,Cabai Besar,,False
2023-01,Aceh,Cabai Besar,,False
2023-02,Aceh,Cabai Besar,,False
2023-03,Aceh,Cabai Besar,,False
2023-04,Aceh,Cabai Besar,,False
2023-05,Aceh,Cabai Besar,,False
2023-06,Aceh,Cabai Besar,,False
2023-07,Aceh,Cabai Besar,,False
2023-08,Aceh,Cabai Besar,,False
2023-09,Aceh,Cabai Besar,,False
2023-10,Aceh,Cabai Besar,,False
2023-11,Aceh,Cabai Besar,,False
2023-12,Aceh,Cabai Besar,,False
2024-01,Aceh,Cabai Besar,,False
2024-02,Aceh,Cabai Besar,,False
2024-03,Aceh,Cabai Besar,,False
2024-04,Aceh,Cabai Besar,,False
2024-05,Aceh,Cabai Besar,,False
2024-06,Aceh,Cabai Besar,,False
2024-07,Aceh,Cabai Besar,,False
2024-08,Aceh,Cabai Besar,,False
2024-09,Aceh,Cabai Besar,,False
2024-10,Aceh,Cabai Besar,,False
2024-11,Aceh,Cabai Besar,,False
2024-12,Aceh,Cabai Besar,,False
2025-01,Aceh,Cabai Besar,,False
2025-02,Aceh,Cabai Besar,,False
2025-03,Aceh,Cabai Besar,40000.0,True
2025-04,Aceh,Cabai Besar,40000.0,True
2025-05,Aceh,Cabai Besar,40000.0,False
2025-06,Aceh,Cabai Besar,40000.0,True
2025-07,Aceh,Cabai Besar,40000.0,True
2025-08,Aceh,Cabai Besar,40000.0,False
2025-09,Aceh,Cabai Besar,40000.0,False
2025-10,Aceh,Cabai Besar,40000.0,False
2025-11,Aceh,Cabai Besar,40000.0,False
2025-12,Aceh,Cabai Besar,40000.0,False
2026-01,Aceh,Cabai Besar,40000.0,False
2026-02,Aceh,Cabai Besar,40000.0,False
2026-03,Aceh,Cabai Besar,40000.0,False
2026-04,Aceh,Cabai Besar,40000.0,False
2026-05,Aceh,Cabai Besar,40000.0,False
2026-06,Aceh,Cabai Besar,40000.0,False
2026-07,Aceh,Cabai Besar,40000.0,False
2020-02,Aceh,Cabai Rawit,,False
2020-03,Aceh,Cabai Rawit,,False
2020-04,Aceh,Cabai Rawit,,False
2020-05,Aceh,Cabai Rawit,,False
2020-06,Aceh,Cabai Rawit,,False
2020-07,Aceh,Cabai Rawit,,False
2020-08,Aceh,Cabai Rawit,,False
2020-09,Aceh,Cabai Rawit,,False
2020-10,Aceh,Cabai Rawit,,False
2020-11,Aceh,Cabai Rawit,,False
2020-12,Aceh,Cabai Rawit,,False
2021-01,Aceh,Cabai Rawit,,False
2021-02,Aceh,Cabai Rawit,,False
2021-03,Aceh,Cabai Rawit,,False
2021-04,Aceh,Cabai Rawit,,False
2021-05,Aceh,Cabai Rawit,,False
2021-06,Aceh,Cabai Rawit,,False
2021-07,Aceh,Cabai Rawit,,False
2021-08,Aceh,Cabai Rawit,,False
2021-09,Aceh,Cabai Rawit,,False
2021-10,Aceh,Cabai Rawit,,False
2021-11,Aceh,Cabai Rawit,,False
2021-12,Aceh,Cabai Rawit,,False
2022-01,Aceh,Cabai Rawit,,False
2022-02,Aceh,Cabai Rawit,,False
2022-03,Aceh,Cabai Rawit,,False
2022-04,Aceh,Cabai Rawit,,False
2022-05,Aceh,Cabai Rawit,,False
2022-06,Aceh,Cabai Rawit,,False
2022-07,Aceh,Cabai Rawit,,False
2022-08,Aceh,Cabai Rawit,,False
2022-09,Aceh,Cabai Rawit,,False
2022-10,Aceh,Cabai Rawit,,False
2022-11,Aceh,Cabai Rawit,,False
2022-12,Aceh,Cabai Rawit,,False
2023-01,Aceh,Cabai Rawit,,False
2023-02,Aceh,Cabai Rawit,,False
2023-03,Aceh,Cabai Rawit,,False
2023-04,Aceh,Cabai Rawit,,False
2023-05,Aceh,Cabai Rawit,,False
2023-06,Aceh,Cabai Rawit,,False
2023-07,Aceh,Cabai Rawit,,False
2023-08,Aceh,Cabai Rawit,,False
2023-09,Aceh,Cabai Rawit,,False
2023-10,Aceh,Cabai Rawit,,False
2023-11,Aceh,Cabai Rawit,,False
2023-12,Aceh,Cabai Rawit,,False
2024-01,Aceh,Cabai Rawit,,False
2024-02,Aceh,Cabai Rawit,,False
2024-03,Aceh,Cabai Rawit,,False
2024-04,Aceh,Cabai Rawit,,False
2024-05,Aceh,Cabai Rawit,,False
2024-06,Aceh,Cabai Rawit,,False
2024-07,Aceh,Cabai Rawit,,False
2024-08,Aceh,Cabai Rawit,,False
2024-09,Aceh,Cabai Rawit,,False
2024-10,Aceh,Cabai Rawit,,False
2024-11,Aceh,Cabai Rawit,,False
2024-12,Aceh,Cabai Rawit,,False
2025-01,Aceh,Cabai Rawit,,False
2025-02,Aceh,Cabai Rawit,,False
2025-03,Aceh,Cabai Rawit,,False
2025-04,Aceh,Cabai Rawit,,False
2025-05,Aceh,Cabai Rawit,,False
2025-06,Aceh,Cabai Rawit,,False
2025-07,Aceh,Cabai Rawit,,False
2025-08,Aceh,Cabai Rawit,,False
2025-09,Aceh,Cabai Rawit,,False
2025-10,Aceh,Cabai Rawit,,False
2025-11,Aceh,Cabai Rawit,,False
2025-12,Aceh,Cabai Rawit,,False
2026-01,Aceh,Cabai Rawit,,False
2026-02,Aceh,Cabai Rawit,,False
2026-03,Aceh,Cabai Rawit,,False
2026-04,Aceh,Cabai Rawit,,False
2026-05,Aceh,Cabai Rawit,,False
2026-06,Aceh,Cabai Rawit,,False
2026-07,Aceh,Cabai Rawit,,False
2020-02,Bali,Bawang Merah,34750.0,False
2020-03,Bali,Bawang Merah,27000.0,False
2020-04,Bali,Bawang Merah,44900.0,False
2020-05,Bali,Bawang Merah,40233.333333333336,True
2020-06,Bali,Bawang Merah,35566.666666666664,True
2020-07,Bali,Bawang Merah,30900.0,False
2020-08,Bali,Bawang Merah,23400.0,False
2020-09,Bali,Bawang Merah,24400.0,False
2020-10,Bali,Bawang Merah,22250.0,False
2020-11,Bali,Bawang Merah,27650.0,False
2020-12,Bali,Bawang Merah,32000.0,False
2021-01,Bali,Bawang Merah,29625.0,True
2021-02,Bali,Bawang Merah,27250.0,False
2021-03,Bali,Bawang Merah,26750.0,False
2021-04,Bali,Bawang Merah,29500.0,False
2021-05,Bali,Bawang Merah,26650.0,False
2021-06,Bali,Bawang Merah,23325.0,True
2021-07,Bali,Bawang Merah,20000.0,False
2021-08,Bali,Bawang Merah,29150.0,False
2021-09,Bali,Bawang Merah,20750.0,False
2021-10,Bali,Bawang Merah,19000.0,False
2021-11,Bali,Bawang Merah,20150.0,False
2021-12,Bali,Bawang Merah,19000.0,False
2022-01,Bali,Bawang Merah,21750.0,False
2022-02,Bali,Bawang Merah,28075.0,True
2022-03,Bali,Bawang Merah,34400.0,False
2022-04,Bali,Bawang Merah,28400.0,False
2022-05,Bali,Bawang Merah,35100.0,True
2022-06,Bali,Bawang Merah,41800.0,True
2022-07,Bali,Bawang Merah,48500.0,False
2022-08,Bali,Bawang Merah,35400.0,False
2022-09,Bali,Bawang Merah,22900.0,False
2022-10,Bali,Bawang Merah,21500.0,False
2022-11,Bali,Bawang Merah,25500.0,False
2022-12,Bali,Bawang Merah,24500.0,False
2023-01,Bali,Bawang Merah,24500.0,False
2023-02,Bali,Bawang Merah,30900.0,False
2023-03,Bali,Bawang Merah,28900.0,False
2023-04,Bali,Bawang Merah,27750.0,False
2023-05,Bali,Bawang Merah,26375.0,True
2023-06,Bali,Bawang Merah,25000.0,False
2023-07,Bali,Bawang Merah,26650.0,False
2023-08,Bali,Bawang Merah,24250.0,False
2023-09,Bali,Bawang Merah,18500.0,False
2023-10,Bali,Bawang Merah,15500.0,False
2023-11,Bali,Bawang Merah,15900.0,False
2023-12,Bali,Bawang Merah,23150.0,False
2024-01,Bali,Bawang Merah,35000.0,False
2024-02,Bali,Bawang Merah,29000.0,False
2024-03,Bali,Bawang Merah,27500.0,False
2024-04,Bali,Bawang Merah,28150.0,False
2024-05,Bali,Bawang Merah,49500.0,False
2024-06,Bali,Bawang Merah,36900.0,False
2024-07,Bali,Bawang Merah,28750.0,False
2024-08,Bali,Bawang Merah,22400.0,False
2024-09,Bali,Bawang Merah,23750.0,False
2024-10,Bali,Bawang Merah,24150.0,False
2024-11,Bali,Bawang Merah,27750.0,False
2024-12,Bali,Bawang Merah,36000.0,False
2025-01,Bali,Bawang Merah,36900.0,False
2025-02,Bali,Bawang Merah,30650.0,False
2025-03,Bali,Bawang Merah,29500.0,False
2025-04,Bali,Bawang Merah,39400.0,False
2025-05,Bali,Bawang Merah,40250.0,False
2025-06,Bali,Bawang Merah,31400.0,False
2025-07,Bali,Bawang Merah,34000.0,False
2025-08,Bali,Bawang Merah,48750.0,False
2025-09,Bali,Bawang Merah,37700.0,False
2025-10,Bali,Bawang Merah,31650.0,False
2025-11,Bali,Bawang Merah,38550.0,False
2025-12,Bali,Bawang Merah,45450.0,False
2026-01,Bali,Bawang Merah,46550.0,False
2026-02,Bali,Bawang Merah,35000.0,False
2026-03,Bali,Bawang Merah,37750.0,False
2026-04,Bali,Bawang Merah,44500.0,False
2026-05,Bali,Bawang Merah,36750.0,False
2026-06,Bali,Bawang Merah,43450.0,False
2026-07,Bali,Bawang Merah,40050.0,False
2020-02,Bali,Beras,10900.0,False
2020-03,Bali,Beras,10900.0,False
2020-04,Bali,Beras,10900.0,False
2020-05,Bali,Beras,10850.0,True
2020-06,Bali,Beras,10800.0,True
2020-07,Bali,Beras,10750.0,False
2020-08,Bali,Beras,10750.0,False
2020-09,Bali,Beras,10750.0,False
2020-10,Bali,Beras,10750.0,False
2020-11,Bali,Beras,10750.0,False
2020-12,Bali,Beras,10750.0,False
2021-01,Bali,Beras,10750.0,True
2021-02,Bali,Beras,10750.0,False
2021-03,Bali,Beras,10750.0,False
2021-04,Bali,Beras,10750.0,False
2021-05,Bali,Beras,10750.0,False
2021-06,Bali,Beras,10625.0,True
2021-07,Bali,Beras,10500.0,False
2021-08,Bali,Beras,10250.0,False
2021-09,Bali,Beras,10250.0,False
2021-10,Bali,Beras,10250.0,False
2021-11,Bali,Beras,10000.0,False
2021-12,Bali,Beras,10000.0,False
2022-01,Bali,Beras,10500.0,False
2022-02,Bali,Beras,10700.0,True
2022-03,Bali,Beras,10900.0,False
2022-04,Bali,Beras,10900.0,False
2022-05,Bali,Beras,10750.0,True
2022-06,Bali,Beras,10600.0,True
2022-07,Bali,Beras,10450.0,False
2022-08,Bali,Beras,10450.0,False
2022-09,Bali,Beras,11100.0,False
2022-10,Bali,Beras,10950.0,False
2022-11,Bali,Beras,11100.0,False
2022-12,Bali,Beras,11350.0,False
2023-01,Bali,Beras,11600.0,False
2023-02,Bali,Beras,12250.0,False
2023-03,Bali,Beras,12150.0,False
2023-04,Bali,Beras,12650.0,False
2023-05,Bali,Beras,12550.0,True
2023-06,Bali,Beras,12450.0,False
2023-07,Bali,Beras,12400.0,False
2023-08,Bali,Beras,12500.0,False
2023-09,Bali,Beras,13350.0,False
2023-10,Bali,Beras,13700.0,False
2023-11,Bali,Beras,13850.0,False
2023-12,Bali,Beras,13850.0,False
2024-01,Bali,Beras,13500.0,False
2024-02,Bali,Beras,14700.0,False
2024-03,Bali,Beras,15650.0,False
2024-04,Bali,Beras,15000.0,False
2024-05,Bali,Beras,14700.0,False
2024-06,Bali,Beras,14300.0,False
2024-07,Bali,Beras,14300.0,False
2024-08,Bali,Beras,14500.0,False
2024-09,Bali,Beras,14500.0,False
2024-10,Bali,Beras,14500.0,False
2024-11,Bali,Beras,14400.0,False
2024-12,Bali,Beras,14450.0,False
2025-01,Bali,Beras,14450.0,False
2025-02,Bali,Beras,14700.0,False
2025-03,Bali,Beras,14850.0,False
2025-04,Bali,Beras,14850.0,False
2025-05,Bali,Beras,14700.0,False
2025-06,Bali,Beras,14750.0,False
2025-07,Bali,Beras,14950.0,False
2025-08,Bali,Beras,14950.0,False
2025-09,Bali,Beras,15150.0,False
2025-10,Bali,Beras,15100.0,False
2025-11,Bali,Beras,15200.0,False
2025-12,Bali,Beras,15150.0,False
2026-01,Bali,Beras,15150.0,False
2026-02,Bali,Beras,15150.0,False
2026-03,Bali,Beras,15150.0,False
2026-04,Bali,Beras,15150.0,False
2026-05,Bali,Beras,15500.0,False
2026-06,Bali,Beras,15500.0,False
2026-07,Bali,Beras,15550.0,False
2020-02,Bali,Cabai Besar,71250.0,False
2020-03,Bali,Cabai Besar,58750.0,False
2020-04,Bali,Cabai Besar,21250.0,False
2020-05,Bali,Cabai Besar,19083.33333333333,True
2020-06,Bali,Cabai Besar,16916.666666666668,True
2020-07,Bali,Cabai Besar,14750.0,False
2020-08,Bali,Cabai Besar,15250.0,False
2020-09,Bali,Cabai Besar,14150.0,False
2020-10,Bali,Cabai Besar,20650.0,False
2020-11,Bali,Cabai Besar,30750.0,False
2020-12,Bali,Cabai Besar,36150.0,False
2021-01,Bali,Cabai Besar,36950.0,True
2021-02,Bali,Cabai Besar,37750.0,False
2021-03,Bali,Cabai Besar,34250.0,False
2021-04,Bali,Cabai Besar,38150.0,False
2021-05,Bali,Cabai Besar,25250.0,False
2021-06,Bali,Cabai Besar,20125.0,True
2021-07,Bali,Cabai Besar,15000.0,False
2021-08,Bali,Cabai Besar,13150.0,False
2021-09,Bali,Cabai Besar,12750.0,False
2021-10,Bali,Cabai Besar,17900.0,False
2021-11,Bali,Cabai Besar,17500.0,False
2021-12,Bali,Cabai Besar,26000.0,False
2022-01,Bali,Cabai Besar,18000.0,False
2022-02,Bali,Cabai Besar,23950.0,True
2022-03,Bali,Cabai Besar,29900.0,False
2022-04,Bali,Cabai Besar,38150.0,False
2022-05,Bali,Cabai Besar,43766.66666666666,True
2022-06,Bali,Cabai Besar,49383.333333333336,True
2022-07,Bali,Cabai Besar,55000.0,False
2022-08,Bali,Cabai Besar,72000.0,False
2022-09,Bali,Cabai Besar,46250.0,False
2022-10,Bali,Cabai Besar,33750.0,False
2022-11,Bali,Cabai Besar,24500.0,False
2022-12,Bali,Cabai Besar,14750.0,False
2023-01,Bali,Cabai Besar,17500.0,False
2023-02,Bali,Cabai Besar,26400.0,False
2023-03,Bali,Cabai Besar,35750.0,False
2023-04,Bali,Cabai Besar,25000.0,False
2023-05,Bali,Cabai Besar,27250.0,True
2023-06,Bali,Cabai Besar,29500.0,False
2023-07,Bali,Cabai Besar,34400.0,False
2023-08,Bali,Cabai Besar,23500.0,False
2023-09,Bali,Cabai Besar,41250.0,False
2023-10,Bali,Cabai Besar,35650.0,False
2023-11,Bali,Cabai Besar,37000.0,False
2023-12,Bali,Cabai Besar,67500.0,False
2024-01,Bali,Cabai Besar,52500.0,False
2024-02,Bali,Cabai Besar,73900.0,False
2024-03,Bali,Cabai Besar,79150.0,False
2024-04,Bali,Cabai Besar,42400.0,False
2024-05,Bali,Cabai Besar,49400.0,False
2024-06,Bali,Cabai Besar,42750.0,False
2024-07,Bali,Cabai Besar,35650.0,False
2024-08,Bali,Cabai Besar,30650.0,False
2024-09,Bali,Cabai Besar,24500.0,False
2024-10,Bali,Cabai Besar,19150.0,False
2024-11,Bali,Cabai Besar,16250.0,False
2024-12,Bali,Cabai Besar,22000.0,False
2025-01,Bali,Cabai Besar,61250.0,False
2025-02,Bali,Cabai Besar,64650.0,False
2025-03,Bali,Cabai Besar,75650.0,False
2025-04,Bali,Cabai Besar,58150.0,False
2025-05,Bali,Cabai Besar,26900.0,False
2025-06,Bali,Cabai Besar,28750.0,False
2025-07,Bali,Cabai Besar,28500.0,False
2025-08,Bali,Cabai Besar,36400.0,False
2025-09,Bali,Cabai Besar,29550.0,False
2025-10,Bali,Cabai Besar,48000.0,False
2025-11,Bali,Cabai Besar,48450.0,False
2025-12,Bali,Cabai Besar,47000.0,False
2026-01,Bali,Cabai Besar,26950.0,False
2026-02,Bali,Cabai Besar,30750.0,False
2026-03,Bali,Cabai Besar,40050.0,False
2026-04,Bali,Cabai Besar,40400.0,False
2026-05,Bali,Cabai Besar,47000.0,False
2026-06,Bali,Cabai Besar,52000.0,False
2026-07,Bali,Cabai Besar,31400.0,False
2020-02,Bali,Cabai Rawit,69400.0,False
2020-03,Bali,Cabai Rawit,27900.0,False
2020-04,Bali,Cabai Rawit,48000.0,False
2020-05,Bali,Cabai Rawit,37883.333333333336,True
2020-06,Bali,Cabai Rawit,27766.666666666668,True
2020-07,Bali,Cabai Rawit,17650.0,False
2020-08,Bali,Cabai Rawit,19650.0,False
2020-09,Bali,Cabai Rawit,16900.0,False
2020-10,Bali,Cabai Rawit,19000.0,False
2020-11,Bali,Cabai Rawit,19000.0,False
2020-12,Bali,Cabai Rawit,34000.0,False
2021-01,Bali,Cabai Rawit,51000.0,True
2021-02,Bali,Cabai Rawit,68000.0,False
2021-03,Bali,Cabai Rawit,97500.0,False
2021-04,Bali,Cabai Rawit,68150.0,False
2021-05,Bali,Cabai Rawit,46250.0,False
2021-06,Bali,Cabai Rawit,44375.0,True
2021-07,Bali,Cabai Rawit,42500.0,False
2021-08,Bali,Cabai Rawit,33900.0,False
2021-09,Bali,Cabai Rawit,16250.0,False
2021-10,Bali,Cabai Rawit,18900.0,False
2021-11,Bali,Cabai Rawit,17650.0,False
2021-12,Bali,Cabai Rawit,39000.0,False
2022-01,Bali,Cabai Rawit,71250.0,False
2022-02,Bali,Cabai Rawit,63750.0,True
2022-03,Bali,Cabai Rawit,56250.0,False
2022-04,Bali,Cabai Rawit,41650.0,False
2022-05,Bali,Cabai Rawit,53483.333333333336,True
2022-06,Bali,Cabai Rawit,65316.66666666667,True
2022-07,Bali,Cabai Rawit,77150.0,False
2022-08,Bali,Cabai Rawit,61000.0,False
2022-09,Bali,Cabai Rawit,43900.0,False
2022-10,Bali,Cabai Rawit,44500.0,False
2022-11,Bali,Cabai Rawit,23250.0,False
2022-12,Bali,Cabai Rawit,26250.0,False
2023-01,Bali,Cabai Rawit,44400.0,False
2023-02,Bali,Cabai Rawit,46650.0,False
2023-03,Bali,Cabai Rawit,60000.0,False
2023-04,Bali,Cabai Rawit,36750.0,False
2023-05,Bali,Cabai Rawit,36000.0,True
2023-06,Bali,Cabai Rawit,35250.0,False
2023-07,Bali,Cabai Rawit,27000.0,False
2023-08,Bali,Cabai Rawit,38500.0,False
2023-09,Bali,Cabai Rawit,24900.0,False
2023-10,Bali,Cabai Rawit,28900.0,False
2023-11,Bali,Cabai Rawit,64500.0,False
2023-12,Bali,Cabai Rawit,75750.0,False
2024-01,Bali,Cabai Rawit,72500.0,False
2024-02,Bali,Cabai Rawit,33250.0,False
2024-03,Bali,Cabai Rawit,55250.0,False
2024-04,Bali,Cabai Rawit,32500.0,False
2024-05,Bali,Cabai Rawit,31400.0,False
2024-06,Bali,Cabai Rawit,29900.0,False
2024-07,Bali,Cabai Rawit,33250.0,False
2024-08,Bali,Cabai Rawit,65000.0,False
2024-09,Bali,Cabai Rawit,32500.0,False
2024-10,Bali,Cabai Rawit,34650.0,False
2024-11,Bali,Cabai Rawit,29650.0,False
2024-12,Bali,Cabai Rawit,25750.0,False
2025-01,Bali,Cabai Rawit,76900.0,False
2025-02,Bali,Cabai Rawit,64150.0,False
2025-03,Bali,Cabai Rawit,122500.0,False
2025-04,Bali,Cabai Rawit,104400.0,False
2025-05,Bali,Cabai Rawit,37750.0,False
2025-06,Bali,Cabai Rawit,40750.0,False
2025-07,Bali,Cabai Rawit,60650.0,False
2025-08,Bali,Cabai Rawit,33250.0,False
2025-09,Bali,Cabai Rawit,29900.0,False
2025-10,Bali,Cabai Rawit,33800.0,False
2025-11,Bali,Cabai Rawit,27250.0,False
2025-12,Bali,Cabai Rawit,59900.0,False
2026-01,Bali,Cabai Rawit,58250.0,False
2026-02,Bali,Cabai Rawit,68050.0,False
2026-03,Bali,Cabai Rawit,99500.0,False
2026-04,Bali,Cabai Rawit,80000.0,False
2026-05,Bali,Cabai Rawit,54200.0,False
2026-06,Bali,Cabai Rawit,68750.0,False
2026-07,Bali,Cabai Rawit,50000.0,False
2020-02,Banten,Bawang Merah,33650.0,False
2020-03,Banten,Bawang Merah,29650.0,False
2020-04,Banten,Bawang Merah,46400.0,False
2020-05,Banten,Bawang Merah,45683.333333333336,True
2020-06,Banten,Bawang Merah,44966.66666666666,True
2020-07,Banten,Bawang Merah,44250.0,False
2020-08,Banten,Bawang Merah,32850.0,False
2020-09,Banten,Bawang Merah,28350.0,False
2020-10,Banten,Bawang Merah,29750.0,False
2020-11,Banten,Bawang Merah,35850.0,False
2020-12,Banten,Bawang Merah,32750.0,False
2021-01,Banten,Bawang Merah,30750.0,True
2021-02,Banten,Bawang Merah,28750.0,False
2021-03,Banten,Bawang Merah,37250.0,False
2021-04,Banten,Bawang Merah,32500.0,False
2021-05,Banten,Bawang Merah,32150.0,False
2021-06,Banten,Bawang Merah,32875.0,True
2021-07,Banten,Bawang Merah,33600.0,False
2021-08,Banten,Bawang Merah,37150.0,False
2021-09,Banten,Bawang Merah,28100.0,False
2021-10,Banten,Bawang Merah,26350.0,False
2021-11,Banten,Bawang Merah,27100.0,False
2021-12,Banten,Bawang Merah,23250.0,False
2022-01,Banten,Bawang Merah,27250.0,False
2022-02,Banten,Bawang Merah,32825.0,True
2022-03,Banten,Bawang Merah,38400.0,False
2022-04,Banten,Bawang Merah,33150.0,False
2022-05,Banten,Bawang Merah,45233.333333333336,True
2022-06,Banten,Bawang Merah,57316.66666666667,True
2022-07,Banten,Bawang Merah,69400.0,False
2022-08,Banten,Bawang Merah,41350.0,False
2022-09,Banten,Bawang Merah,32600.0,False
2022-10,Banten,Bawang Merah,34500.0,False
2022-11,Banten,Bawang Merah,34850.0,False
2022-12,Banten,Bawang Merah,34000.0,False
2023-01,Banten,Bawang Merah,36500.0,False
2023-02,Banten,Bawang Merah,49250.0,False
2023-03,Banten,Bawang Merah,36250.0,False
2023-04,Banten,Bawang Merah,35600.0,False
2023-05,Banten,Bawang Merah,40550.0,True
2023-06,Banten,Bawang Merah,45500.0,False
2023-07,Banten,Bawang Merah,42600.0,False
2023-08,Banten,Bawang Merah,30350.0,False
2023-09,Banten,Bawang Merah,25900.0,False
2023-10,Banten,Bawang Merah,24650.0,False
2023-11,Banten,Bawang Merah,26000.0,False
2023-12,Banten,Bawang Merah,34150.0,False
2024-01,Banten,Bawang Merah,44350.0,False
2024-02,Banten,Bawang Merah,30350.0,False
2024-03,Banten,Bawang Merah,34150.0,False
2024-04,Banten,Bawang Merah,42400.0,False
2024-05,Banten,Bawang Merah,62250.0,False
2024-06,Banten,Bawang Merah,43350.0,False
2024-07,Banten,Bawang Merah,33350.0,False
2024-08,Banten,Bawang Merah,26750.0,False
2024-09,Banten,Bawang Merah,25650.0,False
2024-10,Banten,Bawang Merah,28650.0,False
2024-11,Banten,Bawang Merah,38000.0,False
2024-12,Banten,Bawang Merah,43000.0,False
2025-01,Banten,Bawang Merah,42850.0,False
2025-02,Banten,Bawang Merah,32850.0,False
2025-03,Banten,Bawang Merah,48850.0,False
2025-04,Banten,Bawang Merah,50000.0,False
2025-05,Banten,Bawang Merah,42350.0,False
2025-06,Banten,Bawang Merah,42900.0,False
2025-07,Banten,Bawang Merah,44000.0,False
2025-08,Banten,Bawang Merah,59000.0,False
2025-09,Banten,Bawang Merah,40500.0,False
2025-10,Banten,Bawang Merah,39750.0,False
2025-11,Banten,Bawang Merah,47850.0,False
2025-12,Banten,Bawang Merah,45900.0,False
2026-01,Banten,Bawang Merah,37650.0,False
2026-02,Banten,Bawang Merah,44400.0,False
2026-03,Banten,Bawang Merah,46900.0,False
2026-04,Banten,Bawang Merah,47150.0,False
2026-05,Banten,Bawang Merah,49100.0,False
2026-06,Banten,Bawang Merah,59000.0,False
2026-07,Banten,Bawang Merah,46150.0,False
2020-02,Banten,Beras,12400.0,False
2020-03,Banten,Beras,12400.0,False
2020-04,Banten,Beras,12400.0,False
2020-05,Banten,Beras,12300.0,True
2020-06,Banten,Beras,12200.0,True
2020-07,Banten,Beras,12100.0,False
2020-08,Banten,Beras,11850.0,False
2020-09,Banten,Beras,11850.0,False
2020-10,Banten,Beras,11650.0,False
2020-11,Banten,Beras,11600.0,False
2020-12,Banten,Beras,11600.0,False
2021-01,Banten,Beras,11600.0,True
2021-02,Banten,Beras,11600.0,False
2021-03,Banten,Beras,11600.0,False
2021-04,Banten,Beras,11500.0,False
2021-05,Banten,Beras,11500.0,False
2021-06,Banten,Beras,11500.0,True
2021-07,Banten,Beras,11500.0,False
2021-08,Banten,Beras,11500.0,False
2021-09,Banten,Beras,11400.0,False
2021-10,Banten,Beras,11700.0,False
2021-11,Banten,Beras,11700.0,False
2021-12,Banten,Beras,11700.0,False
2022-01,Banten,Beras,12000.0,False
2022-02,Banten,Beras,11950.0,True
2022-03,Banten,Beras,11900.0,False
2022-04,Banten,Beras,11900.0,False
2022-05,Banten,Beras,11833.333333333334,True
2022-06,Banten,Beras,11766.666666666666,True
2022-07,Banten,Beras,11700.0,False
2022-08,Banten,Beras,11700.0,False
2022-09,Banten,Beras,12200.0,False
2022-10,Banten,Beras,12450.0,False
2022-11,Banten,Beras,12450.0,False
2022-12,Banten,Beras,12450.0,False
2023-01,Banten,Beras,12850.0,False
2023-02,Banten,Beras,13200.0,False
2023-03,Banten,Beras,13550.0,False
2023-04,Banten,Beras,13550.0,False
2023-05,Banten,Beras,13550.0,True
2023-06,Banten,Beras,13550.0,False
2023-07,Banten,Beras,13550.0,False
2023-08,Banten,Beras,13700.0,False
2023-09,Banten,Beras,14050.0,False
2023-10,Banten,Beras,14350.0,False
2023-11,Banten,Beras,14650.0,False
2023-12,Banten,Beras,14650.0,False
2024-01,Banten,Beras,14650.0,False
2024-02,Banten,Beras,15350.0,False
2024-03,Banten,Beras,16850.0,False
2024-04,Banten,Beras,15850.0,False
2024-05,Banten,Beras,15000.0,False
2024-06,Banten,Beras,14850.0,False
2024-07,Banten,Beras,14850.0,False
2024-08,Banten,Beras,15350.0,False
2024-09,Banten,Beras,14500.0,False
2024-10,Banten,Beras,14500.0,False
2024-11,Banten,Beras,14500.0,False
2024-12,Banten,Beras,14650.0,False
2025-01,Banten,Beras,14650.0,False
2025-02,Banten,Beras,15150.0,False
2025-03,Banten,Beras,14850.0,False
2025-04,Banten,Beras,14850.0,False
2025-05,Banten,Beras,14500.0,False
2025-06,Banten,Beras,14500.0,False
2025-07,Banten,Beras,15150.0,False
2025-08,Banten,Beras,15650.0,False
2025-09,Banten,Beras,15500.0,False
2025-10,Banten,Beras,15500.0,False
2025-11,Banten,Beras,15000.0,False
2025-12,Banten,Beras,14850.0,False
2026-01,Banten,Beras,14850.0,False
2026-02,Banten,Beras,14850.0,False
2026-03,Banten,Beras,15350.0,False
2026-04,Banten,Beras,15350.0,False
2026-05,Banten,Beras,15650.0,False
2026-06,Banten,Beras,15650.0,False
2026-07,Banten,Beras,16100.0,False
2020-02,Banten,Cabai Besar,85350.0,False
2020-03,Banten,Cabai Besar,69000.0,False
2020-04,Banten,Cabai Besar,34650.0,False
2020-05,Banten,Cabai Besar,31566.666666666668,True
2020-06,Banten,Cabai Besar,28483.33333333333,True
2020-07,Banten,Cabai Besar,25400.0,False
2020-08,Banten,Cabai Besar,32750.0,False
2020-09,Banten,Cabai Besar,25400.0,False
2020-10,Banten,Cabai Besar,34900.0,False
2020-11,Banten,Cabai Besar,43750.0,False
2020-12,Banten,Cabai Besar,50750.0,False
2021-01,Banten,Cabai Besar,50425.0,True
2021-02,Banten,Cabai Besar,50100.0,False
2021-03,Banten,Cabai Besar,51350.0,False
2021-04,Banten,Cabai Besar,56250.0,False
2021-05,Banten,Cabai Besar,44250.0,False
2021-06,Banten,Cabai Besar,37925.0,True
2021-07,Banten,Cabai Besar,31600.0,False
2021-08,Banten,Cabai Besar,29900.0,False
2021-09,Banten,Cabai Besar,23900.0,False
2021-10,Banten,Cabai Besar,27350.0,False
2021-11,Banten,Cabai Besar,33150.0,False
2021-12,Banten,Cabai Besar,43600.0,False
2022-01,Banten,Cabai Besar,36900.0,False
2022-02,Banten,Cabai Besar,40325.0,True
2022-03,Banten,Cabai Besar,43750.0,False
2022-04,Banten,Cabai Besar,55600.0,False
2022-05,Banten,Cabai Besar,64766.66666666666,True
2022-06,Banten,Cabai Besar,73933.33333333333,True
2022-07,Banten,Cabai Besar,83100.0,False
2022-08,Banten,Cabai Besar,79000.0,False
2022-09,Banten,Cabai Besar,66250.0,False
2022-10,Banten,Cabai Besar,50650.0,False
2022-11,Banten,Cabai Besar,38350.0,False
2022-12,Banten,Cabai Besar,35250.0,False
2023-01,Banten,Cabai Besar,36750.0,False
2023-02,Banten,Cabai Besar,37850.0,False
2023-03,Banten,Cabai Besar,46100.0,False
2023-04,Banten,Cabai Besar,40850.0,False
2023-05,Banten,Cabai Besar,38975.0,True
2023-06,Banten,Cabai Besar,37100.0,False
2023-07,Banten,Cabai Besar,48250.0,False
2023-08,Banten,Cabai Besar,36500.0,False
2023-09,Banten,Cabai Besar,47250.0,False
2023-10,Banten,Cabai Besar,44150.0,False
2023-11,Banten,Cabai Besar,52850.0,False
2023-12,Banten,Cabai Besar,88000.0,False
2024-01,Banten,Cabai Besar,64850.0,False
2024-02,Banten,Cabai Besar,82000.0,False
2024-03,Banten,Cabai Besar,91900.0,False
2024-04,Banten,Cabai Besar,50600.0,False
2024-05,Banten,Cabai Besar,71600.0,False
2024-06,Banten,Cabai Besar,56400.0,False
2024-07,Banten,Cabai Besar,50500.0,False
2024-08,Banten,Cabai Besar,45400.0,False
2024-09,Banten,Cabai Besar,35600.0,False
2024-10,Banten,Cabai Besar,32750.0,False
2024-11,Banten,Cabai Besar,30000.0,False
2024-12,Banten,Cabai Besar,33100.0,False
2025-01,Banten,Cabai Besar,63400.0,False
2025-02,Banten,Cabai Besar,65850.0,False
2025-03,Banten,Cabai Besar,82150.0,False
2025-04,Banten,Cabai Besar,73750.0,False
2025-05,Banten,Cabai Besar,44650.0,False
2025-06,Banten,Cabai Besar,43600.0,False
2025-07,Banten,Cabai Besar,43500.0,False
2025-08,Banten,Cabai Besar,43250.0,False
2025-09,Banten,Cabai Besar,40400.0,False
2025-10,Banten,Cabai Besar,57250.0,False
2025-11,Banten,Cabai Besar,64150.0,False
2025-12,Banten,Cabai Besar,70750.0,False
2026-01,Banten,Cabai Besar,39100.0,False
2026-02,Banten,Cabai Besar,36650.0,False
2026-03,Banten,Cabai Besar,42150.0,False
2026-04,Banten,Cabai Besar,44650.0,False
2026-05,Banten,Cabai Besar,56350.0,False
2026-06,Banten,Cabai Besar,69500.0,False
2026-07,Banten,Cabai Besar,52150.0,False
2020-02,Banten,Cabai Rawit,87900.0,False
2020-03,Banten,Cabai Rawit,40000.0,False
2020-04,Banten,Cabai Rawit,59850.0,False
2020-05,Banten,Cabai Rawit,48816.66666666666,True
2020-06,Banten,Cabai Rawit,37783.33333333333,True
2020-07,Banten,Cabai Rawit,26750.0,False
2020-08,Banten,Cabai Rawit,30650.0,False
2020-09,Banten,Cabai Rawit,24350.0,False
2020-10,Banten,Cabai Rawit,29250.0,False
2020-11,Banten,Cabai Rawit,29900.0,False
2020-12,Banten,Cabai Rawit,49650.0,False
2021-01,Banten,Cabai Rawit,66700.0,True
2021-02,Banten,Cabai Rawit,83750.0,False
2021-03,Banten,Cabai Rawit,109000.0,False
2021-04,Banten,Cabai Rawit,96000.0,False
2021-05,Banten,Cabai Rawit,57850.0,False
2021-06,Banten,Cabai Rawit,59725.0,True
2021-07,Banten,Cabai Rawit,61600.0,False
2021-08,Banten,Cabai Rawit,46000.0,False
2021-09,Banten,Cabai Rawit,25000.0,False
2021-10,Banten,Cabai Rawit,26750.0,False
2021-11,Banten,Cabai Rawit,26400.0,False
2021-12,Banten,Cabai Rawit,42600.0,False
2022-01,Banten,Cabai Rawit,98250.0,False
2022-02,Banten,Cabai Rawit,83300.0,True
2022-03,Banten,Cabai Rawit,68350.0,False
2022-04,Banten,Cabai Rawit,54250.0,False
2022-05,Banten,Cabai Rawit,72633.33333333333,True
2022-06,Banten,Cabai Rawit,91016.66666666666,True
2022-07,Banten,Cabai Rawit,109400.0,False
2022-08,Banten,Cabai Rawit,70850.0,False
2022-09,Banten,Cabai Rawit,52350.0,False
2022-10,Banten,Cabai Rawit,63250.0,False
2022-11,Banten,Cabai Rawit,41500.0,False
2022-12,Banten,Cabai Rawit,46350.0,False
2023-01,Banten,Cabai Rawit,82850.0,False
2023-02,Banten,Cabai Rawit,60000.0,False
2023-03,Banten,Cabai Rawit,66850.0,False
2023-04,Banten,Cabai Rawit,57400.0,False
2023-05,Banten,Cabai Rawit,52275.0,True
2023-06,Banten,Cabai Rawit,47150.0,False
2023-07,Banten,Cabai Rawit,36350.0,False
2023-08,Banten,Cabai Rawit,39750.0,False
2023-09,Banten,Cabai Rawit,37850.0,False
2023-10,Banten,Cabai Rawit,42350.0,False
2023-11,Banten,Cabai Rawit,87650.0,False
2023-12,Banten,Cabai Rawit,100100.0,False
2024-01,Banten,Cabai Rawit,87900.0,False
2024-02,Banten,Cabai Rawit,49400.0,False
2024-03,Banten,Cabai Rawit,69250.0,False
2024-04,Banten,Cabai Rawit,42150.0,False
2024-05,Banten,Cabai Rawit,42900.0,False
2024-06,Banten,Cabai Rawit,41850.0,False
2024-07,Banten,Cabai Rawit,44900.0,False
2024-08,Banten,Cabai Rawit,82250.0,False
2024-09,Banten,Cabai Rawit,52350.0,False
2024-10,Banten,Cabai Rawit,51650.0,False
2024-11,Banten,Cabai Rawit,43600.0,False
2024-12,Banten,Cabai Rawit,36100.0,False
2025-01,Banten,Cabai Rawit,82750.0,False
2025-02,Banten,Cabai Rawit,77850.0,False
2025-03,Banten,Cabai Rawit,141600.0,False
2025-04,Banten,Cabai Rawit,113850.0,False
2025-05,Banten,Cabai Rawit,51150.0,False
2025-06,Banten,Cabai Rawit,47100.0,False
2025-07,Banten,Cabai Rawit,71650.0,False
2025-08,Banten,Cabai Rawit,41000.0,False
2025-09,Banten,Cabai Rawit,36750.0,False
2025-10,Banten,Cabai Rawit,41900.0,False
2025-11,Banten,Cabai Rawit,38250.0,False
2025-12,Banten,Cabai Rawit,75750.0,False
2026-01,Banten,Cabai Rawit,65650.0,False
2026-02,Banten,Cabai Rawit,71000.0,False
2026-03,Banten,Cabai Rawit,92650.0,False
2026-04,Banten,Cabai Rawit,90000.0,False
2026-05,Banten,Cabai Rawit,56850.0,False
2026-06,Banten,Cabai Rawit,90350.0,False
2026-07,Banten,Cabai Rawit,53150.0,False
2020-02,Bengkulu,Bawang Merah,33400.0,False
2020-03,Bengkulu,Bawang Merah,31650.0,False
2020-04,Bengkulu,Bawang Merah,36900.0,False
2020-05,Bengkulu,Bawang Merah,39233.333333333336,True
2020-06,Bengkulu,Bawang Merah,41566.66666666666,True
2020-07,Bengkulu,Bawang Merah,43900.0,False
2020-08,Bengkulu,Bawang Merah,30400.0,False
2020-09,Bengkulu,Bawang Merah,25400.0,False
2020-10,Bengkulu,Bawang Merah,29400.0,False
2020-11,Bengkulu,Bawang Merah,35150.0,False
2020-12,Bengkulu,Bawang Merah,35650.0,False
2021-01,Bengkulu,Bawang Merah,31575.0,True
2021-02,Bengkulu,Bawang Merah,27500.0,False
2021-03,Bengkulu,Bawang Merah,33750.0,False
2021-04,Bengkulu,Bawang Merah,32150.0,False
2021-05,Bengkulu,Bawang Merah,29000.0,False
2021-06,Bengkulu,Bawang Merah,31625.0,True
2021-07,Bengkulu,Bawang Merah,34250.0,False
2021-08,Bengkulu,Bawang Merah,38000.0,False
2021-09,Bengkulu,Bawang Merah,28150.0,False
2021-10,Bengkulu,Bawang Merah,26400.0,False
2021-11,Bengkulu,Bawang Merah,26900.0,False
2021-12,Bengkulu,Bawang Merah,22500.0,False
2022-01,Bengkulu,Bawang Merah,29750.0,False
2022-02,Bengkulu,Bawang Merah,34125.0,True
2022-03,Bengkulu,Bawang Merah,38500.0,False
2022-04,Bengkulu,Bawang Merah,36250.0,False
2022-05,Bengkulu,Bawang Merah,44333.333333333336,True
2022-06,Bengkulu,Bawang Merah,52416.66666666666,True
2022-07,Bengkulu,Bawang Merah,60500.0,False
2022-08,Bengkulu,Bawang Merah,45500.0,False
2022-09,Bengkulu,Bawang Merah,33000.0,False
2022-10,Bengkulu,Bawang Merah,33750.0,False
2022-11,Bengkulu,Bawang Merah,36400.0,False
2022-12,Bengkulu,Bawang Merah,32750.0,False
2023-01,Bengkulu,Bawang Merah,36650.0,False
2023-02,Bengkulu,Bawang Merah,42900.0,False
2023-03,Bengkulu,Bawang Merah,35400.0,False
2023-04,Bengkulu,Bawang Merah,37400.0,False
2023-05,Bengkulu,Bawang Merah,37750.0,False
2023-06,Bengkulu,Bawang Merah,36400.0,False
2023-07,Bengkulu,Bawang Merah,43650.0,False
2023-08,Bengkulu,Bawang Merah,31900.0,False
2023-09,Bengkulu,Bawang Merah,26750.0,False
2023-10,Bengkulu,Bawang Merah,22650.0,False
2023-11,Bengkulu,Bawang Merah,22900.0,False
2023-12,Bengkulu,Bawang Merah,32500.0,False
2024-01,Bengkulu,Bawang Merah,33000.0,True
2024-02,Bengkulu,Bawang Merah,33500.0,False
2024-03,Bengkulu,Bawang Merah,39400.0,False
2024-04,Bengkulu,Bawang Merah,41650.0,False
2024-05,Bengkulu,Bawang Merah,64650.0,False
2024-06,Bengkulu,Bawang Merah,50650.0,False
2024-07,Bengkulu,Bawang Merah,40500.0,False
2024-08,Bengkulu,Bawang Merah,26750.0,False
2024-09,Bengkulu,Bawang Merah,26150.0,False
2024-10,Bengkulu,Bawang Merah,28150.0,False
2024-11,Bengkulu,Bawang Merah,32900.0,False
2024-12,Bengkulu,Bawang Merah,42400.0,False
2025-01,Bengkulu,Bawang Merah,41650.0,False
2025-02,Bengkulu,Bawang Merah,40500.0,False
2025-03,Bengkulu,Bawang Merah,43500.0,False
2025-04,Bengkulu,Bawang Merah,44900.0,False
2025-05,Bengkulu,Bawang Merah,48750.0,False
2025-06,Bengkulu,Bawang Merah,45250.0,False
2025-07,Bengkulu,Bawang Merah,46150.0,False
2025-08,Bengkulu,Bawang Merah,61250.0,False
2025-09,Bengkulu,Bawang Merah,44400.0,False
2025-10,Bengkulu,Bawang Merah,40500.0,False
2025-11,Bengkulu,Bawang Merah,38900.0,False
2025-12,Bengkulu,Bawang Merah,44650.0,False
2026-01,Bengkulu,Bawang Merah,44750.0,False
2026-02,Bengkulu,Bawang Merah,40900.0,False
2026-03,Bengkulu,Bawang Merah,40000.0,False
2026-04,Bengkulu,Bawang Merah,44500.0,False
2026-05,Bengkulu,Bawang Merah,47500.0,False
2026-06,Bengkulu,Bawang Merah,55000.0,False
2026-07,Bengkulu,Bawang Merah,50000.0,False
2020-02,Bengkulu,Beras,11900.0,False
2020-03,Bengkulu,Beras,12400.0,False
2020-04,Bengkulu,Beras,12500.0,False
2020-05,Bengkulu,Beras,12250.0,True
2020-06,Bengkulu,Beras,12000.0,True
2020-07,Bengkulu,Beras,11750.0,False
2020-08,Bengkulu,Beras,11800.0,False
2020-09,Bengkulu,Beras,11800.0,False
2020-10,Bengkulu,Beras,11900.0,False
2020-11,Bengkulu,Beras,11700.0,False
2020-12,Bengkulu,Beras,11650.0,False
2021-01,Bengkulu,Beras,11650.0,True
2021-02,Bengkulu,Beras,11650.0,False
2021-03,Bengkulu,Beras,11650.0,False
2021-04,Bengkulu,Beras,11550.0,False
2021-05,Bengkulu,Beras,11600.0,False
2021-06,Bengkulu,Beras,11650.0,True
2021-07,Bengkulu,Beras,11700.0,False
2021-08,Bengkulu,Beras,11650.0,False
2021-09,Bengkulu,Beras,11650.0,False
2021-10,Bengkulu,Beras,11650.0,False
2021-11,Bengkulu,Beras,11600.0,False
2021-12,Bengkulu,Beras,11550.0,False
2022-01,Bengkulu,Beras,11550.0,False
2022-02,Bengkulu,Beras,11575.0,True
2022-03,Bengkulu,Beras,11600.0,False
2022-04,Bengkulu,Beras,11600.0,False
2022-05,Bengkulu,Beras,11616.666666666666,True
2022-06,Bengkulu,Beras,11633.333333333334,True
2022-07,Bengkulu,Beras,11650.0,False
2022-08,Bengkulu,Beras,11800.0,False
2022-09,Bengkulu,Beras,11850.0,False
2022-10,Bengkulu,Beras,12100.0,False
2022-11,Bengkulu,Beras,12300.0,False
2022-12,Bengkulu,Beras,12500.0,False
2023-01,Bengkulu,Beras,12500.0,False
2023-02,Bengkulu,Beras,12600.0,False
2023-03,Bengkulu,Beras,12950.0,False
2023-04,Bengkulu,Beras,13000.0,False
2023-05,Bengkulu,Beras,13000.0,False
2023-06,Bengkulu,Beras,13300.0,False
2023-07,Bengkulu,Beras,13400.0,False
2023-08,Bengkulu,Beras,13400.0,False
2023-09,Bengkulu,Beras,13700.0,False
2023-10,Bengkulu,Beras,14050.0,False
2023-11,Bengkulu,Beras,14200.0,False
2023-12,Bengkulu,Beras,14500.0,False
2024-01,Bengkulu,Beras,14675.0,True
2024-02,Bengkulu,Beras,14850.0,False
2024-03,Bengkulu,Beras,15750.0,False
2024-04,Bengkulu,Beras,15800.0,False
2024-05,Bengkulu,Beras,15450.0,False
2024-06,Bengkulu,Beras,15400.0,False
2024-07,Bengkulu,Beras,15300.0,False
2024-08,Bengkulu,Beras,15300.0,False
2024-09,Bengkulu,Beras,15300.0,False
2024-10,Bengkulu,Beras,15300.0,False
2024-11,Bengkulu,Beras,15300.0,False
2024-12,Bengkulu,Beras,15300.0,False
2025-01,Bengkulu,Beras,15300.0,False
2025-02,Bengkulu,Beras,15300.0,False
2025-03,Bengkulu,Beras,15350.0,False
2025-04,Bengkulu,Beras,15300.0,False
2025-05,Bengkulu,Beras,15300.0,False
2025-06,Bengkulu,Beras,15300.0,False
2025-07,Bengkulu,Beras,15300.0,False
2025-08,Bengkulu,Beras,15300.0,False
2025-09,Bengkulu,Beras,15400.0,False
2025-10,Bengkulu,Beras,15400.0,False
2025-11,Bengkulu,Beras,15400.0,False
2025-12,Bengkulu,Beras,15400.0,False
2026-01,Bengkulu,Beras,15350.0,False
2026-02,Bengkulu,Beras,15350.0,False
2026-03,Bengkulu,Beras,15350.0,False
2026-04,Bengkulu,Beras,15350.0,False
2026-05,Bengkulu,Beras,15550.0,False
2026-06,Bengkulu,Beras,16100.0,False
2026-07,Bengkulu,Beras,16100.0,False
2020-02,Bengkulu,Cabai Besar,36150.0,False
2020-03,Bengkulu,Cabai Besar,41900.0,False
2020-04,Bengkulu,Cabai Besar,27900.0,False
2020-05,Bengkulu,Cabai Besar,26150.0,True
2020-06,Bengkulu,Cabai Besar,24400.0,True
2020-07,Bengkulu,Cabai Besar,22650.0,False
2020-08,Bengkulu,Cabai Besar,20500.0,False
2020-09,Bengkulu,Cabai Besar,13250.0,False
2020-10,Bengkulu,Cabai Besar,30150.0,False
2020-11,Bengkulu,Cabai Besar,36750.0,False
2020-12,Bengkulu,Cabai Besar,42000.0,False
2021-01,Bengkulu,Cabai Besar,39750.0,True
2021-02,Bengkulu,Cabai Besar,37500.0,False
2021-03,Bengkulu,Cabai Besar,35500.0,False
2021-04,Bengkulu,Cabai Besar,41900.0,False
2021-05,Bengkulu,Cabai Besar,20250.0,False
2021-06,Bengkulu,Cabai Besar,21950.0,True
2021-07,Bengkulu,Cabai Besar,23650.0,False
2021-08,Bengkulu,Cabai Besar,22150.0,False
2021-09,Bengkulu,Cabai Besar,21000.0,False
2021-10,Bengkulu,Cabai Besar,23750.0,False
2021-11,Bengkulu,Cabai Besar,32650.0,False
2021-12,Bengkulu,Cabai Besar,31150.0,False
2022-01,Bengkulu,Cabai Besar,28500.0,False
2022-02,Bengkulu,Cabai Besar,31450.0,True
2022-03,Bengkulu,Cabai Besar,34400.0,False
2022-04,Bengkulu,Cabai Besar,32650.0,False
2022-05,Bengkulu,Cabai Besar,50600.0,True
2022-06,Bengkulu,Cabai Besar,68550.0,True
2022-07,Bengkulu,Cabai Besar,86500.0,False
2022-08,Bengkulu,Cabai Besar,76250.0,False
2022-09,Bengkulu,Cabai Besar,60650.0,False
2022-10,Bengkulu,Cabai Besar,43650.0,False
2022-11,Bengkulu,Cabai Besar,30500.0,False
2022-12,Bengkulu,Cabai Besar,32250.0,False
2023-01,Bengkulu,Cabai Besar,30500.0,False
2023-02,Bengkulu,Cabai Besar,38500.0,False
2023-03,Bengkulu,Cabai Besar,42250.0,False
2023-04,Bengkulu,Cabai Besar,25400.0,False
2023-05,Bengkulu,Cabai Besar,27000.0,False
2023-06,Bengkulu,Cabai Besar,18900.0,False
2023-07,Bengkulu,Cabai Besar,35500.0,False
2023-08,Bengkulu,Cabai Besar,29650.0,False
2023-09,Bengkulu,Cabai Besar,37650.0,False
2023-10,Bengkulu,Cabai Besar,39650.0,False
2023-11,Bengkulu,Cabai Besar,58150.0,False
2023-12,Bengkulu,Cabai Besar,82750.0,False
2024-01,Bengkulu,Cabai Besar,62625.0,True
2024-02,Bengkulu,Cabai Besar,42500.0,False
2024-03,Bengkulu,Cabai Besar,75250.0,False
2024-04,Bengkulu,Cabai Besar,41400.0,False
2024-05,Bengkulu,Cabai Besar,53400.0,False
2024-06,Bengkulu,Cabai Besar,53000.0,False
2024-07,Bengkulu,Cabai Besar,38150.0,False
2024-08,Bengkulu,Cabai Besar,40650.0,False
2024-09,Bengkulu,Cabai Besar,36900.0,False
2024-10,Bengkulu,Cabai Besar,25250.0,False
2024-11,Bengkulu,Cabai Besar,21250.0,False
2024-12,Bengkulu,Cabai Besar,21400.0,False
2025-01,Bengkulu,Cabai Besar,49150.0,False
2025-02,Bengkulu,Cabai Besar,52400.0,False
2025-03,Bengkulu,Cabai Besar,53250.0,False
2025-04,Bengkulu,Cabai Besar,42250.0,False
2025-05,Bengkulu,Cabai Besar,40250.0,False
2025-06,Bengkulu,Cabai Besar,31000.0,False
2025-07,Bengkulu,Cabai Besar,28900.0,False
2025-08,Bengkulu,Cabai Besar,33900.0,False
2025-09,Bengkulu,Cabai Besar,41000.0,False
2025-10,Bengkulu,Cabai Besar,57150.0,False
2025-11,Bengkulu,Cabai Besar,57000.0,False
2025-12,Bengkulu,Cabai Besar,67750.0,False
2026-01,Bengkulu,Cabai Besar,43650.0,False
2026-02,Bengkulu,Cabai Besar,35500.0,False
2026-03,Bengkulu,Cabai Besar,32000.0,False
2026-04,Bengkulu,Cabai Besar,29000.0,False
2026-05,Bengkulu,Cabai Besar,42000.0,False
2026-06,Bengkulu,Cabai Besar,67500.0,False
2026-07,Bengkulu,Cabai Besar,46250.0,False
2020-02,Bengkulu,Cabai Rawit,46700.0,False
2020-03,Bengkulu,Cabai Rawit,42900.0,False
2020-04,Bengkulu,Cabai Rawit,32650.0,False
2020-05,Bengkulu,Cabai Rawit,29666.666666666668,True
2020-06,Bengkulu,Cabai Rawit,26683.33333333333,True
2020-07,Bengkulu,Cabai Rawit,23700.0,False
2020-08,Bengkulu,Cabai Rawit,25400.0,False
2020-09,Bengkulu,Cabai Rawit,18350.0,False
2020-10,Bengkulu,Cabai Rawit,21500.0,False
2020-11,Bengkulu,Cabai Rawit,24950.0,False
2020-12,Bengkulu,Cabai Rawit,28450.0,False
2021-01,Bengkulu,Cabai Rawit,41275.0,True
2021-02,Bengkulu,Cabai Rawit,54100.0,False
2021-03,Bengkulu,Cabai Rawit,56950.0,False
2021-04,Bengkulu,Cabai Rawit,57300.0,False
2021-05,Bengkulu,Cabai Rawit,30750.0,False
2021-06,Bengkulu,Cabai Rawit,31450.0,True
2021-07,Bengkulu,Cabai Rawit,32150.0,False
2021-08,Bengkulu,Cabai Rawit,33500.0,False
2021-09,Bengkulu,Cabai Rawit,21200.0,False
2021-10,Bengkulu,Cabai Rawit,23850.0,False
2021-11,Bengkulu,Cabai Rawit,25650.0,False
2021-12,Bengkulu,Cabai Rawit,27750.0,False
2022-01,Bengkulu,Cabai Rawit,47300.0,False
2022-02,Bengkulu,Cabai Rawit,40525.0,True
2022-03,Bengkulu,Cabai Rawit,33750.0,False
2022-04,Bengkulu,Cabai Rawit,31200.0,False
2022-05,Bengkulu,Cabai Rawit,45500.0,True
2022-06,Bengkulu,Cabai Rawit,59800.0,True
2022-07,Bengkulu,Cabai Rawit,74100.0,False
2022-08,Bengkulu,Cabai Rawit,50500.0,False
2022-09,Bengkulu,Cabai Rawit,41800.0,False
2022-10,Bengkulu,Cabai Rawit,47550.0,False
2022-11,Bengkulu,Cabai Rawit,32150.0,False
2022-12,Bengkulu,Cabai Rawit,32500.0,False
2023-01,Bengkulu,Cabai Rawit,39150.0,False
2023-02,Bengkulu,Cabai Rawit,37800.0,False
2023-03,Bengkulu,Cabai Rawit,44250.0,False
2023-04,Bengkulu,Cabai Rawit,33000.0,False
2023-05,Bengkulu,Cabai Rawit,27200.0,False
2023-06,Bengkulu,Cabai Rawit,23200.0,False
2023-07,Bengkulu,Cabai Rawit,27650.0,False
2023-08,Bengkulu,Cabai Rawit,28550.0,False
2023-09,Bengkulu,Cabai Rawit,27950.0,False
2023-10,Bengkulu,Cabai Rawit,25900.0,False
2023-11,Bengkulu,Cabai Rawit,48200.0,False
2023-12,Bengkulu,Cabai Rawit,66250.0,False
2024-01,Bengkulu,Cabai Rawit,46625.0,True
2024-02,Bengkulu,Cabai Rawit,27000.0,False
2024-03,Bengkulu,Cabai Rawit,65550.0,False
2024-04,Bengkulu,Cabai Rawit,47650.0,False
2024-05,Bengkulu,Cabai Rawit,46850.0,False
2024-06,Bengkulu,Cabai Rawit,36600.0,False
2024-07,Bengkulu,Cabai Rawit,34650.0,False
2024-08,Bengkulu,Cabai Rawit,51150.0,False
2024-09,Bengkulu,Cabai Rawit,33250.0,False
2024-10,Bengkulu,Cabai Rawit,33000.0,False
2024-11,Bengkulu,Cabai Rawit,30650.0,False
2024-12,Bengkulu,Cabai Rawit,22700.0,False
2025-01,Bengkulu,Cabai Rawit,37950.0,False
2025-02,Bengkulu,Cabai Rawit,48000.0,False
2025-03,Bengkulu,Cabai Rawit,59800.0,False
2025-04,Bengkulu,Cabai Rawit,56050.0,False
2025-05,Bengkulu,Cabai Rawit,31600.0,False
2025-06,Bengkulu,Cabai Rawit,27250.0,False
2025-07,Bengkulu,Cabai Rawit,30950.0,False
2025-08,Bengkulu,Cabai Rawit,34150.0,False
2025-09,Bengkulu,Cabai Rawit,27100.0,False
2025-10,Bengkulu,Cabai Rawit,31650.0,False
2025-11,Bengkulu,Cabai Rawit,24950.0,False
2025-12,Bengkulu,Cabai Rawit,34650.0,False
2026-01,Bengkulu,Cabai Rawit,50800.0,False
2026-02,Bengkulu,Cabai Rawit,42950.0,False
2026-03,Bengkulu,Cabai Rawit,43000.0,False
2026-04,Bengkulu,Cabai Rawit,33050.0,False
2026-05,Bengkulu,Cabai Rawit,54750.0,False
2026-06,Bengkulu,Cabai Rawit,88750.0,False
2026-07,Bengkulu,Cabai Rawit,61250.0,False
2020-02,DI Yogyakarta,Bawang Merah,30750.0,False
2020-03,DI Yogyakarta,Bawang Merah,30250.0,False
2020-04,DI Yogyakarta,Bawang Merah,36250.0,False
2020-05,DI Yogyakarta,Bawang Merah,37500.0,True
2020-06,DI Yogyakarta,Bawang Merah,38750.0,True
2020-07,DI Yogyakarta,Bawang Merah,40000.0,False
2020-08,DI Yogyakarta,Bawang Merah,27500.0,False
2020-09,DI Yogyakarta,Bawang Merah,24000.0,False
2020-10,DI Yogyakarta,Bawang Merah,25000.0,False
2020-11,DI Yogyakarta,Bawang Merah,30750.0,False
2020-12,DI Yogyakarta,Bawang Merah,34500.0,False
2021-01,DI Yogyakarta,Bawang Merah,30250.0,True
2021-02,DI Yogyakarta,Bawang Merah,26000.0,False
2021-03,DI Yogyakarta,Bawang Merah,31500.0,False
2021-04,DI Yogyakarta,Bawang Merah,33500.0,False
2021-05,DI Yogyakarta,Bawang Merah,31500.0,False
2021-06,DI Yogyakarta,Bawang Merah,29875.0,True
2021-07,DI Yogyakarta,Bawang Merah,28250.0,False
2021-08,DI Yogyakarta,Bawang Merah,35000.0,False
2021-09,DI Yogyakarta,Bawang Merah,27000.0,False
2021-10,DI Yogyakarta,Bawang Merah,26000.0,False
2021-11,DI Yogyakarta,Bawang Merah,25000.0,False
2021-12,DI Yogyakarta,Bawang Merah,23750.0,False
2022-01,DI Yogyakarta,Bawang Merah,26250.0,False
2022-02,DI Yogyakarta,Bawang Merah,30625.0,True
2022-03,DI Yogyakarta,Bawang Merah,35000.0,False
2022-04,DI Yogyakarta,Bawang Merah,29500.0,False
2022-05,DI Yogyakarta,Bawang Merah,38000.0,True
2022-06,DI Yogyakarta,Bawang Merah,46500.0,True
2022-07,DI Yogyakarta,Bawang Merah,55000.0,False
2022-08,DI Yogyakarta,Bawang Merah,41000.0,False
2022-09,DI Yogyakarta,Bawang Merah,30500.0,False
2022-10,DI Yogyakarta,Bawang Merah,29750.0,False
2022-11,DI Yogyakarta,Bawang Merah,31750.0,False
2022-12,DI Yogyakarta,Bawang Merah,30000.0,False
2023-01,DI Yogyakarta,Bawang Merah,31250.0,False
2023-02,DI Yogyakarta,Bawang Merah,41500.0,False
2023-03,DI Yogyakarta,Bawang Merah,35000.0,False
2023-04,DI Yogyakarta,Bawang Merah,31250.0,False
2023-05,DI Yogyakarta,Bawang Merah,38500.0,False
2023-06,DI Yogyakarta,Bawang Merah,39250.0,False
2023-07,DI Yogyakarta,Bawang Merah,37500.0,False
2023-08,DI Yogyakarta,Bawang Merah,29500.0,False
2023-09,DI Yogyakarta,Bawang Merah,26750.0,False
2023-10,DI Yogyakarta,Bawang Merah,26250.0,False
2023-11,DI Yogyakarta,Bawang Merah,27500.0,False
2023-12,DI Yogyakarta,Bawang Merah,30000.0,False
2024-01,DI Yogyakarta,Bawang Merah,39750.0,False
2024-02,DI Yogyakarta,Bawang Merah,32500.0,False
2024-03,DI Yogyakarta,Bawang Merah,33250.0,False
2024-04,DI Yogyakarta,Bawang Merah,36000.0,False
2024-05,DI Yogyakarta,Bawang Merah,53750.0,False
2024-06,DI Yogyakarta,Bawang Merah,46250.0,False
2024-07,DI Yogyakarta,Bawang Merah,35750.0,False
2024-08,DI Yogyakarta,Bawang Merah,25250.0,False
2024-09,DI Yogyakarta,Bawang Merah,24500.0,False
2024-10,DI Yogyakarta,Bawang Merah,24500.0,False
2024-11,DI Yogyakarta,Bawang Merah,27000.0,False
2024-12,DI Yogyakarta,Bawang Merah,38750.0,False
2025-01,DI Yogyakarta,Bawang Merah,41250.0,False
2025-02,DI Yogyakarta,Bawang Merah,36500.0,False
2025-03,DI Yogyakarta,Bawang Merah,38250.0,False
2025-04,DI Yogyakarta,Bawang Merah,48000.0,False
2025-05,DI Yogyakarta,Bawang Merah,43500.0,False
2025-06,DI Yogyakarta,Bawang Merah,37750.0,False
2025-07,DI Yogyakarta,Bawang Merah,38750.0,False
2025-08,DI Yogyakarta,Bawang Merah,46250.0,False
2025-09,DI Yogyakarta,Bawang Merah,41250.0,False
2025-10,DI Yogyakarta,Bawang Merah,38750.0,False
2025-11,DI Yogyakarta,Bawang Merah,42000.0,False
2025-12,DI Yogyakarta,Bawang Merah,46250.0,False
2026-01,DI Yogyakarta,Bawang Merah,43500.0,False
2026-02,DI Yogyakarta,Bawang Merah,42750.0,False
2026-03,DI Yogyakarta,Bawang Merah,45000.0,False
2026-04,DI Yogyakarta,Bawang Merah,43000.0,False
2026-05,DI Yogyakarta,Bawang Merah,44000.0,False
2026-06,DI Yogyakarta,Bawang Merah,47500.0,False
2026-07,DI Yogyakarta,Bawang Merah,49000.0,False
2020-02,DI Yogyakarta,Beras,11750.0,False
2020-03,DI Yogyakarta,Beras,11750.0,False
2020-04,DI Yogyakarta,Beras,11750.0,False
2020-05,DI Yogyakarta,Beras,11750.0,True
2020-06,DI Yogyakarta,Beras,11750.0,True
2020-07,DI Yogyakarta,Beras,11750.0,False
2020-08,DI Yogyakarta,Beras,11750.0,False
2020-09,DI Yogyakarta,Beras,11750.0,False
2020-10,DI Yogyakarta,Beras,11750.0,False
2020-11,DI Yogyakarta,Beras,11750.0,False
2020-12,DI Yogyakarta,Beras,11750.0,False
2021-01,DI Yogyakarta,Beras,11750.0,True
2021-02,DI Yogyakarta,Beras,11750.0,False
2021-03,DI Yogyakarta,Beras,11750.0,False
2021-04,DI Yogyakarta,Beras,11750.0,False
2021-05,DI Yogyakarta,Beras,11500.0,False
2021-06,DI Yogyakarta,Beras,11500.0,True
2021-07,DI Yogyakarta,Beras,11500.0,False
2021-08,DI Yogyakarta,Beras,11500.0,False
2021-09,DI Yogyakarta,Beras,11500.0,False
2021-10,DI Yogyakarta,Beras,11500.0,False
2021-11,DI Yogyakarta,Beras,11900.0,False
2021-12,DI Yogyakarta,Beras,11900.0,False
2022-01,DI Yogyakarta,Beras,11900.0,False
2022-02,DI Yogyakarta,Beras,11900.0,True
2022-03,DI Yogyakarta,Beras,11900.0,False
2022-04,DI Yogyakarta,Beras,11900.0,False
2022-05,DI Yogyakarta,Beras,11900.0,True
2022-06,DI Yogyakarta,Beras,11900.0,True
2022-07,DI Yogyakarta,Beras,11900.0,False
2022-08,DI Yogyakarta,Beras,11900.0,False
2022-09,DI Yogyakarta,Beras,11900.0,False
2022-10,DI Yogyakarta,Beras,12000.0,False
2022-11,DI Yogyakarta,Beras,12000.0,False
2022-12,DI Yogyakarta,Beras,12250.0,False
2023-01,DI Yogyakarta,Beras,12750.0,False
2023-02,DI Yogyakarta,Beras,13000.0,False
2023-03,DI Yogyakarta,Beras,13650.0,False
2023-04,DI Yogyakarta,Beras,13650.0,False
2023-05,DI Yogyakarta,Beras,14000.0,False
2023-06,DI Yogyakarta,Beras,13650.0,False
2023-07,DI Yogyakarta,Beras,13650.0,False
2023-08,DI Yogyakarta,Beras,13500.0,False
2023-09,DI Yogyakarta,Beras,13900.0,False
2023-10,DI Yogyakarta,Beras,14250.0,False
2023-11,DI Yogyakarta,Beras,14250.0,False
2023-12,DI Yogyakarta,Beras,14500.0,False
2024-01,DI Yogyakarta,Beras,14500.0,False
2024-02,DI Yogyakarta,Beras,14750.0,False
2024-03,DI Yogyakarta,Beras,16000.0,False
2024-04,DI Yogyakarta,Beras,15750.0,False
2024-05,DI Yogyakarta,Beras,15750.0,False
2024-06,DI Yogyakarta,Beras,14750.0,False
2024-07,DI Yogyakarta,Beras,14750.0,False
2024-08,DI Yogyakarta,Beras,14750.0,False
2024-09,DI Yogyakarta,Beras,14750.0,False
2024-10,DI Yogyakarta,Beras,14750.0,False
2024-11,DI Yogyakarta,Beras,14750.0,False
2024-12,DI Yogyakarta,Beras,14650.0,False
2025-01,DI Yogyakarta,Beras,14650.0,False
2025-02,DI Yogyakarta,Beras,14650.0,False
2025-03,DI Yogyakarta,Beras,14900.0,False
2025-04,DI Yogyakarta,Beras,14900.0,False
2025-05,DI Yogyakarta,Beras,14900.0,False
2025-06,DI Yogyakarta,Beras,14900.0,False
2025-07,DI Yogyakarta,Beras,15150.0,False
2025-08,DI Yogyakarta,Beras,15150.0,False
2025-09,DI Yogyakarta,Beras,15150.0,False
2025-10,DI Yogyakarta,Beras,14900.0,False
2025-11,DI Yogyakarta,Beras,14900.0,False
2025-12,DI Yogyakarta,Beras,14900.0,False
2026-01,DI Yogyakarta,Beras,14900.0,False
2026-02,DI Yogyakarta,Beras,14900.0,False
2026-03,DI Yogyakarta,Beras,14900.0,False
2026-04,DI Yogyakarta,Beras,14900.0,False
2026-05,DI Yogyakarta,Beras,14900.0,False
2026-06,DI Yogyakarta,Beras,14900.0,False
2026-07,DI Yogyakarta,Beras,15000.0,False
2020-02,DI Yogyakarta,Cabai Besar,78750.0,False
2020-03,DI Yogyakarta,Cabai Besar,60000.0,False
2020-04,DI Yogyakarta,Cabai Besar,28750.0,False
2020-05,DI Yogyakarta,Cabai Besar,25583.33333333333,True
2020-06,DI Yogyakarta,Cabai Besar,22416.666666666668,True
2020-07,DI Yogyakarta,Cabai Besar,19250.0,False
2020-08,DI Yogyakarta,Cabai Besar,22000.0,False
2020-09,DI Yogyakarta,Cabai Besar,15500.0,False
2020-10,DI Yogyakarta,Cabai Besar,28750.0,False
2020-11,DI Yogyakarta,Cabai Besar,35000.0,False
2020-12,DI Yogyakarta,Cabai Besar,45000.0,False
2021-01,DI Yogyakarta,Cabai Besar,46250.0,True
2021-02,DI Yogyakarta,Cabai Besar,47500.0,False
2021-03,DI Yogyakarta,Cabai Besar,50000.0,False
2021-04,DI Yogyakarta,Cabai Besar,46250.0,False
2021-05,DI Yogyakarta,Cabai Besar,38750.0,False
2021-06,DI Yogyakarta,Cabai Besar,30625.0,True
2021-07,DI Yogyakarta,Cabai Besar,22500.0,False
2021-08,DI Yogyakarta,Cabai Besar,21250.0,False
2021-09,DI Yogyakarta,Cabai Besar,17500.0,False
2021-10,DI Yogyakarta,Cabai Besar,21000.0,False
2021-11,DI Yogyakarta,Cabai Besar,26750.0,False
2021-12,DI Yogyakarta,Cabai Besar,47500.0,False
2022-01,DI Yogyakarta,Cabai Besar,44500.0,False
2022-02,DI Yogyakarta,Cabai Besar,42250.0,True
2022-03,DI Yogyakarta,Cabai Besar,40000.0,False
2022-04,DI Yogyakarta,Cabai Besar,37500.0,False
2022-05,DI Yogyakarta,Cabai Besar,49166.66666666666,True
2022-06,DI Yogyakarta,Cabai Besar,60833.33333333333,True
2022-07,DI Yogyakarta,Cabai Besar,72500.0,False
2022-08,DI Yogyakarta,Cabai Besar,81250.0,False
2022-09,DI Yogyakarta,Cabai Besar,60000.0,False
2022-10,DI Yogyakarta,Cabai Besar,50000.0,False
2022-11,DI Yogyakarta,Cabai Besar,40000.0,False
2022-12,DI Yogyakarta,Cabai Besar,36250.0,False
2023-01,DI Yogyakarta,Cabai Besar,41250.0,False
2023-02,DI Yogyakarta,Cabai Besar,38750.0,False
2023-03,DI Yogyakarta,Cabai Besar,42500.0,False
2023-04,DI Yogyakarta,Cabai Besar,35000.0,False
2023-05,DI Yogyakarta,Cabai Besar,40000.0,False
2023-06,DI Yogyakarta,Cabai Besar,38750.0,False
2023-07,DI Yogyakarta,Cabai Besar,47500.0,False
2023-08,DI Yogyakarta,Cabai Besar,35000.0,False
2023-09,DI Yogyakarta,Cabai Besar,46250.0,False
2023-10,DI Yogyakarta,Cabai Besar,42500.0,False
2023-11,DI Yogyakarta,Cabai Besar,45000.0,False
2023-12,DI Yogyakarta,Cabai Besar,76250.0,False
2024-01,DI Yogyakarta,Cabai Besar,82500.0,False
2024-02,DI Yogyakarta,Cabai Besar,77500.0,False
2024-03,DI Yogyakarta,Cabai Besar,87500.0,False
2024-04,DI Yogyakarta,Cabai Besar,52500.0,False
2024-05,DI Yogyakarta,Cabai Besar,66250.0,False
2024-06,DI Yogyakarta,Cabai Besar,48750.0,False
2024-07,DI Yogyakarta,Cabai Besar,48750.0,False
2024-08,DI Yogyakarta,Cabai Besar,40000.0,False
2024-09,DI Yogyakarta,Cabai Besar,35000.0,False
2024-10,DI Yogyakarta,Cabai Besar,27500.0,False
2024-11,DI Yogyakarta,Cabai Besar,26250.0,False
2024-12,DI Yogyakarta,Cabai Besar,30000.0,False
2025-01,DI Yogyakarta,Cabai Besar,71250.0,False
2025-02,DI Yogyakarta,Cabai Besar,66250.0,False
2025-03,DI Yogyakarta,Cabai Besar,61250.0,False
2025-04,DI Yogyakarta,Cabai Besar,60000.0,False
2025-05,DI Yogyakarta,Cabai Besar,38500.0,False
2025-06,DI Yogyakarta,Cabai Besar,38250.0,False
2025-07,DI Yogyakarta,Cabai Besar,38750.0,False
2025-08,DI Yogyakarta,Cabai Besar,35000.0,False
2025-09,DI Yogyakarta,Cabai Besar,36250.0,False
2025-10,DI Yogyakarta,Cabai Besar,45000.0,False
2025-11,DI Yogyakarta,Cabai Besar,47750.0,False
2025-12,DI Yogyakarta,Cabai Besar,63750.0,False
2026-01,DI Yogyakarta,Cabai Besar,55000.0,False
2026-02,DI Yogyakarta,Cabai Besar,44000.0,False
2026-03,DI Yogyakarta,Cabai Besar,40750.0,False
2026-04,DI Yogyakarta,Cabai Besar,42500.0,False
2026-05,DI Yogyakarta,Cabai Besar,48750.0,False
2026-06,DI Yogyakarta,Cabai Besar,76250.0,False
2026-07,DI Yogyakarta,Cabai Besar,39000.0,False
2020-02,DI Yogyakarta,Cabai Rawit,75000.0,False
2020-03,DI Yogyakarta,Cabai Rawit,28750.0,False
2020-04,DI Yogyakarta,Cabai Rawit,38250.0,False
2020-05,DI Yogyakarta,Cabai Rawit,31833.33333333333,True
2020-06,DI Yogyakarta,Cabai Rawit,25416.666666666664,True
2020-07,DI Yogyakarta,Cabai Rawit,19000.0,False
2020-08,DI Yogyakarta,Cabai Rawit,17750.0,False
2020-09,DI Yogyakarta,Cabai Rawit,15000.0,False
2020-10,DI Yogyakarta,Cabai Rawit,20250.0,False
2020-11,DI Yogyakarta,Cabai Rawit,20000.0,False
2020-12,DI Yogyakarta,Cabai Rawit,44750.0,False
2021-01,DI Yogyakarta,Cabai Rawit,58000.0,True
2021-02,DI Yogyakarta,Cabai Rawit,71250.0,False
2021-03,DI Yogyakarta,Cabai Rawit,90000.0,False
2021-04,DI Yogyakarta,Cabai Rawit,66250.0,False
2021-05,DI Yogyakarta,Cabai Rawit,51250.0,False
2021-06,DI Yogyakarta,Cabai Rawit,46625.0,True
2021-07,DI Yogyakarta,Cabai Rawit,42000.0,False
2021-08,DI Yogyakarta,Cabai Rawit,31250.0,False
2021-09,DI Yogyakarta,Cabai Rawit,16750.0,False
2021-10,DI Yogyakarta,Cabai Rawit,19000.0,False
2021-11,DI Yogyakarta,Cabai Rawit,19250.0,False
2021-12,DI Yogyakarta,Cabai Rawit,42500.0,False
2022-01,DI Yogyakarta,Cabai Rawit,73750.0,False
2022-02,DI Yogyakarta,Cabai Rawit,66250.0,True
2022-03,DI Yogyakarta,Cabai Rawit,58750.0,False
2022-04,DI Yogyakarta,Cabai Rawit,43750.0,False
2022-05,DI Yogyakarta,Cabai Rawit,60000.0,True
2022-06,DI Yogyakarta,Cabai Rawit,76250.0,True
2022-07,DI Yogyakarta,Cabai Rawit,92500.0,False
2022-08,DI Yogyakarta,Cabai Rawit,55000.0,False
2022-09,DI Yogyakarta,Cabai Rawit,38750.0,False
2022-10,DI Yogyakarta,Cabai Rawit,55000.0,False
2022-11,DI Yogyakarta,Cabai Rawit,35000.0,False
2022-12,DI Yogyakarta,Cabai Rawit,37500.0,False
2023-01,DI Yogyakarta,Cabai Rawit,56250.0,False
2023-02,DI Yogyakarta,Cabai Rawit,48750.0,False
2023-03,DI Yogyakarta,Cabai Rawit,61250.0,False
2023-04,DI Yogyakarta,Cabai Rawit,52500.0,False
2023-05,DI Yogyakarta,Cabai Rawit,27500.0,False
2023-06,DI Yogyakarta,Cabai Rawit,37500.0,False
2023-07,DI Yogyakarta,Cabai Rawit,28250.0,False
2023-08,DI Yogyakarta,Cabai Rawit,32000.0,False
2023-09,DI Yogyakarta,Cabai Rawit,35000.0,False
2023-10,DI Yogyakarta,Cabai Rawit,35000.0,False
2023-11,DI Yogyakarta,Cabai Rawit,75750.0,False
2023-12,DI Yogyakarta,Cabai Rawit,78750.0,False
2024-01,DI Yogyakarta,Cabai Rawit,75000.0,False
2024-02,DI Yogyakarta,Cabai Rawit,35000.0,False
2024-03,DI Yogyakarta,Cabai Rawit,68750.0,False
2024-04,DI Yogyakarta,Cabai Rawit,36250.0,False
2024-05,DI Yogyakarta,Cabai Rawit,40000.0,False
2024-06,DI Yogyakarta,Cabai Rawit,35000.0,False
2024-07,DI Yogyakarta,Cabai Rawit,30000.0,False
2024-08,DI Yogyakarta,Cabai Rawit,68750.0,False
2024-09,DI Yogyakarta,Cabai Rawit,30000.0,False
2024-10,DI Yogyakarta,Cabai Rawit,32500.0,False
2024-11,DI Yogyakarta,Cabai Rawit,33750.0,False
2024-12,DI Yogyakarta,Cabai Rawit,30000.0,False
2025-01,DI Yogyakarta,Cabai Rawit,73750.0,False
2025-02,DI Yogyakarta,Cabai Rawit,63750.0,False
2025-03,DI Yogyakarta,Cabai Rawit,96250.0,False
2025-04,DI Yogyakarta,Cabai Rawit,93750.0,False
2025-05,DI Yogyakarta,Cabai Rawit,46250.0,False
2025-06,DI Yogyakarta,Cabai Rawit,38750.0,False
2025-07,DI Yogyakarta,Cabai Rawit,55750.0,False
2025-08,DI Yogyakarta,Cabai Rawit,36750.0,False
2025-09,DI Yogyakarta,Cabai Rawit,26250.0,False
2025-10,DI Yogyakarta,Cabai Rawit,31250.0,False
2025-11,DI Yogyakarta,Cabai Rawit,31500.0,False
2025-12,DI Yogyakarta,Cabai Rawit,60000.0,False
2026-01,DI Yogyakarta,Cabai Rawit,54250.0,False
2026-02,DI Yogyakarta,Cabai Rawit,65000.0,False
2026-03,DI Yogyakarta,Cabai Rawit,87500.0,False
2026-04,DI Yogyakarta,Cabai Rawit,81750.0,False
2026-05,DI Yogyakarta,Cabai Rawit,54250.0,False
2026-06,DI Yogyakarta,Cabai Rawit,80000.0,False
2026-07,DI Yogyakarta,Cabai Rawit,46250.0,False
2020-02,DKI Jakarta,Bawang Merah,37500.0,False
2020-03,DKI Jakarta,Bawang Merah,38350.0,False
2020-04,DKI Jakarta,Bawang Merah,47500.0,False
2020-05,DKI Jakarta,Bawang Merah,47500.0,True
2020-06,DKI Jakarta,Bawang Merah,47500.0,True
2020-07,DKI Jakarta,Bawang Merah,47500.0,False
2020-08,DKI Jakarta,Bawang Merah,36650.0,False
2020-09,DKI Jakarta,Bawang Merah,34150.0,False
2020-10,DKI Jakarta,Bawang Merah,32850.0,False
2020-11,DKI Jakarta,Bawang Merah,38350.0,False
2020-12,DKI Jakarta,Bawang Merah,37500.0,False
2021-01,DKI Jakarta,Bawang Merah,36675.0,True
2021-02,DKI Jakarta,Bawang Merah,35850.0,False
2021-03,DKI Jakarta,Bawang Merah,45000.0,False
2021-04,DKI Jakarta,Bawang Merah,38350.0,False
2021-05,DKI Jakarta,Bawang Merah,37150.0,False
2021-06,DKI Jakarta,Bawang Merah,36500.0,True
2021-07,DKI Jakarta,Bawang Merah,35850.0,False
2021-08,DKI Jakarta,Bawang Merah,36350.0,False
2021-09,DKI Jakarta,Bawang Merah,32850.0,False
2021-10,DKI Jakarta,Bawang Merah,31150.0,False
2021-11,DKI Jakarta,Bawang Merah,32500.0,False
2021-12,DKI Jakarta,Bawang Merah,27500.0,False
2022-01,DKI Jakarta,Bawang Merah,32500.0,False
2022-02,DKI Jakarta,Bawang Merah,37925.0,True
2022-03,DKI Jakarta,Bawang Merah,43350.0,False
2022-04,DKI Jakarta,Bawang Merah,37500.0,False
2022-05,DKI Jakarta,Bawang Merah,50000.0,True
2022-06,DKI Jakarta,Bawang Merah,62500.0,True
2022-07,DKI Jakarta,Bawang Merah,75000.0,False
2022-08,DKI Jakarta,Bawang Merah,47500.0,False
2022-09,DKI Jakarta,Bawang Merah,39150.0,False
2022-10,DKI Jakarta,Bawang Merah,38350.0,False
2022-11,DKI Jakarta,Bawang Merah,39650.0,False
2022-12,DKI Jakarta,Bawang Merah,37150.0,False
2023-01,DKI Jakarta,Bawang Merah,40850.0,False
2023-02,DKI Jakarta,Bawang Merah,49150.0,False
2023-03,DKI Jakarta,Bawang Merah,42500.0,False
2023-04,DKI Jakarta,Bawang Merah,39150.0,False
2023-05,DKI Jakarta,Bawang Merah,44150.0,True
2023-06,DKI Jakarta,Bawang Merah,49150.0,False
2023-07,DKI Jakarta,Bawang Merah,45000.0,False
2023-08,DKI Jakarta,Bawang Merah,35850.0,False
2023-09,DKI Jakarta,Bawang Merah,35000.0,False
2023-10,DKI Jakarta,Bawang Merah,32500.0,False
2023-11,DKI Jakarta,Bawang Merah,33350.0,False
2023-12,DKI Jakarta,Bawang Merah,36650.0,False
2024-01,DKI Jakarta,Bawang Merah,36650.0,True
2024-02,DKI Jakarta,Bawang Merah,36650.0,False
2024-03,DKI Jakarta,Bawang Merah,40000.0,False
2024-04,DKI Jakarta,Bawang Merah,46650.0,False
2024-05,DKI Jakarta,Bawang Merah,71650.0,False
2024-06,DKI Jakarta,Bawang Merah,52500.0,False
2024-07,DKI Jakarta,Bawang Merah,41650.0,False
2024-08,DKI Jakarta,Bawang Merah,32500.0,False
2024-09,DKI Jakarta,Bawang Merah,32500.0,False
2024-10,DKI Jakarta,Bawang Merah,31650.0,False
2024-11,DKI Jakarta,Bawang Merah,41350.0,False
2024-12,DKI Jakarta,Bawang Merah,45850.0,False
2025-01,DKI Jakarta,Bawang Merah,41400.0,True
2025-02,DKI Jakarta,Bawang Merah,36950.0,False
2025-03,DKI Jakarta,Bawang Merah,53800.0,False
2025-04,DKI Jakarta,Bawang Merah,61750.0,False
2025-05,DKI Jakarta,Bawang Merah,49900.0,False
2025-06,DKI Jakarta,Bawang Merah,46550.0,False
2025-07,DKI Jakarta,Bawang Merah,50650.0,False
2025-08,DKI Jakarta,Bawang Merah,62750.0,False
2025-09,DKI Jakarta,Bawang Merah,45650.0,False
2025-10,DKI Jakarta,Bawang Merah,40200.0,False
2025-11,DKI Jakarta,Bawang Merah,45000.0,False
2025-12,DKI Jakarta,Bawang Merah,48950.0,False
2026-01,DKI Jakarta,Bawang Merah,45750.0,False
2026-02,DKI Jakarta,Bawang Merah,47400.0,False
2026-03,DKI Jakarta,Bawang Merah,50550.0,False
2026-04,DKI Jakarta,Bawang Merah,47300.0,False
2026-05,DKI Jakarta,Bawang Merah,48250.0,False
2026-06,DKI Jakarta,Bawang Merah,60100.0,False
2026-07,DKI Jakarta,Bawang Merah,49800.0,False
2020-02,DKI Jakarta,Beras,13400.0,False
2020-03,DKI Jakarta,Beras,13500.0,False
2020-04,DKI Jakarta,Beras,13800.0,False
2020-05,DKI Jakarta,Beras,13833.333333333334,True
2020-06,DKI Jakarta,Beras,13866.666666666666,True
2020-07,DKI Jakarta,Beras,13900.0,False
2020-08,DKI Jakarta,Beras,13900.0,False
2020-09,DKI Jakarta,Beras,13900.0,False
2020-10,DKI Jakarta,Beras,13900.0,False
2020-11,DKI Jakarta,Beras,13900.0,False
2020-12,DKI Jakarta,Beras,13950.0,False
2021-01,DKI Jakarta,Beras,13950.0,True
2021-02,DKI Jakarta,Beras,13950.0,False
2021-03,DKI Jakarta,Beras,13950.0,False
2021-04,DKI Jakarta,Beras,13900.0,False
2021-05,DKI Jakarta,Beras,14000.0,False
2021-06,DKI Jakarta,Beras,13925.0,True
2021-07,DKI Jakarta,Beras,13850.0,False
2021-08,DKI Jakarta,Beras,13800.0,False
2021-09,DKI Jakarta,Beras,13800.0,False
2021-10,DKI Jakarta,Beras,13800.0,False
2021-11,DKI Jakarta,Beras,13800.0,False
2021-12,DKI Jakarta,Beras,13850.0,False
2022-01,DKI Jakarta,Beras,14000.0,False
2022-02,DKI Jakarta,Beras,13975.0,True
2022-03,DKI Jakarta,Beras,13950.0,False
2022-04,DKI Jakarta,Beras,13950.0,False
2022-05,DKI Jakarta,Beras,13916.666666666666,True
2022-06,DKI Jakarta,Beras,13883.333333333334,True
2022-07,DKI Jakarta,Beras,13850.0,False
2022-08,DKI Jakarta,Beras,13850.0,False
2022-09,DKI Jakarta,Beras,14150.0,False
2022-10,DKI Jakarta,Beras,14200.0,False
2022-11,DKI Jakarta,Beras,14200.0,False
2022-12,DKI Jakarta,Beras,14400.0,False
2023-01,DKI Jakarta,Beras,14500.0,False
2023-02,DKI Jakarta,Beras,14800.0,False
2023-03,DKI Jakarta,Beras,14950.0,False
2023-04,DKI Jakarta,Beras,14900.0,False
2023-05,DKI Jakarta,Beras,14900.0,True
2023-06,DKI Jakarta,Beras,14900.0,False
2023-07,DKI Jakarta,Beras,14900.0,False
2023-08,DKI Jakarta,Beras,14850.0,False
2023-09,DKI Jakarta,Beras,15400.0,False
2023-10,DKI Jakarta,Beras,15550.0,False
2023-11,DKI Jakarta,Beras,15550.0,False
2023-12,DKI Jakarta,Beras,15550.0,False
2024-01,DKI Jakarta,Beras,15625.0,True
2024-02,DKI Jakarta,Beras,15700.0,False
2024-03,DKI Jakarta,Beras,16150.0,False
2024-04,DKI Jakarta,Beras,16100.0,False
2024-05,DKI Jakarta,Beras,15600.0,False
2024-06,DKI Jakarta,Beras,15450.0,False
2024-07,DKI Jakarta,Beras,15500.0,False
2024-08,DKI Jakarta,Beras,15600.0,False
2024-09,DKI Jakarta,Beras,15600.0,False
2024-10,DKI Jakarta,Beras,15600.0,False
2024-11,DKI Jakarta,Beras,15550.0,False
2024-12,DKI Jakarta,Beras,15500.0,False
2025-01,DKI Jakarta,Beras,15650.0,True
2025-02,DKI Jakarta,Beras,15800.0,False
2025-03,DKI Jakarta,Beras,15850.0,False
2025-04,DKI Jakarta,Beras,15900.0,False
2025-05,DKI Jakarta,Beras,15900.0,False
2025-06,DKI Jakarta,Beras,16000.0,False
2025-07,DKI Jakarta,Beras,16450.0,False
2025-08,DKI Jakarta,Beras,16550.0,False
2025-09,DKI Jakarta,Beras,16600.0,False
2025-10,DKI Jakarta,Beras,16600.0,False
2025-11,DKI Jakarta,Beras,16600.0,False
2025-12,DKI Jakarta,Beras,16600.0,False
2026-01,DKI Jakarta,Beras,16600.0,False
2026-02,DKI Jakarta,Beras,16600.0,False
2026-03,DKI Jakarta,Beras,16600.0,False
2026-04,DKI Jakarta,Beras,16800.0,False
2026-05,DKI Jakarta,Beras,16800.0,False
2026-06,DKI Jakarta,Beras,17000.0,False
2026-07,DKI Jakarta,Beras,17000.0,False
2020-02,DKI Jakarta,Cabai Besar,100000.0,False
2020-03,DKI Jakarta,Cabai Besar,74150.0,False
2020-04,DKI Jakarta,Cabai Besar,44150.0,False
2020-05,DKI Jakarta,Cabai Besar,39716.66666666666,True
2020-06,DKI Jakarta,Cabai Besar,35283.333333333336,True
2020-07,DKI Jakarta,Cabai Besar,30850.0,False
2020-08,DKI Jakarta,Cabai Besar,35850.0,False
2020-09,DKI Jakarta,Cabai Besar,30000.0,False
2020-10,DKI Jakarta,Cabai Besar,40000.0,False
2020-11,DKI Jakarta,Cabai Besar,53850.0,False
2020-12,DKI Jakarta,Cabai Besar,55850.0,False
2021-01,DKI Jakarta,Cabai Besar,60000.0,True
2021-02,DKI Jakarta,Cabai Besar,64150.0,False
2021-03,DKI Jakarta,Cabai Besar,56650.0,False
2021-04,DKI Jakarta,Cabai Besar,58350.0,False
2021-05,DKI Jakarta,Cabai Besar,63350.0,False
2021-06,DKI Jakarta,Cabai Besar,50000.0,True
2021-07,DKI Jakarta,Cabai Besar,36650.0,False
2021-08,DKI Jakarta,Cabai Besar,31650.0,False
2021-09,DKI Jakarta,Cabai Besar,30000.0,False
2021-10,DKI Jakarta,Cabai Besar,34150.0,False
2021-11,DKI Jakarta,Cabai Besar,41650.0,False
2021-12,DKI Jakarta,Cabai Besar,51650.0,False
2022-01,DKI Jakarta,Cabai Besar,50000.0,False
2022-02,DKI Jakarta,Cabai Besar,53325.0,True
2022-03,DKI Jakarta,Cabai Besar,56650.0,False
2022-04,DKI Jakarta,Cabai Besar,56650.0,False
2022-05,DKI Jakarta,Cabai Besar,66650.0,True
2022-06,DKI Jakarta,Cabai Besar,76650.0,True
2022-07,DKI Jakarta,Cabai Besar,86650.0,False
2022-08,DKI Jakarta,Cabai Besar,90850.0,False
2022-09,DKI Jakarta,Cabai Besar,71650.0,False
2022-10,DKI Jakarta,Cabai Besar,63350.0,False
2022-11,DKI Jakarta,Cabai Besar,52500.0,False
2022-12,DKI Jakarta,Cabai Besar,44150.0,False
2023-01,DKI Jakarta,Cabai Besar,46650.0,False
2023-02,DKI Jakarta,Cabai Besar,46650.0,False
2023-03,DKI Jakarta,Cabai Besar,53350.0,False
2023-04,DKI Jakarta,Cabai Besar,48350.0,False
2023-05,DKI Jakarta,Cabai Besar,48750.0,True
2023-06,DKI Jakarta,Cabai Besar,49150.0,False
2023-07,DKI Jakarta,Cabai Besar,60850.0,False
2023-08,DKI Jakarta,Cabai Besar,45850.0,False
2023-09,DKI Jakarta,Cabai Besar,61650.0,False
2023-10,DKI Jakarta,Cabai Besar,50000.0,False
2023-11,DKI Jakarta,Cabai Besar,63350.0,False
2023-12,DKI Jakarta,Cabai Besar,94150.0,False
2024-01,DKI Jakarta,Cabai Besar,87900.0,True
2024-02,DKI Jakarta,Cabai Besar,81650.0,False
2024-03,DKI Jakarta,Cabai Besar,116650.0,False
2024-04,DKI Jakarta,Cabai Besar,63350.0,False
2024-05,DKI Jakarta,Cabai Besar,83350.0,False
2024-06,DKI Jakarta,Cabai Besar,66650.0,False
2024-07,DKI Jakarta,Cabai Besar,60850.0,False
2024-08,DKI Jakarta,Cabai Besar,53350.0,False
2024-09,DKI Jakarta,Cabai Besar,50000.0,False
2024-10,DKI Jakarta,Cabai Besar,45000.0,False
2024-11,DKI Jakarta,Cabai Besar,43350.0,False
2024-12,DKI Jakarta,Cabai Besar,39150.0,False
2025-01,DKI Jakarta,Cabai Besar,52200.0,True
2025-02,DKI Jakarta,Cabai Besar,65250.0,False
2025-03,DKI Jakarta,Cabai Besar,80550.0,False
2025-04,DKI Jakarta,Cabai Besar,81400.0,False
2025-05,DKI Jakarta,Cabai Besar,58950.0,False
2025-06,DKI Jakarta,Cabai Besar,46050.0,False
2025-07,DKI Jakarta,Cabai Besar,50350.0,False
2025-08,DKI Jakarta,Cabai Besar,49400.0,False
2025-09,DKI Jakarta,Cabai Besar,48450.0,False
2025-10,DKI Jakarta,Cabai Besar,66000.0,False
2025-11,DKI Jakarta,Cabai Besar,72150.0,False
2025-12,DKI Jakarta,Cabai Besar,77000.0,False
2026-01,DKI Jakarta,Cabai Besar,50100.0,False
2026-02,DKI Jakarta,Cabai Besar,41050.0,False
2026-03,DKI Jakarta,Cabai Besar,50350.0,False
2026-04,DKI Jakarta,Cabai Besar,62100.0,False
2026-05,DKI Jakarta,Cabai Besar,62100.0,False
2026-06,DKI Jakarta,Cabai Besar,89550.0,False
2026-07,DKI Jakarta,Cabai Besar,47600.0,False
2020-02,DKI Jakarta,Cabai Rawit,95000.0,False
2020-03,DKI Jakarta,Cabai Rawit,46650.0,False
2020-04,DKI Jakarta,Cabai Rawit,65850.0,False
2020-05,DKI Jakarta,Cabai Rawit,53616.66666666666,True
2020-06,DKI Jakarta,Cabai Rawit,41383.33333333333,True
2020-07,DKI Jakarta,Cabai Rawit,29150.0,False
2020-08,DKI Jakarta,Cabai Rawit,32850.0,False
2020-09,DKI Jakarta,Cabai Rawit,26650.0,False
2020-10,DKI Jakarta,Cabai Rawit,31650.0,False
2020-11,DKI Jakarta,Cabai Rawit,36650.0,False
2020-12,DKI Jakarta,Cabai Rawit,49150.0,False
2021-01,DKI Jakarta,Cabai Rawit,71250.0,True
2021-02,DKI Jakarta,Cabai Rawit,93350.0,False
2021-03,DKI Jakarta,Cabai Rawit,128350.0,False
2021-04,DKI Jakarta,Cabai Rawit,103350.0,False
2021-05,DKI Jakarta,Cabai Rawit,65000.0,False
2021-06,DKI Jakarta,Cabai Rawit,62500.0,True
2021-07,DKI Jakarta,Cabai Rawit,60000.0,False
2021-08,DKI Jakarta,Cabai Rawit,54150.0,False
2021-09,DKI Jakarta,Cabai Rawit,30850.0,False
2021-10,DKI Jakarta,Cabai Rawit,34150.0,False
2021-11,DKI Jakarta,Cabai Rawit,34150.0,False
2021-12,DKI Jakarta,Cabai Rawit,53350.0,False
2022-01,DKI Jakarta,Cabai Rawit,96650.0,False
2022-02,DKI Jakarta,Cabai Rawit,82900.0,True
2022-03,DKI Jakarta,Cabai Rawit,69150.0,False
2022-04,DKI Jakarta,Cabai Rawit,60000.0,False
2022-05,DKI Jakarta,Cabai Rawit,80000.0,True
2022-06,DKI Jakarta,Cabai Rawit,100000.0,True
2022-07,DKI Jakarta,Cabai Rawit,120000.0,False
2022-08,DKI Jakarta,Cabai Rawit,79150.0,False
2022-09,DKI Jakarta,Cabai Rawit,60000.0,False
2022-10,DKI Jakarta,Cabai Rawit,65000.0,False
2022-11,DKI Jakarta,Cabai Rawit,50000.0,False
2022-12,DKI Jakarta,Cabai Rawit,48350.0,False
2023-01,DKI Jakarta,Cabai Rawit,81650.0,False
2023-02,DKI Jakarta,Cabai Rawit,67500.0,False
2023-03,DKI Jakarta,Cabai Rawit,76650.0,False
2023-04,DKI Jakarta,Cabai Rawit,57500.0,False
2023-05,DKI Jakarta,Cabai Rawit,53750.0,True
2023-06,DKI Jakarta,Cabai Rawit,50000.0,False
2023-07,DKI Jakarta,Cabai Rawit,48350.0,False
2023-08,DKI Jakarta,Cabai Rawit,50850.0,False
2023-09,DKI Jakarta,Cabai Rawit,49150.0,False
2023-10,DKI Jakarta,Cabai Rawit,49150.0,False
2023-11,DKI Jakarta,Cabai Rawit,97500.0,False
2023-12,DKI Jakarta,Cabai Rawit,110000.0,False
2024-01,DKI Jakarta,Cabai Rawit,83325.0,True
2024-02,DKI Jakarta,Cabai Rawit,56650.0,False
2024-03,DKI Jakarta,Cabai Rawit,85850.0,False
2024-04,DKI Jakarta,Cabai Rawit,50850.0,False
2024-05,DKI Jakarta,Cabai Rawit,53350.0,False
2024-06,DKI Jakarta,Cabai Rawit,46650.0,False
2024-07,DKI Jakarta,Cabai Rawit,45850.0,False
2024-08,DKI Jakarta,Cabai Rawit,93350.0,False
2024-09,DKI Jakarta,Cabai Rawit,51650.0,False
2024-10,DKI Jakarta,Cabai Rawit,50850.0,False
2024-11,DKI Jakarta,Cabai Rawit,50000.0,False
2024-12,DKI Jakarta,Cabai Rawit,45000.0,False
2025-01,DKI Jakarta,Cabai Rawit,64275.0,True
2025-02,DKI Jakarta,Cabai Rawit,83550.0,False
2025-03,DKI Jakarta,Cabai Rawit,136250.0,False
2025-04,DKI Jakarta,Cabai Rawit,120850.0,False
2025-05,DKI Jakarta,Cabai Rawit,60300.0,False
2025-06,DKI Jakarta,Cabai Rawit,47700.0,False
2025-07,DKI Jakarta,Cabai Rawit,65650.0,False
2025-08,DKI Jakarta,Cabai Rawit,51900.0,False
2025-09,DKI Jakarta,Cabai Rawit,44250.0,False
2025-10,DKI Jakarta,Cabai Rawit,50200.0,False
2025-11,DKI Jakarta,Cabai Rawit,40850.0,False
2025-12,DKI Jakarta,Cabai Rawit,75850.0,False
2026-01,DKI Jakarta,Cabai Rawit,62900.0,False
2026-02,DKI Jakarta,Cabai Rawit,73950.0,False
2026-03,DKI Jakarta,Cabai Rawit,99600.0,False
2026-04,DKI Jakarta,Cabai Rawit,93600.0,False
2026-05,DKI Jakarta,Cabai Rawit,57100.0,False
2026-06,DKI Jakarta,Cabai Rawit,107500.0,False
2026-07,DKI Jakarta,Cabai Rawit,57900.0,False
2020-02,Gorontalo,Bawang Merah,56650.0,False
2020-03,Gorontalo,Bawang Merah,43850.0,False
2020-04,Gorontalo,Bawang Merah,43500.0,False
2020-05,Gorontalo,Bawang Merah,44283.333333333336,True
2020-06,Gorontalo,Bawang Merah,45066.66666666666,True
2020-07,Gorontalo,Bawang Merah,45850.0,False
2020-08,Gorontalo,Bawang Merah,35150.0,False
2020-09,Gorontalo,Bawang Merah,33150.0,False
2020-10,Gorontalo,Bawang Merah,32850.0,False
2020-11,Gorontalo,Bawang Merah,40500.0,False
2020-12,Gorontalo,Bawang Merah,41500.0,False
2021-01,Gorontalo,Bawang Merah,36575.0,True
2021-02,Gorontalo,Bawang Merah,31650.0,False
2021-03,Gorontalo,Bawang Merah,35500.0,False
2021-04,Gorontalo,Bawang Merah,35850.0,False
2021-05,Gorontalo,Bawang Merah,34350.0,False
2021-06,Gorontalo,Bawang Merah,34750.0,True
2021-07,Gorontalo,Bawang Merah,35150.0,False
2021-08,Gorontalo,Bawang Merah,42500.0,False
2021-09,Gorontalo,Bawang Merah,34150.0,False
2021-10,Gorontalo,Bawang Merah,35150.0,False
2021-11,Gorontalo,Bawang Merah,32650.0,False
2021-12,Gorontalo,Bawang Merah,34150.0,False
2022-01,Gorontalo,Bawang Merah,38150.0,False
2022-02,Gorontalo,Bawang Merah,40075.0,True
2022-03,Gorontalo,Bawang Merah,42000.0,False
2022-04,Gorontalo,Bawang Merah,39350.0,False
2022-05,Gorontalo,Bawang Merah,52350.0,True
2022-06,Gorontalo,Bawang Merah,65350.0,True
2022-07,Gorontalo,Bawang Merah,78350.0,False
2022-08,Gorontalo,Bawang Merah,60000.0,False
2022-09,Gorontalo,Bawang Merah,42500.0,False
2022-10,Gorontalo,Bawang Merah,40850.0,False
2022-11,Gorontalo,Bawang Merah,41650.0,False
2022-12,Gorontalo,Bawang Merah,48150.0,False
2023-01,Gorontalo,Bawang Merah,44850.0,False
2023-02,Gorontalo,Bawang Merah,44350.0,False
2023-03,Gorontalo,Bawang Merah,43350.0,False
2023-04,Gorontalo,Bawang Merah,40850.0,False
2023-05,Gorontalo,Bawang Merah,46850.0,False
2023-06,Gorontalo,Bawang Merah,40850.0,False
2023-07,Gorontalo,Bawang Merah,46650.0,False
2023-08,Gorontalo,Bawang Merah,37650.0,False
2023-09,Gorontalo,Bawang Merah,29150.0,False
2023-10,Gorontalo,Bawang Merah,28350.0,False
2023-11,Gorontalo,Bawang Merah,28350.0,False
2023-12,Gorontalo,Bawang Merah,35650.0,False
2024-01,Gorontalo,Bawang Merah,47350.0,False
2024-02,Gorontalo,Bawang Merah,40950.0,False
2024-03,Gorontalo,Bawang Merah,33850.0,False
2024-04,Gorontalo,Bawang Merah,40950.0,False
2024-05,Gorontalo,Bawang Merah,56250.0,False
2024-06,Gorontalo,Bawang Merah,55000.0,False
2024-07,Gorontalo,Bawang Merah,45450.0,False
2024-08,Gorontalo,Bawang Merah,30000.0,False
2024-09,Gorontalo,Bawang Merah,31000.0,False
2024-10,Gorontalo,Bawang Merah,37150.0,False
2024-11,Gorontalo,Bawang Merah,42350.0,False
2024-12,Gorontalo,Bawang Merah,52950.0,False
2025-01,Gorontalo,Bawang Merah,43750.0,False
2025-02,Gorontalo,Bawang Merah,38750.0,False
2025-03,Gorontalo,Bawang Merah,48500.0,False
2025-04,Gorontalo,Bawang Merah,49850.0,False
2025-05,Gorontalo,Bawang Merah,41350.0,False
2025-06,Gorontalo,Bawang Merah,47350.0,False
2025-07,Gorontalo,Bawang Merah,53750.0,False
2025-08,Gorontalo,Bawang Merah,72100.0,False
2025-09,Gorontalo,Bawang Merah,52500.0,False
2025-10,Gorontalo,Bawang Merah,40250.0,False
2025-11,Gorontalo,Bawang Merah,40850.0,False
2025-12,Gorontalo,Bawang Merah,53350.0,False
2026-01,Gorontalo,Bawang Merah,62500.0,False
2026-02,Gorontalo,Bawang Merah,43400.0,False
2026-03,Gorontalo,Bawang Merah,48250.0,False
2026-04,Gorontalo,Bawang Merah,56150.0,False
2026-05,Gorontalo,Bawang Merah,46900.0,False
2026-06,Gorontalo,Bawang Merah,56900.0,False
2026-07,Gorontalo,Bawang Merah,48750.0,False
2020-02,Gorontalo,Beras,10150.0,False
2020-03,Gorontalo,Beras,10150.0,False
2020-04,Gorontalo,Beras,10150.0,False
2020-05,Gorontalo,Beras,10400.0,True
2020-06,Gorontalo,Beras,10650.0,True
2020-07,Gorontalo,Beras,10900.0,False
2020-08,Gorontalo,Beras,10600.0,False
2020-09,Gorontalo,Beras,10600.0,False
2020-10,Gorontalo,Beras,10500.0,False
2020-11,Gorontalo,Beras,10500.0,False
2020-12,Gorontalo,Beras,10350.0,False
2021-01,Gorontalo,Beras,10350.0,True
2021-02,Gorontalo,Beras,10350.0,False
2021-03,Gorontalo,Beras,10350.0,False
2021-04,Gorontalo,Beras,10350.0,False
2021-05,Gorontalo,Beras,10350.0,False
2021-06,Gorontalo,Beras,10425.0,True
2021-07,Gorontalo,Beras,10500.0,False
2021-08,Gorontalo,Beras,10650.0,False
2021-09,Gorontalo,Beras,10650.0,False
2021-10,Gorontalo,Beras,10650.0,False
2021-11,Gorontalo,Beras,10750.0,False
2021-12,Gorontalo,Beras,10650.0,False
2022-01,Gorontalo,Beras,10650.0,False
2022-02,Gorontalo,Beras,10650.0,True
2022-03,Gorontalo,Beras,10650.0,False
2022-04,Gorontalo,Beras,10650.0,False
2022-05,Gorontalo,Beras,10683.333333333334,True
2022-06,Gorontalo,Beras,10716.666666666666,True
2022-07,Gorontalo,Beras,10750.0,False
2022-08,Gorontalo,Beras,10500.0,False
2022-09,Gorontalo,Beras,10600.0,False
2022-10,Gorontalo,Beras,11100.0,False
2022-11,Gorontalo,Beras,11100.0,False
2022-12,Gorontalo,Beras,11150.0,False
2023-01,Gorontalo,Beras,12000.0,False
2023-02,Gorontalo,Beras,11850.0,False
2023-03,Gorontalo,Beras,12150.0,False
2023-04,Gorontalo,Beras,13250.0,False
2023-05,Gorontalo,Beras,13000.0,False
2023-06,Gorontalo,Beras,13250.0,False
2023-07,Gorontalo,Beras,12900.0,False
2023-08,Gorontalo,Beras,12850.0,False
2023-09,Gorontalo,Beras,13100.0,False
2023-10,Gorontalo,Beras,14100.0,False
2023-11,Gorontalo,Beras,14650.0,False
2023-12,Gorontalo,Beras,14400.0,False
2024-01,Gorontalo,Beras,14150.0,False
2024-02,Gorontalo,Beras,14100.0,False
2024-03,Gorontalo,Beras,16850.0,False
2024-04,Gorontalo,Beras,16300.0,False
2024-05,Gorontalo,Beras,14450.0,False
2024-06,Gorontalo,Beras,14100.0,False
2024-07,Gorontalo,Beras,13950.0,False
2024-08,Gorontalo,Beras,13750.0,False
2024-09,Gorontalo,Beras,14450.0,False
2024-10,Gorontalo,Beras,14450.0,False
2024-11,Gorontalo,Beras,14200.0,False
2024-12,Gorontalo,Beras,14250.0,False
2025-01,Gorontalo,Beras,14250.0,False
2025-02,Gorontalo,Beras,14300.0,False
2025-03,Gorontalo,Beras,14450.0,False
2025-04,Gorontalo,Beras,14450.0,False
2025-05,Gorontalo,Beras,14450.0,False
2025-06,Gorontalo,Beras,14700.0,False
2025-07,Gorontalo,Beras,15500.0,False
2025-08,Gorontalo,Beras,16400.0,False
2025-09,Gorontalo,Beras,16500.0,False
2025-10,Gorontalo,Beras,16350.0,False
2025-11,Gorontalo,Beras,15950.0,False
2025-12,Gorontalo,Beras,15350.0,False
2026-01,Gorontalo,Beras,15000.0,False
2026-02,Gorontalo,Beras,14900.0,False
2026-03,Gorontalo,Beras,14750.0,False
2026-04,Gorontalo,Beras,14750.0,False
2026-05,Gorontalo,Beras,14750.0,False
2026-06,Gorontalo,Beras,15000.0,False
2026-07,Gorontalo,Beras,15900.0,False
2020-02,Gorontalo,Cabai Besar,,False
2020-03,Gorontalo,Cabai Besar,,False
2020-04,Gorontalo,Cabai Besar,,False
2020-05,Gorontalo,Cabai Besar,,False
2020-06,Gorontalo,Cabai Besar,,False
2020-07,Gorontalo,Cabai Besar,,False
2020-08,Gorontalo,Cabai Besar,,False
2020-09,Gorontalo,Cabai Besar,,False
2020-10,Gorontalo,Cabai Besar,,False
2020-11,Gorontalo,Cabai Besar,,False
2020-12,Gorontalo,Cabai Besar,,False
2021-01,Gorontalo,Cabai Besar,,False
2021-02,Gorontalo,Cabai Besar,,False
2021-03,Gorontalo,Cabai Besar,,False
2021-04,Gorontalo,Cabai Besar,,False
2021-05,Gorontalo,Cabai Besar,,False
2021-06,Gorontalo,Cabai Besar,,False
2021-07,Gorontalo,Cabai Besar,,False
2021-08,Gorontalo,Cabai Besar,,False
2021-09,Gorontalo,Cabai Besar,,False
2021-10,Gorontalo,Cabai Besar,,False
2021-11,Gorontalo,Cabai Besar,,False
2021-12,Gorontalo,Cabai Besar,,False
2022-01,Gorontalo,Cabai Besar,,False
2022-02,Gorontalo,Cabai Besar,,False
2022-03,Gorontalo,Cabai Besar,,False
2022-04,Gorontalo,Cabai Besar,,False
2022-05,Gorontalo,Cabai Besar,,False
2022-06,Gorontalo,Cabai Besar,,False
2022-07,Gorontalo,Cabai Besar,,False
2022-08,Gorontalo,Cabai Besar,,False
2022-09,Gorontalo,Cabai Besar,,False
2022-10,Gorontalo,Cabai Besar,,False
2022-11,Gorontalo,Cabai Besar,,False
2022-12,Gorontalo,Cabai Besar,,False
2023-01,Gorontalo,Cabai Besar,,False
2023-02,Gorontalo,Cabai Besar,,False
2023-03,Gorontalo,Cabai Besar,,False
2023-04,Gorontalo,Cabai Besar,,False
2023-05,Gorontalo,Cabai Besar,,False
2023-06,Gorontalo,Cabai Besar,,False
2023-07,Gorontalo,Cabai Besar,,False
2023-08,Gorontalo,Cabai Besar,,False
2023-09,Gorontalo,Cabai Besar,,False
2023-10,Gorontalo,Cabai Besar,,False
2023-11,Gorontalo,Cabai Besar,,False
2023-12,Gorontalo,Cabai Besar,,False
2024-01,Gorontalo,Cabai Besar,,False
2024-02,Gorontalo,Cabai Besar,,False
2024-03,Gorontalo,Cabai Besar,,False
2024-04,Gorontalo,Cabai Besar,,False
2024-05,Gorontalo,Cabai Besar,,False
2024-06,Gorontalo,Cabai Besar,,False
2024-07,Gorontalo,Cabai Besar,,False
2024-08,Gorontalo,Cabai Besar,,False
2024-09,Gorontalo,Cabai Besar,,False
2024-10,Gorontalo,Cabai Besar,,False
2024-11,Gorontalo,Cabai Besar,,False
2024-12,Gorontalo,Cabai Besar,,False
2025-01,Gorontalo,Cabai Besar,,False
2025-02,Gorontalo,Cabai Besar,,False
2025-03,Gorontalo,Cabai Besar,,False
2025-04,Gorontalo,Cabai Besar,,False
2025-05,Gorontalo,Cabai Besar,,False
2025-06,Gorontalo,Cabai Besar,,False
2025-07,Gorontalo,Cabai Besar,,False
2025-08,Gorontalo,Cabai Besar,,False
2025-09,Gorontalo,Cabai Besar,,False
2025-10,Gorontalo,Cabai Besar,,False
2025-11,Gorontalo,Cabai Besar,,False
2025-12,Gorontalo,Cabai Besar,,False
2026-01,Gorontalo,Cabai Besar,,False
2026-02,Gorontalo,Cabai Besar,,False
2026-03,Gorontalo,Cabai Besar,,False
2026-04,Gorontalo,Cabai Besar,,False
2026-05,Gorontalo,Cabai Besar,,False
2026-06,Gorontalo,Cabai Besar,,False
2026-07,Gorontalo,Cabai Besar,,False
2020-02,Gorontalo,Cabai Rawit,71650.0,False
2020-03,Gorontalo,Cabai Rawit,33350.0,False
2020-04,Gorontalo,Cabai Rawit,75850.0,False
2020-05,Gorontalo,Cabai Rawit,60783.333333333336,True
2020-06,Gorontalo,Cabai Rawit,45716.66666666667,True
2020-07,Gorontalo,Cabai Rawit,30650.0,False
2020-08,Gorontalo,Cabai Rawit,40850.0,False
2020-09,Gorontalo,Cabai Rawit,42350.0,False
2020-10,Gorontalo,Cabai Rawit,34850.0,False
2020-11,Gorontalo,Cabai Rawit,54350.0,False
2020-12,Gorontalo,Cabai Rawit,40650.0,False
2021-01,Gorontalo,Cabai Rawit,53250.0,True
2021-02,Gorontalo,Cabai Rawit,65850.0,False
2021-03,Gorontalo,Cabai Rawit,90000.0,False
2021-04,Gorontalo,Cabai Rawit,88350.0,False
2021-05,Gorontalo,Cabai Rawit,68350.0,False
2021-06,Gorontalo,Cabai Rawit,76675.0,True
2021-07,Gorontalo,Cabai Rawit,85000.0,False
2021-08,Gorontalo,Cabai Rawit,65000.0,False
2021-09,Gorontalo,Cabai Rawit,40000.0,False
2021-10,Gorontalo,Cabai Rawit,44150.0,False
2021-11,Gorontalo,Cabai Rawit,38500.0,False
2021-12,Gorontalo,Cabai Rawit,48350.0,False
2022-01,Gorontalo,Cabai Rawit,75850.0,False
2022-02,Gorontalo,Cabai Rawit,70425.0,True
2022-03,Gorontalo,Cabai Rawit,65000.0,False
2022-04,Gorontalo,Cabai Rawit,61650.0,False
2022-05,Gorontalo,Cabai Rawit,68316.66666666667,True
2022-06,Gorontalo,Cabai Rawit,74983.33333333333,True
2022-07,Gorontalo,Cabai Rawit,81650.0,False
2022-08,Gorontalo,Cabai Rawit,61650.0,False
2022-09,Gorontalo,Cabai Rawit,62500.0,False
2022-10,Gorontalo,Cabai Rawit,65000.0,False
2022-11,Gorontalo,Cabai Rawit,45850.0,False
2022-12,Gorontalo,Cabai Rawit,48350.0,False
2023-01,Gorontalo,Cabai Rawit,55850.0,False
2023-02,Gorontalo,Cabai Rawit,40000.0,False
2023-03,Gorontalo,Cabai Rawit,61650.0,False
2023-04,Gorontalo,Cabai Rawit,46650.0,False
2023-05,Gorontalo,Cabai Rawit,35000.0,False
2023-06,Gorontalo,Cabai Rawit,34150.0,False
2023-07,Gorontalo,Cabai Rawit,50850.0,False
2023-08,Gorontalo,Cabai Rawit,40850.0,False
2023-09,Gorontalo,Cabai Rawit,33350.0,False
2023-10,Gorontalo,Cabai Rawit,49150.0,False
2023-11,Gorontalo,Cabai Rawit,77500.0,False
2023-12,Gorontalo,Cabai Rawit,107650.0,False
2024-01,Gorontalo,Cabai Rawit,108350.0,False
2024-02,Gorontalo,Cabai Rawit,23750.0,False
2024-03,Gorontalo,Cabai Rawit,51600.0,False
2024-04,Gorontalo,Cabai Rawit,49000.0,False
2024-05,Gorontalo,Cabai Rawit,59600.0,False
2024-06,Gorontalo,Cabai Rawit,71250.0,False
2024-07,Gorontalo,Cabai Rawit,55850.0,False
2024-08,Gorontalo,Cabai Rawit,68350.0,False
2024-09,Gorontalo,Cabai Rawit,66700.0,False
2024-10,Gorontalo,Cabai Rawit,71700.0,False
2024-11,Gorontalo,Cabai Rawit,45000.0,False
2024-12,Gorontalo,Cabai Rawit,62100.0,False
2025-01,Gorontalo,Cabai Rawit,52500.0,False
2025-02,Gorontalo,Cabai Rawit,48750.0,False
2025-03,Gorontalo,Cabai Rawit,116700.0,False
2025-04,Gorontalo,Cabai Rawit,86250.0,False
2025-05,Gorontalo,Cabai Rawit,84200.0,False
2025-06,Gorontalo,Cabai Rawit,75850.0,False
2025-07,Gorontalo,Cabai Rawit,92100.0,False
2025-08,Gorontalo,Cabai Rawit,54600.0,False
2025-09,Gorontalo,Cabai Rawit,46250.0,False
2025-10,Gorontalo,Cabai Rawit,54200.0,False
2025-11,Gorontalo,Cabai Rawit,25000.0,False
2025-12,Gorontalo,Cabai Rawit,49600.0,False
2026-01,Gorontalo,Cabai Rawit,36900.0,False
2026-02,Gorontalo,Cabai Rawit,47500.0,False
2026-03,Gorontalo,Cabai Rawit,58150.0,False
2026-04,Gorontalo,Cabai Rawit,105000.0,False
2026-05,Gorontalo,Cabai Rawit,48150.0,False
2026-06,Gorontalo,Cabai Rawit,76250.0,False
2026-07,Gorontalo,Cabai Rawit,68750.0,False
2020-02,Jambi,Bawang Merah,29750.0,False
2020-03,Jambi,Bawang Merah,26150.0,False
2020-04,Jambi,Bawang Merah,34250.0,False
2020-05,Jambi,Bawang Merah,34166.666666666664,True
2020-06,Jambi,Bawang Merah,34083.333333333336,True
2020-07,Jambi,Bawang Merah,34000.0,False
2020-08,Jambi,Bawang Merah,30750.0,False
2020-09,Jambi,Bawang Merah,25900.0,False
2020-10,Jambi,Bawang Merah,25250.0,False
2020-11,Jambi,Bawang Merah,28750.0,False
2020-12,Jambi,Bawang Merah,28900.0,False
2021-01,Jambi,Bawang Merah,27525.0,True
2021-02,Jambi,Bawang Merah,26150.0,False
2021-03,Jambi,Bawang Merah,29400.0,False
2021-04,Jambi,Bawang Merah,29400.0,False
2021-05,Jambi,Bawang Merah,28900.0,False
2021-06,Jambi,Bawang Merah,27950.0,True
2021-07,Jambi,Bawang Merah,27000.0,False
2021-08,Jambi,Bawang Merah,30650.0,False
2021-09,Jambi,Bawang Merah,29150.0,False
2021-10,Jambi,Bawang Merah,28650.0,False
2021-11,Jambi,Bawang Merah,27400.0,False
2021-12,Jambi,Bawang Merah,20750.0,False
2022-01,Jambi,Bawang Merah,24500.0,False
2022-02,Jambi,Bawang Merah,28850.0,True
2022-03,Jambi,Bawang Merah,33200.0,False
2022-04,Jambi,Bawang Merah,29900.0,False
2022-05,Jambi,Bawang Merah,37483.333333333336,True
2022-06,Jambi,Bawang Merah,45066.66666666666,True
2022-07,Jambi,Bawang Merah,52650.0,False
2022-08,Jambi,Bawang Merah,41650.0,False
2022-09,Jambi,Bawang Merah,31600.0,False
2022-10,Jambi,Bawang Merah,30650.0,False
2022-11,Jambi,Bawang Merah,29900.0,False
2022-12,Jambi,Bawang Merah,29750.0,False
2023-01,Jambi,Bawang Merah,30750.0,False
2023-02,Jambi,Bawang Merah,34250.0,False
2023-03,Jambi,Bawang Merah,34000.0,False
2023-04,Jambi,Bawang Merah,29150.0,False
2023-05,Jambi,Bawang Merah,31483.33333333333,True
2023-06,Jambi,Bawang Merah,33816.666666666664,True
2023-07,Jambi,Bawang Merah,36150.0,False
2023-08,Jambi,Bawang Merah,27400.0,False
2023-09,Jambi,Bawang Merah,21650.0,False
2023-10,Jambi,Bawang Merah,20150.0,False
2023-11,Jambi,Bawang Merah,21250.0,False
2023-12,Jambi,Bawang Merah,30400.0,False
2024-01,Jambi,Bawang Merah,38000.0,False
2024-02,Jambi,Bawang Merah,27150.0,False
2024-03,Jambi,Bawang Merah,34250.0,False
2024-04,Jambi,Bawang Merah,35750.0,False
2024-05,Jambi,Bawang Merah,48000.0,False
2024-06,Jambi,Bawang Merah,42150.0,False
2024-07,Jambi,Bawang Merah,35250.0,False
2024-08,Jambi,Bawang Merah,21900.0,False
2024-09,Jambi,Bawang Merah,21900.0,False
2024-10,Jambi,Bawang Merah,26500.0,False
2024-11,Jambi,Bawang Merah,29400.0,False
2024-12,Jambi,Bawang Merah,33900.0,False
2025-01,Jambi,Bawang Merah,39150.0,False
2025-02,Jambi,Bawang Merah,33500.0,False
2025-03,Jambi,Bawang Merah,35650.0,False
2025-04,Jambi,Bawang Merah,39250.0,False
2025-05,Jambi,Bawang Merah,41250.0,False
2025-06,Jambi,Bawang Merah,33500.0,False
2025-07,Jambi,Bawang Merah,37250.0,False
2025-08,Jambi,Bawang Merah,53150.0,False
2025-09,Jambi,Bawang Merah,40150.0,False
2025-10,Jambi,Bawang Merah,32150.0,False
2025-11,Jambi,Bawang Merah,30900.0,False
2025-12,Jambi,Bawang Merah,46250.0,False
2026-01,Jambi,Bawang Merah,37900.0,False
2026-02,Jambi,Bawang Merah,35900.0,False
2026-03,Jambi,Bawang Merah,34400.0,False
2026-04,Jambi,Bawang Merah,39750.0,False
2026-05,Jambi,Bawang Merah,36750.0,False
2026-06,Jambi,Bawang Merah,43500.0,False
2026-07,Jambi,Bawang Merah,35650.0,False
2020-02,Jambi,Beras,12150.0,False
2020-03,Jambi,Beras,12150.0,False
2020-04,Jambi,Beras,11750.0,False
2020-05,Jambi,Beras,11716.666666666666,True
2020-06,Jambi,Beras,11683.333333333334,True
2020-07,Jambi,Beras,11650.0,False
2020-08,Jambi,Beras,11850.0,False
2020-09,Jambi,Beras,11850.0,False
2020-10,Jambi,Beras,11850.0,False
2020-11,Jambi,Beras,11850.0,False
2020-12,Jambi,Beras,11850.0,False
2021-01,Jambi,Beras,11850.0,True
2021-02,Jambi,Beras,11850.0,False
2021-03,Jambi,Beras,11850.0,False
2021-04,Jambi,Beras,11850.0,False
2021-05,Jambi,Beras,11850.0,False
2021-06,Jambi,Beras,11850.0,True
2021-07,Jambi,Beras,11850.0,False
2021-08,Jambi,Beras,11850.0,False
2021-09,Jambi,Beras,11850.0,False
2021-10,Jambi,Beras,11850.0,False
2021-11,Jambi,Beras,11850.0,False
2021-12,Jambi,Beras,11850.0,False
2022-01,Jambi,Beras,11850.0,False
2022-02,Jambi,Beras,11850.0,True
2022-03,Jambi,Beras,11850.0,False
2022-04,Jambi,Beras,11850.0,False
2022-05,Jambi,Beras,11850.0,True
2022-06,Jambi,Beras,11850.0,True
2022-07,Jambi,Beras,11850.0,False
2022-08,Jambi,Beras,11850.0,False
2022-09,Jambi,Beras,12000.0,False
2022-10,Jambi,Beras,12750.0,False
2022-11,Jambi,Beras,13250.0,False
2022-12,Jambi,Beras,13650.0,False
2023-01,Jambi,Beras,13650.0,False
2023-02,Jambi,Beras,13650.0,False
2023-03,Jambi,Beras,13800.0,False
2023-04,Jambi,Beras,13800.0,False
2023-05,Jambi,Beras,13816.666666666666,True
2023-06,Jambi,Beras,13833.333333333334,True
2023-07,Jambi,Beras,13850.0,False
2023-08,Jambi,Beras,14100.0,False
2023-09,Jambi,Beras,14650.0,False
2023-10,Jambi,Beras,15150.0,False
2023-11,Jambi,Beras,15150.0,False
2023-12,Jambi,Beras,15500.0,False
2024-01,Jambi,Beras,15500.0,False
2024-02,Jambi,Beras,15500.0,False
2024-03,Jambi,Beras,16000.0,False
2024-04,Jambi,Beras,16000.0,False
2024-05,Jambi,Beras,16000.0,False
2024-06,Jambi,Beras,15450.0,False
2024-07,Jambi,Beras,15350.0,False
2024-08,Jambi,Beras,15350.0,False
2024-09,Jambi,Beras,15300.0,False
2024-10,Jambi,Beras,15650.0,False
2024-11,Jambi,Beras,15650.0,False
2024-12,Jambi,Beras,15650.0,False
2025-01,Jambi,Beras,15650.0,False
2025-02,Jambi,Beras,15650.0,False
2025-03,Jambi,Beras,15650.0,False
2025-04,Jambi,Beras,15650.0,False
2025-05,Jambi,Beras,15650.0,False
2025-06,Jambi,Beras,16250.0,False
2025-07,Jambi,Beras,16400.0,False
2025-08,Jambi,Beras,16400.0,False
2025-09,Jambi,Beras,16400.0,False
2025-10,Jambi,Beras,16400.0,False
2025-11,Jambi,Beras,16400.0,False
2025-12,Jambi,Beras,16400.0,False
2026-01,Jambi,Beras,16400.0,False
2026-02,Jambi,Beras,16400.0,False
2026-03,Jambi,Beras,16400.0,False
2026-04,Jambi,Beras,16650.0,False
2026-05,Jambi,Beras,16650.0,False
2026-06,Jambi,Beras,16650.0,False
2026-07,Jambi,Beras,16650.0,False
2020-02,Jambi,Cabai Besar,38650.0,False
2020-03,Jambi,Cabai Besar,41750.0,False
2020-04,Jambi,Cabai Besar,23150.0,False
2020-05,Jambi,Cabai Besar,21016.666666666668,True
2020-06,Jambi,Cabai Besar,18883.33333333333,True
2020-07,Jambi,Cabai Besar,16750.0,False
2020-08,Jambi,Cabai Besar,23250.0,False
2020-09,Jambi,Cabai Besar,15500.0,False
2020-10,Jambi,Cabai Besar,31750.0,False
2020-11,Jambi,Cabai Besar,30900.0,False
2020-12,Jambi,Cabai Besar,52650.0,False
2021-01,Jambi,Cabai Besar,46825.0,True
2021-02,Jambi,Cabai Besar,41000.0,False
2021-03,Jambi,Cabai Besar,37250.0,False
2021-04,Jambi,Cabai Besar,44150.0,False
2021-05,Jambi,Cabai Besar,25150.0,False
2021-06,Jambi,Cabai Besar,23325.0,True
2021-07,Jambi,Cabai Besar,21500.0,False
2021-08,Jambi,Cabai Besar,18650.0,False
2021-09,Jambi,Cabai Besar,17650.0,False
2021-10,Jambi,Cabai Besar,23000.0,False
2021-11,Jambi,Cabai Besar,37750.0,False
2021-12,Jambi,Cabai Besar,28150.0,False
2022-01,Jambi,Cabai Besar,30500.0,False
2022-02,Jambi,Cabai Besar,35700.0,True
2022-03,Jambi,Cabai Besar,40900.0,False
2022-04,Jambi,Cabai Besar,28500.0,False
2022-05,Jambi,Cabai Besar,52833.33333333333,True
2022-06,Jambi,Cabai Besar,77166.66666666666,True
2022-07,Jambi,Cabai Besar,101500.0,False
2022-08,Jambi,Cabai Besar,78250.0,False
2022-09,Jambi,Cabai Besar,75150.0,False
2022-10,Jambi,Cabai Besar,53500.0,False
2022-11,Jambi,Cabai Besar,27500.0,False
2022-12,Jambi,Cabai Besar,32900.0,False
2023-01,Jambi,Cabai Besar,55250.0,False
2023-02,Jambi,Cabai Besar,41650.0,False
2023-03,Jambi,Cabai Besar,41900.0,False
2023-04,Jambi,Cabai Besar,28650.0,False
2023-05,Jambi,Cabai Besar,33733.333333333336,True
2023-06,Jambi,Cabai Besar,38816.66666666666,True
2023-07,Jambi,Cabai Besar,43900.0,False
2023-08,Jambi,Cabai Besar,28400.0,False
2023-09,Jambi,Cabai Besar,40400.0,False
2023-10,Jambi,Cabai Besar,39250.0,False
2023-11,Jambi,Cabai Besar,46900.0,False
2023-12,Jambi,Cabai Besar,74400.0,False
2024-01,Jambi,Cabai Besar,40900.0,False
2024-02,Jambi,Cabai Besar,46650.0,False
2024-03,Jambi,Cabai Besar,66000.0,False
2024-04,Jambi,Cabai Besar,43000.0,False
2024-05,Jambi,Cabai Besar,50650.0,False
2024-06,Jambi,Cabai Besar,49900.0,False
2024-07,Jambi,Cabai Besar,35500.0,False
2024-08,Jambi,Cabai Besar,35150.0,False
2024-09,Jambi,Cabai Besar,29400.0,False
2024-10,Jambi,Cabai Besar,21750.0,False
2024-11,Jambi,Cabai Besar,22150.0,False
2024-12,Jambi,Cabai Besar,26000.0,False
2025-01,Jambi,Cabai Besar,49000.0,False
2025-02,Jambi,Cabai Besar,65400.0,False
2025-03,Jambi,Cabai Besar,67150.0,False
2025-04,Jambi,Cabai Besar,43000.0,False
2025-05,Jambi,Cabai Besar,43750.0,False
2025-06,Jambi,Cabai Besar,28650.0,False
2025-07,Jambi,Cabai Besar,23650.0,False
2025-08,Jambi,Cabai Besar,36400.0,False
2025-09,Jambi,Cabai Besar,45900.0,False
2025-10,Jambi,Cabai Besar,63400.0,False
2025-11,Jambi,Cabai Besar,54150.0,False
2025-12,Jambi,Cabai Besar,66150.0,False
2026-01,Jambi,Cabai Besar,42000.0,False
2026-02,Jambi,Cabai Besar,37400.0,False
2026-03,Jambi,Cabai Besar,32250.0,False
2026-04,Jambi,Cabai Besar,30900.0,False
2026-05,Jambi,Cabai Besar,41400.0,False
2026-06,Jambi,Cabai Besar,60500.0,False
2026-07,Jambi,Cabai Besar,41250.0,False
2020-02,Jambi,Cabai Rawit,88150.0,False
2020-03,Jambi,Cabai Rawit,43150.0,False
2020-04,Jambi,Cabai Rawit,50750.0,False
2020-05,Jambi,Cabai Rawit,43666.66666666666,True
2020-06,Jambi,Cabai Rawit,36583.333333333336,True
2020-07,Jambi,Cabai Rawit,29500.0,False
2020-08,Jambi,Cabai Rawit,36500.0,False
2020-09,Jambi,Cabai Rawit,24750.0,False
2020-10,Jambi,Cabai Rawit,29150.0,False
2020-11,Jambi,Cabai Rawit,31250.0,False
2020-12,Jambi,Cabai Rawit,57250.0,False
2021-01,Jambi,Cabai Rawit,71450.0,True
2021-02,Jambi,Cabai Rawit,85650.0,False
2021-03,Jambi,Cabai Rawit,98150.0,False
2021-04,Jambi,Cabai Rawit,85650.0,False
2021-05,Jambi,Cabai Rawit,62750.0,False
2021-06,Jambi,Cabai Rawit,60625.0,True
2021-07,Jambi,Cabai Rawit,58500.0,False
2021-08,Jambi,Cabai Rawit,44150.0,False
2021-09,Jambi,Cabai Rawit,30750.0,False
2021-10,Jambi,Cabai Rawit,28150.0,False
2021-11,Jambi,Cabai Rawit,32400.0,False
2021-12,Jambi,Cabai Rawit,45500.0,False
2022-01,Jambi,Cabai Rawit,73150.0,False
2022-02,Jambi,Cabai Rawit,65150.0,True
2022-03,Jambi,Cabai Rawit,57150.0,False
2022-04,Jambi,Cabai Rawit,45250.0,False
2022-05,Jambi,Cabai Rawit,66666.66666666667,True
2022-06,Jambi,Cabai Rawit,88083.33333333334,True
2022-07,Jambi,Cabai Rawit,109500.0,False
2022-08,Jambi,Cabai Rawit,76250.0,False
2022-09,Jambi,Cabai Rawit,61150.0,False
2022-10,Jambi,Cabai Rawit,68650.0,False
2022-11,Jambi,Cabai Rawit,47000.0,False
2022-12,Jambi,Cabai Rawit,44900.0,False
2023-01,Jambi,Cabai Rawit,68150.0,False
2023-02,Jambi,Cabai Rawit,65900.0,False
2023-03,Jambi,Cabai Rawit,67400.0,False
2023-04,Jambi,Cabai Rawit,48000.0,False
2023-05,Jambi,Cabai Rawit,45550.0,True
2023-06,Jambi,Cabai Rawit,43100.0,True
2023-07,Jambi,Cabai Rawit,40650.0,False
2023-08,Jambi,Cabai Rawit,43750.0,False
2023-09,Jambi,Cabai Rawit,39250.0,False
2023-10,Jambi,Cabai Rawit,43750.0,False
2023-11,Jambi,Cabai Rawit,76900.0,False
2023-12,Jambi,Cabai Rawit,95000.0,False
2024-01,Jambi,Cabai Rawit,71150.0,False
2024-02,Jambi,Cabai Rawit,45000.0,False
2024-03,Jambi,Cabai Rawit,73750.0,False
2024-04,Jambi,Cabai Rawit,50400.0,False
2024-05,Jambi,Cabai Rawit,49150.0,False
2024-06,Jambi,Cabai Rawit,43500.0,False
2024-07,Jambi,Cabai Rawit,40650.0,False
2024-08,Jambi,Cabai Rawit,78750.0,False
2024-09,Jambi,Cabai Rawit,46750.0,False
2024-10,Jambi,Cabai Rawit,46650.0,False
2024-11,Jambi,Cabai Rawit,43500.0,False
2024-12,Jambi,Cabai Rawit,32500.0,False
2025-01,Jambi,Cabai Rawit,68500.0,False
2025-02,Jambi,Cabai Rawit,82500.0,False
2025-03,Jambi,Cabai Rawit,105650.0,False
2025-04,Jambi,Cabai Rawit,93000.0,False
2025-05,Jambi,Cabai Rawit,41650.0,False
2025-06,Jambi,Cabai Rawit,43500.0,False
2025-07,Jambi,Cabai Rawit,55500.0,False
2025-08,Jambi,Cabai Rawit,44650.0,False
2025-09,Jambi,Cabai Rawit,41150.0,False
2025-10,Jambi,Cabai Rawit,45400.0,False
2025-11,Jambi,Cabai Rawit,39750.0,False
2025-12,Jambi,Cabai Rawit,92500.0,False
2026-01,Jambi,Cabai Rawit,69500.0,False
2026-02,Jambi,Cabai Rawit,81000.0,False
2026-03,Jambi,Cabai Rawit,71250.0,False
2026-04,Jambi,Cabai Rawit,67500.0,False
2026-05,Jambi,Cabai Rawit,55900.0,False
2026-06,Jambi,Cabai Rawit,70650.0,False
2026-07,Jambi,Cabai Rawit,65400.0,False
2020-02,Jawa Barat,Bawang Merah,30700.0,False
2020-03,Jawa Barat,Bawang Merah,31100.0,False
2020-04,Jawa Barat,Bawang Merah,44250.0,False
2020-05,Jawa Barat,Bawang Merah,43216.66666666666,True
2020-06,Jawa Barat,Bawang Merah,42183.333333333336,True
2020-07,Jawa Barat,Bawang Merah,41150.0,False
2020-08,Jawa Barat,Bawang Merah,31350.0,False
2020-09,Jawa Barat,Bawang Merah,27300.0,False
2020-10,Jawa Barat,Bawang Merah,28650.0,False
2020-11,Jawa Barat,Bawang Merah,34650.0,False
2020-12,Jawa Barat,Bawang Merah,32050.0,False
2021-01,Jawa Barat,Bawang Merah,30050.0,True
2021-02,Jawa Barat,Bawang Merah,28050.0,False
2021-03,Jawa Barat,Bawang Merah,35300.0,False
2021-04,Jawa Barat,Bawang Merah,32550.0,False
2021-05,Jawa Barat,Bawang Merah,31000.0,False
2021-06,Jawa Barat,Bawang Merah,31800.0,True
2021-07,Jawa Barat,Bawang Merah,32600.0,False
2021-08,Jawa Barat,Bawang Merah,33800.0,False
2021-09,Jawa Barat,Bawang Merah,27400.0,False
2021-10,Jawa Barat,Bawang Merah,26650.0,False
2021-11,Jawa Barat,Bawang Merah,26150.0,False
2021-12,Jawa Barat,Bawang Merah,22450.0,False
2022-01,Jawa Barat,Bawang Merah,27300.0,False
2022-02,Jawa Barat,Bawang Merah,31400.0,True
2022-03,Jawa Barat,Bawang Merah,35500.0,False
2022-04,Jawa Barat,Bawang Merah,31800.0,False
2022-05,Jawa Barat,Bawang Merah,42750.0,True
2022-06,Jawa Barat,Bawang Merah,53700.0,True
2022-07,Jawa Barat,Bawang Merah,64650.0,False
2022-08,Jawa Barat,Bawang Merah,41250.0,False
2022-09,Jawa Barat,Bawang Merah,32600.0,False
2022-10,Jawa Barat,Bawang Merah,32750.0,False
2022-11,Jawa Barat,Bawang Merah,34850.0,False
2022-12,Jawa Barat,Bawang Merah,32350.0,False
2023-01,Jawa Barat,Bawang Merah,34950.0,False
2023-02,Jawa Barat,Bawang Merah,45500.0,False
2023-03,Jawa Barat,Bawang Merah,36100.0,False
2023-04,Jawa Barat,Bawang Merah,35400.0,False
2023-05,Jawa Barat,Bawang Merah,45950.0,False
2023-06,Jawa Barat,Bawang Merah,42800.0,False
2023-07,Jawa Barat,Bawang Merah,42300.0,False
2023-08,Jawa Barat,Bawang Merah,30550.0,False
2023-09,Jawa Barat,Bawang Merah,26450.0,False
2023-10,Jawa Barat,Bawang Merah,24850.0,False
2023-11,Jawa Barat,Bawang Merah,26450.0,False
2023-12,Jawa Barat,Bawang Merah,32500.0,False
2024-01,Jawa Barat,Bawang Merah,39900.0,False
2024-02,Jawa Barat,Bawang Merah,30400.0,False
2024-03,Jawa Barat,Bawang Merah,33600.0,False
2024-04,Jawa Barat,Bawang Merah,39650.0,False
2024-05,Jawa Barat,Bawang Merah,61500.0,False
2024-06,Jawa Barat,Bawang Merah,45900.0,False
2024-07,Jawa Barat,Bawang Merah,35600.0,False
2024-08,Jawa Barat,Bawang Merah,27900.0,False
2024-09,Jawa Barat,Bawang Merah,26250.0,False
2024-10,Jawa Barat,Bawang Merah,28650.0,False
2024-11,Jawa Barat,Bawang Merah,35950.0,False
2024-12,Jawa Barat,Bawang Merah,40450.0,False
2025-01,Jawa Barat,Bawang Merah,42650.0,False
2025-02,Jawa Barat,Bawang Merah,34650.0,False
2025-03,Jawa Barat,Bawang Merah,45850.0,False
2025-04,Jawa Barat,Bawang Merah,55150.0,False
2025-05,Jawa Barat,Bawang Merah,45950.0,False
2025-06,Jawa Barat,Bawang Merah,42550.0,False
2025-07,Jawa Barat,Bawang Merah,46100.0,False
2025-08,Jawa Barat,Bawang Merah,57800.0,False
2025-09,Jawa Barat,Bawang Merah,41400.0,False
2025-10,Jawa Barat,Bawang Merah,38650.0,False
2025-11,Jawa Barat,Bawang Merah,43050.0,False
2025-12,Jawa Barat,Bawang Merah,46100.0,False
2026-01,Jawa Barat,Bawang Merah,40150.0,False
2026-02,Jawa Barat,Bawang Merah,42950.0,False
2026-03,Jawa Barat,Bawang Merah,46550.0,False
2026-04,Jawa Barat,Bawang Merah,44600.0,False
2026-05,Jawa Barat,Bawang Merah,46050.0,False
2026-06,Jawa Barat,Bawang Merah,57200.0,False
2026-07,Jawa Barat,Bawang Merah,46050.0,False
2020-02,Jawa Barat,Beras,11600.0,False
2020-03,Jawa Barat,Beras,11600.0,False
2020-04,Jawa Barat,Beras,11700.0,False
2020-05,Jawa Barat,Beras,11633.333333333334,True
2020-06,Jawa Barat,Beras,11566.666666666666,True
2020-07,Jawa Barat,Beras,11500.0,False
2020-08,Jawa Barat,Beras,11500.0,False
2020-09,Jawa Barat,Beras,11450.0,False
2020-10,Jawa Barat,Beras,11450.0,False
2020-11,Jawa Barat,Beras,11500.0,False
2020-12,Jawa Barat,Beras,11450.0,False
2021-01,Jawa Barat,Beras,11450.0,True
2021-02,Jawa Barat,Beras,11450.0,False
2021-03,Jawa Barat,Beras,11450.0,False
2021-04,Jawa Barat,Beras,11450.0,False
2021-05,Jawa Barat,Beras,11450.0,False
2021-06,Jawa Barat,Beras,11425.0,True
2021-07,Jawa Barat,Beras,11400.0,False
2021-08,Jawa Barat,Beras,11350.0,False
2021-09,Jawa Barat,Beras,11350.0,False
2021-10,Jawa Barat,Beras,11350.0,False
2021-11,Jawa Barat,Beras,11350.0,False
2021-12,Jawa Barat,Beras,11350.0,False
2022-01,Jawa Barat,Beras,11450.0,False
2022-02,Jawa Barat,Beras,11475.0,True
2022-03,Jawa Barat,Beras,11500.0,False
2022-04,Jawa Barat,Beras,11500.0,False
2022-05,Jawa Barat,Beras,11483.333333333334,True
2022-06,Jawa Barat,Beras,11466.666666666666,True
2022-07,Jawa Barat,Beras,11450.0,False
2022-08,Jawa Barat,Beras,11450.0,False
2022-09,Jawa Barat,Beras,11500.0,False
2022-10,Jawa Barat,Beras,11700.0,False
2022-11,Jawa Barat,Beras,11600.0,False
2022-12,Jawa Barat,Beras,11750.0,False
2023-01,Jawa Barat,Beras,11950.0,False
2023-02,Jawa Barat,Beras,12300.0,False
2023-03,Jawa Barat,Beras,12600.0,False
2023-04,Jawa Barat,Beras,12600.0,False
2023-05,Jawa Barat,Beras,12750.0,False
2023-06,Jawa Barat,Beras,12600.0,False
2023-07,Jawa Barat,Beras,12550.0,False
2023-08,Jawa Barat,Beras,12500.0,False
2023-09,Jawa Barat,Beras,13200.0,False
2023-10,Jawa Barat,Beras,14100.0,False
2023-11,Jawa Barat,Beras,14150.0,False
2023-12,Jawa Barat,Beras,14150.0,False
2024-01,Jawa Barat,Beras,14250.0,False
2024-02,Jawa Barat,Beras,14900.0,False
2024-03,Jawa Barat,Beras,16050.0,False
2024-04,Jawa Barat,Beras,15850.0,False
2024-05,Jawa Barat,Beras,15150.0,False
2024-06,Jawa Barat,Beras,14950.0,False
2024-07,Jawa Barat,Beras,15000.0,False
2024-08,Jawa Barat,Beras,15000.0,False
2024-09,Jawa Barat,Beras,15000.0,False
2024-10,Jawa Barat,Beras,15000.0,False
2024-11,Jawa Barat,Beras,15000.0,False
2024-12,Jawa Barat,Beras,14950.0,False
2025-01,Jawa Barat,Beras,15000.0,False
2025-02,Jawa Barat,Beras,15000.0,False
2025-03,Jawa Barat,Beras,14950.0,False
2025-04,Jawa Barat,Beras,14950.0,False
2025-05,Jawa Barat,Beras,14950.0,False
2025-06,Jawa Barat,Beras,15000.0,False
2025-07,Jawa Barat,Beras,15100.0,False
2025-08,Jawa Barat,Beras,15100.0,False
2025-09,Jawa Barat,Beras,15150.0,False
2025-10,Jawa Barat,Beras,15150.0,False
2025-11,Jawa Barat,Beras,15100.0,False
2025-12,Jawa Barat,Beras,15100.0,False
2026-01,Jawa Barat,Beras,15100.0,False
2026-02,Jawa Barat,Beras,15100.0,False
2026-03,Jawa Barat,Beras,15200.0,False
2026-04,Jawa Barat,Beras,15350.0,False
2026-05,Jawa Barat,Beras,15350.0,False
2026-06,Jawa Barat,Beras,15400.0,False
2026-07,Jawa Barat,Beras,15400.0,False
2020-02,Jawa Barat,Cabai Besar,78600.0,False
2020-03,Jawa Barat,Cabai Besar,63100.0,False
2020-04,Jawa Barat,Cabai Besar,34850.0,False
2020-05,Jawa Barat,Cabai Besar,33116.666666666664,True
2020-06,Jawa Barat,Cabai Besar,31383.33333333333,True
2020-07,Jawa Barat,Cabai Besar,29650.0,False
2020-08,Jawa Barat,Cabai Besar,38600.0,False
2020-09,Jawa Barat,Cabai Besar,23750.0,False
2020-10,Jawa Barat,Cabai Besar,39400.0,False
2020-11,Jawa Barat,Cabai Besar,48250.0,False
2020-12,Jawa Barat,Cabai Besar,46600.0,False
2021-01,Jawa Barat,Cabai Besar,46075.0,True
2021-02,Jawa Barat,Cabai Besar,45550.0,False
2021-03,Jawa Barat,Cabai Besar,48850.0,False
2021-04,Jawa Barat,Cabai Besar,53150.0,False
2021-05,Jawa Barat,Cabai Besar,42700.0,False
2021-06,Jawa Barat,Cabai Besar,36550.0,True
2021-07,Jawa Barat,Cabai Besar,30400.0,False
2021-08,Jawa Barat,Cabai Besar,29050.0,False
2021-09,Jawa Barat,Cabai Besar,25650.0,False
2021-10,Jawa Barat,Cabai Besar,32700.0,False
2021-11,Jawa Barat,Cabai Besar,31250.0,False
2021-12,Jawa Barat,Cabai Besar,47300.0,False
2022-01,Jawa Barat,Cabai Besar,37250.0,False
2022-02,Jawa Barat,Cabai Besar,40925.0,True
2022-03,Jawa Barat,Cabai Besar,44600.0,False
2022-04,Jawa Barat,Cabai Besar,56200.0,False
2022-05,Jawa Barat,Cabai Besar,62833.333333333336,True
2022-06,Jawa Barat,Cabai Besar,69466.66666666667,True
2022-07,Jawa Barat,Cabai Besar,76100.0,False
2022-08,Jawa Barat,Cabai Besar,79800.0,False
2022-09,Jawa Barat,Cabai Besar,61150.0,False
2022-10,Jawa Barat,Cabai Besar,50650.0,False
2022-11,Jawa Barat,Cabai Besar,40150.0,False
2022-12,Jawa Barat,Cabai Besar,34000.0,False
2023-01,Jawa Barat,Cabai Besar,36650.0,False
2023-02,Jawa Barat,Cabai Besar,38850.0,False
2023-03,Jawa Barat,Cabai Besar,42400.0,False
2023-04,Jawa Barat,Cabai Besar,38050.0,False
2023-05,Jawa Barat,Cabai Besar,54300.0,False
2023-06,Jawa Barat,Cabai Besar,47400.0,False
2023-07,Jawa Barat,Cabai Besar,58800.0,False
2023-08,Jawa Barat,Cabai Besar,45750.0,False
2023-09,Jawa Barat,Cabai Besar,50100.0,False
2023-10,Jawa Barat,Cabai Besar,52350.0,False
2023-11,Jawa Barat,Cabai Besar,50150.0,False
2023-12,Jawa Barat,Cabai Besar,91950.0,False
2024-01,Jawa Barat,Cabai Besar,74600.0,False
2024-02,Jawa Barat,Cabai Besar,87150.0,False
2024-03,Jawa Barat,Cabai Besar,102600.0,False
2024-04,Jawa Barat,Cabai Besar,58600.0,False
2024-05,Jawa Barat,Cabai Besar,64450.0,False
2024-06,Jawa Barat,Cabai Besar,50550.0,False
2024-07,Jawa Barat,Cabai Besar,47650.0,False
2024-08,Jawa Barat,Cabai Besar,44400.0,False
2024-09,Jawa Barat,Cabai Besar,38100.0,False
2024-10,Jawa Barat,Cabai Besar,30450.0,False
2024-11,Jawa Barat,Cabai Besar,31200.0,False
2024-12,Jawa Barat,Cabai Besar,35800.0,False
2025-01,Jawa Barat,Cabai Besar,58950.0,False
2025-02,Jawa Barat,Cabai Besar,69200.0,False
2025-03,Jawa Barat,Cabai Besar,75250.0,False
2025-04,Jawa Barat,Cabai Besar,67100.0,False
2025-05,Jawa Barat,Cabai Besar,39500.0,False
2025-06,Jawa Barat,Cabai Besar,48000.0,False
2025-07,Jawa Barat,Cabai Besar,43900.0,False
2025-08,Jawa Barat,Cabai Besar,44450.0,False
2025-09,Jawa Barat,Cabai Besar,43900.0,False
2025-10,Jawa Barat,Cabai Besar,63900.0,False
2025-11,Jawa Barat,Cabai Besar,60900.0,False
2025-12,Jawa Barat,Cabai Besar,59150.0,False
2026-01,Jawa Barat,Cabai Besar,42900.0,False
2026-02,Jawa Barat,Cabai Besar,38500.0,False
2026-03,Jawa Barat,Cabai Besar,42000.0,False
2026-04,Jawa Barat,Cabai Besar,43450.0,False
2026-05,Jawa Barat,Cabai Besar,51700.0,False
2026-06,Jawa Barat,Cabai Besar,98000.0,False
2026-07,Jawa Barat,Cabai Besar,45650.0,False
2020-02,Jawa Barat,Cabai Rawit,90350.0,False
2020-03,Jawa Barat,Cabai Rawit,42150.0,False
2020-04,Jawa Barat,Cabai Rawit,55650.0,False
2020-05,Jawa Barat,Cabai Rawit,45733.333333333336,True
2020-06,Jawa Barat,Cabai Rawit,35816.66666666667,True
2020-07,Jawa Barat,Cabai Rawit,25900.0,False
2020-08,Jawa Barat,Cabai Rawit,29850.0,False
2020-09,Jawa Barat,Cabai Rawit,24550.0,False
2020-10,Jawa Barat,Cabai Rawit,26350.0,False
2020-11,Jawa Barat,Cabai Rawit,28700.0,False
2020-12,Jawa Barat,Cabai Rawit,46100.0,False
2021-01,Jawa Barat,Cabai Rawit,63225.0,True
2021-02,Jawa Barat,Cabai Rawit,80350.0,False
2021-03,Jawa Barat,Cabai Rawit,110850.0,False
2021-04,Jawa Barat,Cabai Rawit,98350.0,False
2021-05,Jawa Barat,Cabai Rawit,59600.0,False
2021-06,Jawa Barat,Cabai Rawit,57500.0,True
2021-07,Jawa Barat,Cabai Rawit,55400.0,False
2021-08,Jawa Barat,Cabai Rawit,48800.0,False
2021-09,Jawa Barat,Cabai Rawit,27400.0,False
2021-10,Jawa Barat,Cabai Rawit,28600.0,False
2021-11,Jawa Barat,Cabai Rawit,28550.0,False
2021-12,Jawa Barat,Cabai Rawit,48200.0,False
2022-01,Jawa Barat,Cabai Rawit,91250.0,False
2022-02,Jawa Barat,Cabai Rawit,76975.0,True
2022-03,Jawa Barat,Cabai Rawit,62700.0,False
2022-04,Jawa Barat,Cabai Rawit,57300.0,False
2022-05,Jawa Barat,Cabai Rawit,71900.0,True
2022-06,Jawa Barat,Cabai Rawit,86500.0,True
2022-07,Jawa Barat,Cabai Rawit,101100.0,False
2022-08,Jawa Barat,Cabai Rawit,72100.0,False
2022-09,Jawa Barat,Cabai Rawit,56150.0,False
2022-10,Jawa Barat,Cabai Rawit,64550.0,False
2022-11,Jawa Barat,Cabai Rawit,45050.0,False
2022-12,Jawa Barat,Cabai Rawit,41200.0,False
2023-01,Jawa Barat,Cabai Rawit,76800.0,False
2023-02,Jawa Barat,Cabai Rawit,61250.0,False
2023-03,Jawa Barat,Cabai Rawit,68550.0,False
2023-04,Jawa Barat,Cabai Rawit,58900.0,False
2023-05,Jawa Barat,Cabai Rawit,43550.0,False
2023-06,Jawa Barat,Cabai Rawit,47800.0,False
2023-07,Jawa Barat,Cabai Rawit,43150.0,False
2023-08,Jawa Barat,Cabai Rawit,42200.0,False
2023-09,Jawa Barat,Cabai Rawit,44950.0,False
2023-10,Jawa Barat,Cabai Rawit,43850.0,False
2023-11,Jawa Barat,Cabai Rawit,85550.0,False
2023-12,Jawa Barat,Cabai Rawit,98350.0,False
2024-01,Jawa Barat,Cabai Rawit,84450.0,False
2024-02,Jawa Barat,Cabai Rawit,49300.0,False
2024-03,Jawa Barat,Cabai Rawit,76000.0,False
2024-04,Jawa Barat,Cabai Rawit,48100.0,False
2024-05,Jawa Barat,Cabai Rawit,48600.0,False
2024-06,Jawa Barat,Cabai Rawit,41050.0,False
2024-07,Jawa Barat,Cabai Rawit,42900.0,False
2024-08,Jawa Barat,Cabai Rawit,82300.0,False
2024-09,Jawa Barat,Cabai Rawit,47100.0,False
2024-10,Jawa Barat,Cabai Rawit,46100.0,False
2024-11,Jawa Barat,Cabai Rawit,48500.0,False
2024-12,Jawa Barat,Cabai Rawit,39600.0,False
2025-01,Jawa Barat,Cabai Rawit,81450.0,False
2025-02,Jawa Barat,Cabai Rawit,79600.0,False
2025-03,Jawa Barat,Cabai Rawit,116850.0,False
2025-04,Jawa Barat,Cabai Rawit,108450.0,False
2025-05,Jawa Barat,Cabai Rawit,52050.0,False
2025-06,Jawa Barat,Cabai Rawit,45300.0,False
2025-07,Jawa Barat,Cabai Rawit,70100.0,False
2025-08,Jawa Barat,Cabai Rawit,48700.0,False
2025-09,Jawa Barat,Cabai Rawit,40450.0,False
2025-10,Jawa Barat,Cabai Rawit,43550.0,False
2025-11,Jawa Barat,Cabai Rawit,39750.0,False
2025-12,Jawa Barat,Cabai Rawit,68600.0,False
2026-01,Jawa Barat,Cabai Rawit,73200.0,False
2026-02,Jawa Barat,Cabai Rawit,71100.0,False
2026-03,Jawa Barat,Cabai Rawit,93150.0,False
2026-04,Jawa Barat,Cabai Rawit,85250.0,False
2026-05,Jawa Barat,Cabai Rawit,61600.0,False
2026-06,Jawa Barat,Cabai Rawit,97300.0,False
2026-07,Jawa Barat,Cabai Rawit,52400.0,False
2020-02,Jawa Tengah,Bawang Merah,30150.0,False
2020-03,Jawa Tengah,Bawang Merah,27150.0,False
2020-04,Jawa Tengah,Bawang Merah,40650.0,False
2020-05,Jawa Tengah,Bawang Merah,39966.66666666666,True
2020-06,Jawa Tengah,Bawang Merah,39283.333333333336,True
2020-07,Jawa Tengah,Bawang Merah,38600.0,False
2020-08,Jawa Tengah,Bawang Merah,27200.0,False
2020-09,Jawa Tengah,Bawang Merah,23950.0,False
2020-10,Jawa Tengah,Bawang Merah,25350.0,False
2020-11,Jawa Tengah,Bawang Merah,31400.0,False
2020-12,Jawa Tengah,Bawang Merah,31650.0,False
2021-01,Jawa Tengah,Bawang Merah,28775.0,True
2021-02,Jawa Tengah,Bawang Merah,25900.0,False
2021-03,Jawa Tengah,Bawang Merah,31650.0,False
2021-04,Jawa Tengah,Bawang Merah,31050.0,False
2021-05,Jawa Tengah,Bawang Merah,27450.0,False
2021-06,Jawa Tengah,Bawang Merah,28150.0,True
2021-07,Jawa Tengah,Bawang Merah,28850.0,False
2021-08,Jawa Tengah,Bawang Merah,32800.0,False
2021-09,Jawa Tengah,Bawang Merah,24100.0,False
2021-10,Jawa Tengah,Bawang Merah,24450.0,False
2021-11,Jawa Tengah,Bawang Merah,23800.0,False
2021-12,Jawa Tengah,Bawang Merah,19750.0,False
2022-01,Jawa Tengah,Bawang Merah,25400.0,False
2022-02,Jawa Tengah,Bawang Merah,30200.0,True
2022-03,Jawa Tengah,Bawang Merah,35000.0,False
2022-04,Jawa Tengah,Bawang Merah,29750.0,False
2022-05,Jawa Tengah,Bawang Merah,38483.333333333336,True
2022-06,Jawa Tengah,Bawang Merah,47216.66666666667,True
2022-07,Jawa Tengah,Bawang Merah,55950.0,False
2022-08,Jawa Tengah,Bawang Merah,39450.0,False
2022-09,Jawa Tengah,Bawang Merah,29600.0,False
2022-10,Jawa Tengah,Bawang Merah,29400.0,False
2022-11,Jawa Tengah,Bawang Merah,33750.0,False
2022-12,Jawa Tengah,Bawang Merah,31650.0,False
2023-01,Jawa Tengah,Bawang Merah,34000.0,False
2023-02,Jawa Tengah,Bawang Merah,44000.0,False
2023-03,Jawa Tengah,Bawang Merah,32750.0,False
2023-04,Jawa Tengah,Bawang Merah,32800.0,False
2023-05,Jawa Tengah,Bawang Merah,40200.0,False
2023-06,Jawa Tengah,Bawang Merah,38000.0,False
2023-07,Jawa Tengah,Bawang Merah,37750.0,False
2023-08,Jawa Tengah,Bawang Merah,26600.0,False
2023-09,Jawa Tengah,Bawang Merah,22500.0,False
2023-10,Jawa Tengah,Bawang Merah,21400.0,False
2023-11,Jawa Tengah,Bawang Merah,22600.0,False
2023-12,Jawa Tengah,Bawang Merah,30650.0,False
2024-01,Jawa Tengah,Bawang Merah,37400.0,False
2024-02,Jawa Tengah,Bawang Merah,29000.0,False
2024-03,Jawa Tengah,Bawang Merah,32950.0,False
2024-04,Jawa Tengah,Bawang Merah,34600.0,False
2024-05,Jawa Tengah,Bawang Merah,55950.0,False
2024-06,Jawa Tengah,Bawang Merah,44000.0,False
2024-07,Jawa Tengah,Bawang Merah,36150.0,False
2024-08,Jawa Tengah,Bawang Merah,24400.0,False
2024-09,Jawa Tengah,Bawang Merah,23550.0,False
2024-10,Jawa Tengah,Bawang Merah,26600.0,False
2024-11,Jawa Tengah,Bawang Merah,32500.0,False
2024-12,Jawa Tengah,Bawang Merah,39100.0,False
2025-01,Jawa Tengah,Bawang Merah,40200.0,False
2025-02,Jawa Tengah,Bawang Merah,33300.0,False
2025-03,Jawa Tengah,Bawang Merah,40400.0,False
2025-04,Jawa Tengah,Bawang Merah,49700.0,False
2025-05,Jawa Tengah,Bawang Merah,42300.0,False
2025-06,Jawa Tengah,Bawang Merah,38500.0,False
2025-07,Jawa Tengah,Bawang Merah,42250.0,False
2025-08,Jawa Tengah,Bawang Merah,57000.0,False
2025-09,Jawa Tengah,Bawang Merah,40700.0,False
2025-10,Jawa Tengah,Bawang Merah,36500.0,False
2025-11,Jawa Tengah,Bawang Merah,41000.0,False
2025-12,Jawa Tengah,Bawang Merah,45250.0,False
2026-01,Jawa Tengah,Bawang Merah,40000.0,False
2026-02,Jawa Tengah,Bawang Merah,39000.0,False
2026-03,Jawa Tengah,Bawang Merah,43500.0,False
2026-04,Jawa Tengah,Bawang Merah,42050.0,False
2026-05,Jawa Tengah,Bawang Merah,42350.0,False
2026-06,Jawa Tengah,Bawang Merah,52650.0,False
2026-07,Jawa Tengah,Bawang Merah,40750.0,False
2020-02,Jawa Tengah,Beras,11250.0,False
2020-03,Jawa Tengah,Beras,11350.0,False
2020-04,Jawa Tengah,Beras,11400.0,False
2020-05,Jawa Tengah,Beras,11350.0,True
2020-06,Jawa Tengah,Beras,11300.0,True
2020-07,Jawa Tengah,Beras,11250.0,False
2020-08,Jawa Tengah,Beras,11250.0,False
2020-09,Jawa Tengah,Beras,11200.0,False
2020-10,Jawa Tengah,Beras,11250.0,False
2020-11,Jawa Tengah,Beras,11200.0,False
2020-12,Jawa Tengah,Beras,11200.0,False
2021-01,Jawa Tengah,Beras,11225.0,True
2021-02,Jawa Tengah,Beras,11250.0,False
2021-03,Jawa Tengah,Beras,11250.0,False
2021-04,Jawa Tengah,Beras,11250.0,False
2021-05,Jawa Tengah,Beras,11150.0,False
2021-06,Jawa Tengah,Beras,11175.0,True
2021-07,Jawa Tengah,Beras,11200.0,False
2021-08,Jawa Tengah,Beras,11100.0,False
2021-09,Jawa Tengah,Beras,11100.0,False
2021-10,Jawa Tengah,Beras,11050.0,False
2021-11,Jawa Tengah,Beras,11100.0,False
2021-12,Jawa Tengah,Beras,11100.0,False
2022-01,Jawa Tengah,Beras,11250.0,False
2022-02,Jawa Tengah,Beras,11275.0,True
2022-03,Jawa Tengah,Beras,11300.0,False
2022-04,Jawa Tengah,Beras,11300.0,False
2022-05,Jawa Tengah,Beras,11283.333333333334,True
2022-06,Jawa Tengah,Beras,11266.666666666666,True
2022-07,Jawa Tengah,Beras,11250.0,False
2022-08,Jawa Tengah,Beras,11300.0,False
2022-09,Jawa Tengah,Beras,11550.0,False
2022-10,Jawa Tengah,Beras,11750.0,False
2022-11,Jawa Tengah,Beras,11800.0,False
2022-12,Jawa Tengah,Beras,12150.0,False
2023-01,Jawa Tengah,Beras,12550.0,False
2023-02,Jawa Tengah,Beras,12900.0,False
2023-03,Jawa Tengah,Beras,13300.0,False
2023-04,Jawa Tengah,Beras,13150.0,False
2023-05,Jawa Tengah,Beras,13350.0,False
2023-06,Jawa Tengah,Beras,13200.0,False
2023-07,Jawa Tengah,Beras,13050.0,False
2023-08,Jawa Tengah,Beras,13050.0,False
2023-09,Jawa Tengah,Beras,13700.0,False
2023-10,Jawa Tengah,Beras,14050.0,False
2023-11,Jawa Tengah,Beras,14250.0,False
2023-12,Jawa Tengah,Beras,14450.0,False
2024-01,Jawa Tengah,Beras,14300.0,False
2024-02,Jawa Tengah,Beras,14900.0,False
2024-03,Jawa Tengah,Beras,16050.0,False
2024-04,Jawa Tengah,Beras,15650.0,False
2024-05,Jawa Tengah,Beras,15300.0,False
2024-06,Jawa Tengah,Beras,14900.0,False
2024-07,Jawa Tengah,Beras,15050.0,False
2024-08,Jawa Tengah,Beras,15050.0,False
2024-09,Jawa Tengah,Beras,15100.0,False
2024-10,Jawa Tengah,Beras,15100.0,False
2024-11,Jawa Tengah,Beras,15100.0,False
2024-12,Jawa Tengah,Beras,14950.0,False
2025-01,Jawa Tengah,Beras,15000.0,False
2025-02,Jawa Tengah,Beras,15000.0,False
2025-03,Jawa Tengah,Beras,15000.0,False
2025-04,Jawa Tengah,Beras,15150.0,False
2025-05,Jawa Tengah,Beras,15150.0,False
2025-06,Jawa Tengah,Beras,15250.0,False
2025-07,Jawa Tengah,Beras,15350.0,False
2025-08,Jawa Tengah,Beras,15400.0,False
2025-09,Jawa Tengah,Beras,15500.0,False
2025-10,Jawa Tengah,Beras,15500.0,False
2025-11,Jawa Tengah,Beras,15450.0,False
2025-12,Jawa Tengah,Beras,15500.0,False
2026-01,Jawa Tengah,Beras,15550.0,False
2026-02,Jawa Tengah,Beras,15500.0,False
2026-03,Jawa Tengah,Beras,15700.0,False
2026-04,Jawa Tengah,Beras,15700.0,False
2026-05,Jawa Tengah,Beras,15700.0,False
2026-06,Jawa Tengah,Beras,15800.0,False
2026-07,Jawa Tengah,Beras,15800.0,False
2020-02,Jawa Tengah,Cabai Besar,61400.0,False
2020-03,Jawa Tengah,Cabai Besar,44150.0,False
2020-04,Jawa Tengah,Cabai Besar,24200.0,False
2020-05,Jawa Tengah,Cabai Besar,21550.0,True
2020-06,Jawa Tengah,Cabai Besar,18900.0,True
2020-07,Jawa Tengah,Cabai Besar,16250.0,False
2020-08,Jawa Tengah,Cabai Besar,19000.0,False
2020-09,Jawa Tengah,Cabai Besar,15050.0,False
2020-10,Jawa Tengah,Cabai Besar,27700.0,False
2020-11,Jawa Tengah,Cabai Besar,33350.0,False
2020-12,Jawa Tengah,Cabai Besar,43100.0,False
2021-01,Jawa Tengah,Cabai Besar,41550.0,True
2021-02,Jawa Tengah,Cabai Besar,40000.0,False
2021-03,Jawa Tengah,Cabai Besar,42600.0,False
2021-04,Jawa Tengah,Cabai Besar,43650.0,False
2021-05,Jawa Tengah,Cabai Besar,34000.0,False
2021-06,Jawa Tengah,Cabai Besar,27950.0,True
2021-07,Jawa Tengah,Cabai Besar,21900.0,False
2021-08,Jawa Tengah,Cabai Besar,20450.0,False
2021-09,Jawa Tengah,Cabai Besar,15100.0,False
2021-10,Jawa Tengah,Cabai Besar,22150.0,False
2021-11,Jawa Tengah,Cabai Besar,26150.0,False
2021-12,Jawa Tengah,Cabai Besar,34550.0,False
2022-01,Jawa Tengah,Cabai Besar,29250.0,False
2022-02,Jawa Tengah,Cabai Besar,32600.0,True
2022-03,Jawa Tengah,Cabai Besar,35950.0,False
2022-04,Jawa Tengah,Cabai Besar,35950.0,False
2022-05,Jawa Tengah,Cabai Besar,47816.66666666666,True
2022-06,Jawa Tengah,Cabai Besar,59683.33333333333,True
2022-07,Jawa Tengah,Cabai Besar,71550.0,False
2022-08,Jawa Tengah,Cabai Besar,70950.0,False
2022-09,Jawa Tengah,Cabai Besar,56350.0,False
2022-10,Jawa Tengah,Cabai Besar,41900.0,False
2022-11,Jawa Tengah,Cabai Besar,33350.0,False
2022-12,Jawa Tengah,Cabai Besar,28350.0,False
2023-01,Jawa Tengah,Cabai Besar,34300.0,False
2023-02,Jawa Tengah,Cabai Besar,33000.0,False
2023-03,Jawa Tengah,Cabai Besar,32900.0,False
2023-04,Jawa Tengah,Cabai Besar,29650.0,False
2023-05,Jawa Tengah,Cabai Besar,27850.0,False
2023-06,Jawa Tengah,Cabai Besar,28850.0,False
2023-07,Jawa Tengah,Cabai Besar,34950.0,False
2023-08,Jawa Tengah,Cabai Besar,32000.0,False
2023-09,Jawa Tengah,Cabai Besar,39000.0,False
2023-10,Jawa Tengah,Cabai Besar,37500.0,False
2023-11,Jawa Tengah,Cabai Besar,47750.0,False
2023-12,Jawa Tengah,Cabai Besar,72750.0,False
2024-01,Jawa Tengah,Cabai Besar,56800.0,False
2024-02,Jawa Tengah,Cabai Besar,64400.0,False
2024-03,Jawa Tengah,Cabai Besar,76050.0,False
2024-04,Jawa Tengah,Cabai Besar,37700.0,False
2024-05,Jawa Tengah,Cabai Besar,51300.0,False
2024-06,Jawa Tengah,Cabai Besar,44550.0,False
2024-07,Jawa Tengah,Cabai Besar,38650.0,False
2024-08,Jawa Tengah,Cabai Besar,38650.0,False
2024-09,Jawa Tengah,Cabai Besar,28850.0,False
2024-10,Jawa Tengah,Cabai Besar,24050.0,False
2024-11,Jawa Tengah,Cabai Besar,25350.0,False
2024-12,Jawa Tengah,Cabai Besar,23500.0,False
2025-01,Jawa Tengah,Cabai Besar,54950.0,False
2025-02,Jawa Tengah,Cabai Besar,55950.0,False
2025-03,Jawa Tengah,Cabai Besar,59950.0,False
2025-04,Jawa Tengah,Cabai Besar,57150.0,False
2025-05,Jawa Tengah,Cabai Besar,39250.0,False
2025-06,Jawa Tengah,Cabai Besar,35750.0,False
2025-07,Jawa Tengah,Cabai Besar,37100.0,False
2025-08,Jawa Tengah,Cabai Besar,34300.0,False
2025-09,Jawa Tengah,Cabai Besar,33800.0,False
2025-10,Jawa Tengah,Cabai Besar,47400.0,False
2025-11,Jawa Tengah,Cabai Besar,49800.0,False
2025-12,Jawa Tengah,Cabai Besar,56900.0,False
2026-01,Jawa Tengah,Cabai Besar,35850.0,False
2026-02,Jawa Tengah,Cabai Besar,32200.0,False
2026-03,Jawa Tengah,Cabai Besar,35250.0,False
2026-04,Jawa Tengah,Cabai Besar,34750.0,False
2026-05,Jawa Tengah,Cabai Besar,41650.0,False
2026-06,Jawa Tengah,Cabai Besar,61500.0,False
2026-07,Jawa Tengah,Cabai Besar,34750.0,False
2020-02,Jawa Tengah,Cabai Rawit,76200.0,False
2020-03,Jawa Tengah,Cabai Rawit,31050.0,False
2020-04,Jawa Tengah,Cabai Rawit,45000.0,False
2020-05,Jawa Tengah,Cabai Rawit,36800.0,True
2020-06,Jawa Tengah,Cabai Rawit,28600.0,True
2020-07,Jawa Tengah,Cabai Rawit,20400.0,False
2020-08,Jawa Tengah,Cabai Rawit,21200.0,False
2020-09,Jawa Tengah,Cabai Rawit,15950.0,False
2020-10,Jawa Tengah,Cabai Rawit,21300.0,False
2020-11,Jawa Tengah,Cabai Rawit,22450.0,False
2020-12,Jawa Tengah,Cabai Rawit,44250.0,False
2021-01,Jawa Tengah,Cabai Rawit,58300.0,True
2021-02,Jawa Tengah,Cabai Rawit,72350.0,False
2021-03,Jawa Tengah,Cabai Rawit,94650.0,False
2021-04,Jawa Tengah,Cabai Rawit,69700.0,False
2021-05,Jawa Tengah,Cabai Rawit,53650.0,False
2021-06,Jawa Tengah,Cabai Rawit,50925.0,True
2021-07,Jawa Tengah,Cabai Rawit,48200.0,False
2021-08,Jawa Tengah,Cabai Rawit,36100.0,False
2021-09,Jawa Tengah,Cabai Rawit,16950.0,False
2021-10,Jawa Tengah,Cabai Rawit,21350.0,False
2021-11,Jawa Tengah,Cabai Rawit,21700.0,False
2021-12,Jawa Tengah,Cabai Rawit,39600.0,False
2022-01,Jawa Tengah,Cabai Rawit,68200.0,False
2022-02,Jawa Tengah,Cabai Rawit,60275.0,True
2022-03,Jawa Tengah,Cabai Rawit,52350.0,False
2022-04,Jawa Tengah,Cabai Rawit,38450.0,False
2022-05,Jawa Tengah,Cabai Rawit,55583.33333333333,True
2022-06,Jawa Tengah,Cabai Rawit,72716.66666666666,True
2022-07,Jawa Tengah,Cabai Rawit,89850.0,False
2022-08,Jawa Tengah,Cabai Rawit,58100.0,False
2022-09,Jawa Tengah,Cabai Rawit,47750.0,False
2022-10,Jawa Tengah,Cabai Rawit,53750.0,False
2022-11,Jawa Tengah,Cabai Rawit,33400.0,False
2022-12,Jawa Tengah,Cabai Rawit,37200.0,False
2023-01,Jawa Tengah,Cabai Rawit,64600.0,False
2023-02,Jawa Tengah,Cabai Rawit,51250.0,False
2023-03,Jawa Tengah,Cabai Rawit,55900.0,False
2023-04,Jawa Tengah,Cabai Rawit,42400.0,False
2023-05,Jawa Tengah,Cabai Rawit,26650.0,False
2023-06,Jawa Tengah,Cabai Rawit,39000.0,False
2023-07,Jawa Tengah,Cabai Rawit,28250.0,False
2023-08,Jawa Tengah,Cabai Rawit,35200.0,False
2023-09,Jawa Tengah,Cabai Rawit,28800.0,False
2023-10,Jawa Tengah,Cabai Rawit,34700.0,False
2023-11,Jawa Tengah,Cabai Rawit,71600.0,False
2023-12,Jawa Tengah,Cabai Rawit,87400.0,False
2024-01,Jawa Tengah,Cabai Rawit,75700.0,False
2024-02,Jawa Tengah,Cabai Rawit,39250.0,False
2024-03,Jawa Tengah,Cabai Rawit,61150.0,False
2024-04,Jawa Tengah,Cabai Rawit,34350.0,False
2024-05,Jawa Tengah,Cabai Rawit,31100.0,False
2024-06,Jawa Tengah,Cabai Rawit,32700.0,False
2024-07,Jawa Tengah,Cabai Rawit,36050.0,False
2024-08,Jawa Tengah,Cabai Rawit,71450.0,False
2024-09,Jawa Tengah,Cabai Rawit,31600.0,False
2024-10,Jawa Tengah,Cabai Rawit,37600.0,False
2024-11,Jawa Tengah,Cabai Rawit,35450.0,False
2024-12,Jawa Tengah,Cabai Rawit,25750.0,False
2025-01,Jawa Tengah,Cabai Rawit,67150.0,False
2025-02,Jawa Tengah,Cabai Rawit,63100.0,False
2025-03,Jawa Tengah,Cabai Rawit,101850.0,False
2025-04,Jawa Tengah,Cabai Rawit,93400.0,False
2025-05,Jawa Tengah,Cabai Rawit,42600.0,False
2025-06,Jawa Tengah,Cabai Rawit,35300.0,False
2025-07,Jawa Tengah,Cabai Rawit,62200.0,False
2025-08,Jawa Tengah,Cabai Rawit,35550.0,False
2025-09,Jawa Tengah,Cabai Rawit,27300.0,False
2025-10,Jawa Tengah,Cabai Rawit,33600.0,False
2025-11,Jawa Tengah,Cabai Rawit,26450.0,False
2025-12,Jawa Tengah,Cabai Rawit,62100.0,False
2026-01,Jawa Tengah,Cabai Rawit,47850.0,False
2026-02,Jawa Tengah,Cabai Rawit,65900.0,False
2026-03,Jawa Tengah,Cabai Rawit,84800.0,False
2026-04,Jawa Tengah,Cabai Rawit,76000.0,False
2026-05,Jawa Tengah,Cabai Rawit,50200.0,False
2026-06,Jawa Tengah,Cabai Rawit,78250.0,False
2026-07,Jawa Tengah,Cabai Rawit,40550.0,False
2020-02,Jawa Timur,Bawang Merah,30400.0,False
2020-03,Jawa Timur,Bawang Merah,26350.0,False
2020-04,Jawa Timur,Bawang Merah,35350.0,False
2020-05,Jawa Timur,Bawang Merah,43050.0,True
2020-06,Jawa Timur,Bawang Merah,50750.0,False
2020-07,Jawa Timur,Bawang Merah,34950.0,False
2020-08,Jawa Timur,Bawang Merah,24500.0,False
2020-09,Jawa Timur,Bawang Merah,23000.0,False
2020-10,Jawa Timur,Bawang Merah,24550.0,False
2020-11,Jawa Timur,Bawang Merah,31250.0,False
2020-12,Jawa Timur,Bawang Merah,32550.0,False
2021-01,Jawa Timur,Bawang Merah,28325.0,True
2021-02,Jawa Timur,Bawang Merah,24100.0,False
2021-03,Jawa Timur,Bawang Merah,30750.0,False
2021-04,Jawa Timur,Bawang Merah,29150.0,False
2021-05,Jawa Timur,Bawang Merah,26300.0,False
2021-06,Jawa Timur,Bawang Merah,27325.0,True
2021-07,Jawa Timur,Bawang Merah,28350.0,False
2021-08,Jawa Timur,Bawang Merah,32300.0,False
2021-09,Jawa Timur,Bawang Merah,22950.0,False
2021-10,Jawa Timur,Bawang Merah,22500.0,False
2021-11,Jawa Timur,Bawang Merah,23000.0,False
2021-12,Jawa Timur,Bawang Merah,20400.0,False
2022-01,Jawa Timur,Bawang Merah,24500.0,False
2022-02,Jawa Timur,Bawang Merah,26000.0,False
2022-03,Jawa Timur,Bawang Merah,32900.0,False
2022-04,Jawa Timur,Bawang Merah,29850.0,False
2022-05,Jawa Timur,Bawang Merah,38116.66666666666,True
2022-06,Jawa Timur,Bawang Merah,46383.33333333333,True
2022-07,Jawa Timur,Bawang Merah,54650.0,False
2022-08,Jawa Timur,Bawang Merah,36650.0,False
2022-09,Jawa Timur,Bawang Merah,26350.0,False
2022-10,Jawa Timur,Bawang Merah,29450.0,False
2022-11,Jawa Timur,Bawang Merah,35300.0,False
2022-12,Jawa Timur,Bawang Merah,31900.0,False
2023-01,Jawa Timur,Bawang Merah,34000.0,False
2023-02,Jawa Timur,Bawang Merah,39800.0,False
2023-03,Jawa Timur,Bawang Merah,32550.0,False
2023-04,Jawa Timur,Bawang Merah,32200.0,False
2023-05,Jawa Timur,Bawang Merah,39100.0,False
2023-06,Jawa Timur,Bawang Merah,36850.0,False
2023-07,Jawa Timur,Bawang Merah,36450.0,False
2023-08,Jawa Timur,Bawang Merah,23850.0,False
2023-09,Jawa Timur,Bawang Merah,21000.0,False
2023-10,Jawa Timur,Bawang Merah,19750.0,False
2023-11,Jawa Timur,Bawang Merah,19850.0,False
2023-12,Jawa Timur,Bawang Merah,27500.0,False
2024-01,Jawa Timur,Bawang Merah,33700.0,False
2024-02,Jawa Timur,Bawang Merah,30800.0,False
2024-03,Jawa Timur,Bawang Merah,29700.0,False
2024-04,Jawa Timur,Bawang Merah,32800.0,False
2024-05,Jawa Timur,Bawang Merah,56150.0,False
2024-06,Jawa Timur,Bawang Merah,44800.0,False
2024-07,Jawa Timur,Bawang Merah,31550.0,False
2024-08,Jawa Timur,Bawang Merah,22050.0,False
2024-09,Jawa Timur,Bawang Merah,22300.0,False
2024-10,Jawa Timur,Bawang Merah,24950.0,False
2024-11,Jawa Timur,Bawang Merah,30000.0,False
2024-12,Jawa Timur,Bawang Merah,39000.0,False
2025-01,Jawa Timur,Bawang Merah,38700.0,False
2025-02,Jawa Timur,Bawang Merah,32300.0,False
2025-03,Jawa Timur,Bawang Merah,36300.0,False
2025-04,Jawa Timur,Bawang Merah,46800.0,False
2025-05,Jawa Timur,Bawang Merah,41150.0,False
2025-06,Jawa Timur,Bawang Merah,36500.0,False
2025-07,Jawa Timur,Bawang Merah,40700.0,False
2025-08,Jawa Timur,Bawang Merah,53200.0,False
2025-09,Jawa Timur,Bawang Merah,39100.0,False
2025-10,Jawa Timur,Bawang Merah,34300.0,False
2025-11,Jawa Timur,Bawang Merah,40700.0,False
2025-12,Jawa Timur,Bawang Merah,45800.0,False
2026-01,Jawa Timur,Bawang Merah,40300.0,False
2026-02,Jawa Timur,Bawang Merah,37950.0,False
2026-03,Jawa Timur,Bawang Merah,40950.0,False
2026-04,Jawa Timur,Bawang Merah,41550.0,False
2026-05,Jawa Timur,Bawang Merah,41900.0,False
2026-06,Jawa Timur,Bawang Merah,51400.0,False
2026-07,Jawa Timur,Bawang Merah,38950.0,False
2020-02,Jawa Timur,Beras,10750.0,False
2020-03,Jawa Timur,Beras,10800.0,False
2020-04,Jawa Timur,Beras,10750.0,False
2020-05,Jawa Timur,Beras,11425.0,True
2020-06,Jawa Timur,Beras,12100.0,False
2020-07,Jawa Timur,Beras,10600.0,False
2020-08,Jawa Timur,Beras,10550.0,False
2020-09,Jawa Timur,Beras,10500.0,False
2020-10,Jawa Timur,Beras,10500.0,False
2020-11,Jawa Timur,Beras,10550.0,False
2020-12,Jawa Timur,Beras,10450.0,False
2021-01,Jawa Timur,Beras,10450.0,True
2021-02,Jawa Timur,Beras,10450.0,False
2021-03,Jawa Timur,Beras,10450.0,False
2021-04,Jawa Timur,Beras,10400.0,False
2021-05,Jawa Timur,Beras,10350.0,False
2021-06,Jawa Timur,Beras,10350.0,True
2021-07,Jawa Timur,Beras,10350.0,False
2021-08,Jawa Timur,Beras,10200.0,False
2021-09,Jawa Timur,Beras,10150.0,False
2021-10,Jawa Timur,Beras,10200.0,False
2021-11,Jawa Timur,Beras,10150.0,False
2021-12,Jawa Timur,Beras,10200.0,False
2022-01,Jawa Timur,Beras,10400.0,False
2022-02,Jawa Timur,Beras,11000.0,False
2022-03,Jawa Timur,Beras,10500.0,False
2022-04,Jawa Timur,Beras,10600.0,False
2022-05,Jawa Timur,Beras,10550.0,True
2022-06,Jawa Timur,Beras,10500.0,True
2022-07,Jawa Timur,Beras,10450.0,False
2022-08,Jawa Timur,Beras,10550.0,False
2022-09,Jawa Timur,Beras,10700.0,False
2022-10,Jawa Timur,Beras,11050.0,False
2022-11,Jawa Timur,Beras,11250.0,False
2022-12,Jawa Timur,Beras,11400.0,False
2023-01,Jawa Timur,Beras,11700.0,False
2023-02,Jawa Timur,Beras,12050.0,False
2023-03,Jawa Timur,Beras,12100.0,False
2023-04,Jawa Timur,Beras,12050.0,False
2023-05,Jawa Timur,Beras,12100.0,False
2023-06,Jawa Timur,Beras,12150.0,False
2023-07,Jawa Timur,Beras,12050.0,False
2023-08,Jawa Timur,Beras,12100.0,False
2023-09,Jawa Timur,Beras,12700.0,False
2023-10,Jawa Timur,Beras,13500.0,False
2023-11,Jawa Timur,Beras,13650.0,False
2023-12,Jawa Timur,Beras,13850.0,False
2024-01,Jawa Timur,Beras,13800.0,False
2024-02,Jawa Timur,Beras,14500.0,False
2024-03,Jawa Timur,Beras,15400.0,False
2024-04,Jawa Timur,Beras,14900.0,False
2024-05,Jawa Timur,Beras,14100.0,False
2024-06,Jawa Timur,Beras,13700.0,False
2024-07,Jawa Timur,Beras,13900.0,False
2024-08,Jawa Timur,Beras,13750.0,False
2024-09,Jawa Timur,Beras,13750.0,False
2024-10,Jawa Timur,Beras,13750.0,False
2024-11,Jawa Timur,Beras,13750.0,False
2024-12,Jawa Timur,Beras,13650.0,False
2025-01,Jawa Timur,Beras,13750.0,False
2025-02,Jawa Timur,Beras,13850.0,False
2025-03,Jawa Timur,Beras,13900.0,False
2025-04,Jawa Timur,Beras,13900.0,False
2025-05,Jawa Timur,Beras,13900.0,False
2025-06,Jawa Timur,Beras,14200.0,False
2025-07,Jawa Timur,Beras,14450.0,False
2025-08,Jawa Timur,Beras,14600.0,False
2025-09,Jawa Timur,Beras,14650.0,False
2025-10,Jawa Timur,Beras,14800.0,False
2025-11,Jawa Timur,Beras,14650.0,False
2025-12,Jawa Timur,Beras,14500.0,False
2026-01,Jawa Timur,Beras,14450.0,False
2026-02,Jawa Timur,Beras,14450.0,False
2026-03,Jawa Timur,Beras,14700.0,False
2026-04,Jawa Timur,Beras,14700.0,False
2026-05,Jawa Timur,Beras,14600.0,False
2026-06,Jawa Timur,Beras,14800.0,False
2026-07,Jawa Timur,Beras,14950.0,False
2020-02,Jawa Timur,Cabai Besar,68650.0,False
2020-03,Jawa Timur,Cabai Besar,39500.0,False
2020-04,Jawa Timur,Cabai Besar,22050.0,False
2020-05,Jawa Timur,Cabai Besar,19525.0,True
2020-06,Jawa Timur,Cabai Besar,17000.0,False
2020-07,Jawa Timur,Cabai Besar,17800.0,False
2020-08,Jawa Timur,Cabai Besar,22650.0,False
2020-09,Jawa Timur,Cabai Besar,16200.0,False
2020-10,Jawa Timur,Cabai Besar,26500.0,False
2020-11,Jawa Timur,Cabai Besar,32350.0,False
2020-12,Jawa Timur,Cabai Besar,40650.0,False
2021-01,Jawa Timur,Cabai Besar,40975.0,True
2021-02,Jawa Timur,Cabai Besar,41300.0,False
2021-03,Jawa Timur,Cabai Besar,38950.0,False
2021-04,Jawa Timur,Cabai Besar,46900.0,False
2021-05,Jawa Timur,Cabai Besar,35550.0,False
2021-06,Jawa Timur,Cabai Besar,27250.0,True
2021-07,Jawa Timur,Cabai Besar,18950.0,False
2021-08,Jawa Timur,Cabai Besar,17150.0,False
2021-09,Jawa Timur,Cabai Besar,13300.0,False
2021-10,Jawa Timur,Cabai Besar,19600.0,False
2021-11,Jawa Timur,Cabai Besar,18700.0,False
2021-12,Jawa Timur,Cabai Besar,34650.0,False
2022-01,Jawa Timur,Cabai Besar,22900.0,False
2022-02,Jawa Timur,Cabai Besar,19000.0,False
2022-03,Jawa Timur,Cabai Besar,38050.0,False
2022-04,Jawa Timur,Cabai Besar,50800.0,False
2022-05,Jawa Timur,Cabai Besar,54883.333333333336,True
2022-06,Jawa Timur,Cabai Besar,58966.66666666666,True
2022-07,Jawa Timur,Cabai Besar,63050.0,False
2022-08,Jawa Timur,Cabai Besar,71200.0,False
2022-09,Jawa Timur,Cabai Besar,49450.0,False
2022-10,Jawa Timur,Cabai Besar,35150.0,False
2022-11,Jawa Timur,Cabai Besar,25100.0,False
2022-12,Jawa Timur,Cabai Besar,22200.0,False
2023-01,Jawa Timur,Cabai Besar,26600.0,False
2023-02,Jawa Timur,Cabai Besar,27000.0,False
2023-03,Jawa Timur,Cabai Besar,28250.0,False
2023-04,Jawa Timur,Cabai Besar,28100.0,False
2023-05,Jawa Timur,Cabai Besar,32050.0,False
2023-06,Jawa Timur,Cabai Besar,29550.0,False
2023-07,Jawa Timur,Cabai Besar,37100.0,False
2023-08,Jawa Timur,Cabai Besar,26900.0,False
2023-09,Jawa Timur,Cabai Besar,37800.0,False
2023-10,Jawa Timur,Cabai Besar,34650.0,False
2023-11,Jawa Timur,Cabai Besar,35750.0,False
2023-12,Jawa Timur,Cabai Besar,74750.0,False
2024-01,Jawa Timur,Cabai Besar,56550.0,False
2024-02,Jawa Timur,Cabai Besar,71900.0,False
2024-03,Jawa Timur,Cabai Besar,81800.0,False
2024-04,Jawa Timur,Cabai Besar,41500.0,False
2024-05,Jawa Timur,Cabai Besar,57050.0,False
2024-06,Jawa Timur,Cabai Besar,42250.0,False
2024-07,Jawa Timur,Cabai Besar,33350.0,False
2024-08,Jawa Timur,Cabai Besar,32850.0,False
2024-09,Jawa Timur,Cabai Besar,22850.0,False
2024-10,Jawa Timur,Cabai Besar,16800.0,False
2024-11,Jawa Timur,Cabai Besar,16350.0,False
2024-12,Jawa Timur,Cabai Besar,20650.0,False
2025-01,Jawa Timur,Cabai Besar,45550.0,False
2025-02,Jawa Timur,Cabai Besar,57800.0,False
2025-03,Jawa Timur,Cabai Besar,62650.0,False
2025-04,Jawa Timur,Cabai Besar,51950.0,False
2025-05,Jawa Timur,Cabai Besar,28250.0,False
2025-06,Jawa Timur,Cabai Besar,33600.0,False
2025-07,Jawa Timur,Cabai Besar,27250.0,False
2025-08,Jawa Timur,Cabai Besar,32150.0,False
2025-09,Jawa Timur,Cabai Besar,26800.0,False
2025-10,Jawa Timur,Cabai Besar,45350.0,False
2025-11,Jawa Timur,Cabai Besar,50350.0,False
2025-12,Jawa Timur,Cabai Besar,46900.0,False
2026-01,Jawa Timur,Cabai Besar,25300.0,False
2026-02,Jawa Timur,Cabai Besar,27700.0,False
2026-03,Jawa Timur,Cabai Besar,28950.0,False
2026-04,Jawa Timur,Cabai Besar,32200.0,False
2026-05,Jawa Timur,Cabai Besar,42950.0,False
2026-06,Jawa Timur,Cabai Besar,63850.0,False
2026-07,Jawa Timur,Cabai Besar,27800.0,False
2020-02,Jawa Timur,Cabai Rawit,71150.0,False
2020-03,Jawa Timur,Cabai Rawit,24350.0,False
2020-04,Jawa Timur,Cabai Rawit,41900.0,False
2020-05,Jawa Timur,Cabai Rawit,29075.0,True
2020-06,Jawa Timur,Cabai Rawit,16250.0,False
2020-07,Jawa Timur,Cabai Rawit,16850.0,False
2020-08,Jawa Timur,Cabai Rawit,19850.0,False
2020-09,Jawa Timur,Cabai Rawit,14900.0,False
2020-10,Jawa Timur,Cabai Rawit,17800.0,False
2020-11,Jawa Timur,Cabai Rawit,18650.0,False
2020-12,Jawa Timur,Cabai Rawit,37000.0,False
2021-01,Jawa Timur,Cabai Rawit,49050.0,True
2021-02,Jawa Timur,Cabai Rawit,61100.0,False
2021-03,Jawa Timur,Cabai Rawit,90050.0,False
2021-04,Jawa Timur,Cabai Rawit,58850.0,False
2021-05,Jawa Timur,Cabai Rawit,46100.0,False
2021-06,Jawa Timur,Cabai Rawit,46450.0,True
2021-07,Jawa Timur,Cabai Rawit,46800.0,False
2021-08,Jawa Timur,Cabai Rawit,32950.0,False
2021-09,Jawa Timur,Cabai Rawit,14750.0,False
2021-10,Jawa Timur,Cabai Rawit,17450.0,False
2021-11,Jawa Timur,Cabai Rawit,16950.0,False
2021-12,Jawa Timur,Cabai Rawit,38300.0,False
2022-01,Jawa Timur,Cabai Rawit,61650.0,False
2022-02,Jawa Timur,Cabai Rawit,58325.0,True
2022-03,Jawa Timur,Cabai Rawit,55000.0,False
2022-04,Jawa Timur,Cabai Rawit,38600.0,False
2022-05,Jawa Timur,Cabai Rawit,54850.0,True
2022-06,Jawa Timur,Cabai Rawit,71100.0,True
2022-07,Jawa Timur,Cabai Rawit,87350.0,False
2022-08,Jawa Timur,Cabai Rawit,62250.0,False
2022-09,Jawa Timur,Cabai Rawit,44350.0,False
2022-10,Jawa Timur,Cabai Rawit,49700.0,False
2022-11,Jawa Timur,Cabai Rawit,24900.0,False
2022-12,Jawa Timur,Cabai Rawit,29900.0,False
2023-01,Jawa Timur,Cabai Rawit,60950.0,False
2023-02,Jawa Timur,Cabai Rawit,48550.0,False
2023-03,Jawa Timur,Cabai Rawit,58300.0,False
2023-04,Jawa Timur,Cabai Rawit,41550.0,False
2023-05,Jawa Timur,Cabai Rawit,26200.0,False
2023-06,Jawa Timur,Cabai Rawit,37500.0,False
2023-07,Jawa Timur,Cabai Rawit,27350.0,False
2023-08,Jawa Timur,Cabai Rawit,35150.0,False
2023-09,Jawa Timur,Cabai Rawit,25900.0,False
2023-10,Jawa Timur,Cabai Rawit,31700.0,False
2023-11,Jawa Timur,Cabai Rawit,65050.0,False
2023-12,Jawa Timur,Cabai Rawit,79000.0,False
2024-01,Jawa Timur,Cabai Rawit,69200.0,False
2024-02,Jawa Timur,Cabai Rawit,33150.0,False
2024-03,Jawa Timur,Cabai Rawit,53650.0,False
2024-04,Jawa Timur,Cabai Rawit,30150.0,False
2024-05,Jawa Timur,Cabai Rawit,25250.0,False
2024-06,Jawa Timur,Cabai Rawit,29100.0,False
2024-07,Jawa Timur,Cabai Rawit,33400.0,False
2024-08,Jawa Timur,Cabai Rawit,69150.0,False
2024-09,Jawa Timur,Cabai Rawit,29050.0,False
2024-10,Jawa Timur,Cabai Rawit,31450.0,False
2024-11,Jawa Timur,Cabai Rawit,28050.0,False
2024-12,Jawa Timur,Cabai Rawit,24050.0,False
2025-01,Jawa Timur,Cabai Rawit,60800.0,False
2025-02,Jawa Timur,Cabai Rawit,58050.0,False
2025-03,Jawa Timur,Cabai Rawit,110150.0,False
2025-04,Jawa Timur,Cabai Rawit,85850.0,False
2025-05,Jawa Timur,Cabai Rawit,35650.0,False
2025-06,Jawa Timur,Cabai Rawit,33000.0,False
2025-07,Jawa Timur,Cabai Rawit,63000.0,False
2025-08,Jawa Timur,Cabai Rawit,32850.0,False
2025-09,Jawa Timur,Cabai Rawit,22800.0,False
2025-10,Jawa Timur,Cabai Rawit,30550.0,False
2025-11,Jawa Timur,Cabai Rawit,21600.0,False
2025-12,Jawa Timur,Cabai Rawit,61500.0,False
2026-01,Jawa Timur,Cabai Rawit,48750.0,False
2026-02,Jawa Timur,Cabai Rawit,72450.0,False
2026-03,Jawa Timur,Cabai Rawit,93200.0,False
2026-04,Jawa Timur,Cabai Rawit,74950.0,False
2026-05,Jawa Timur,Cabai Rawit,48750.0,False
2026-06,Jawa Timur,Cabai Rawit,80950.0,False
2026-07,Jawa Timur,Cabai Rawit,39650.0,False
2020-02,Kalimantan Barat,Bawang Merah,37400.0,False
2020-03,Kalimantan Barat,Bawang Merah,34350.0,False
2020-04,Kalimantan Barat,Bawang Merah,43500.0,False
2020-05,Kalimantan Barat,Bawang Merah,44300.0,True
2020-06,Kalimantan Barat,Bawang Merah,45100.0,True
2020-07,Kalimantan Barat,Bawang Merah,45900.0,False
2020-08,Kalimantan Barat,Bawang Merah,34250.0,False
2020-09,Kalimantan Barat,Bawang Merah,30650.0,False
2020-10,Kalimantan Barat,Bawang Merah,30150.0,False
2020-11,Kalimantan Barat,Bawang Merah,36250.0,False
2020-12,Kalimantan Barat,Bawang Merah,44250.0,False
2021-01,Kalimantan Barat,Bawang Merah,39175.0,True
2021-02,Kalimantan Barat,Bawang Merah,34100.0,False
2021-03,Kalimantan Barat,Bawang Merah,38650.0,False
2021-04,Kalimantan Barat,Bawang Merah,35350.0,False
2021-05,Kalimantan Barat,Bawang Merah,33600.0,False
2021-06,Kalimantan Barat,Bawang Merah,33200.0,True
2021-07,Kalimantan Barat,Bawang Merah,32800.0,False
2021-08,Kalimantan Barat,Bawang Merah,38650.0,False
2021-09,Kalimantan Barat,Bawang Merah,33550.0,False
2021-10,Kalimantan Barat,Bawang Merah,30400.0,False
2021-11,Kalimantan Barat,Bawang Merah,30600.0,False
2021-12,Kalimantan Barat,Bawang Merah,30150.0,False
2022-01,Kalimantan Barat,Bawang Merah,31300.0,False
2022-02,Kalimantan Barat,Bawang Merah,35575.0,True
2022-03,Kalimantan Barat,Bawang Merah,39850.0,False
2022-04,Kalimantan Barat,Bawang Merah,32250.0,False
2022-05,Kalimantan Barat,Bawang Merah,38500.0,True
2022-06,Kalimantan Barat,Bawang Merah,44750.0,True
2022-07,Kalimantan Barat,Bawang Merah,51000.0,False
2022-08,Kalimantan Barat,Bawang Merah,53800.0,False
2022-09,Kalimantan Barat,Bawang Merah,36100.0,False
2022-10,Kalimantan Barat,Bawang Merah,34500.0,False
2022-11,Kalimantan Barat,Bawang Merah,36350.0,False
2022-12,Kalimantan Barat,Bawang Merah,40100.0,False
2023-01,Kalimantan Barat,Bawang Merah,41250.0,False
2023-02,Kalimantan Barat,Bawang Merah,46100.0,False
2023-03,Kalimantan Barat,Bawang Merah,37350.0,False
2023-04,Kalimantan Barat,Bawang Merah,34750.0,False
2023-05,Kalimantan Barat,Bawang Merah,36600.0,True
2023-06,Kalimantan Barat,Bawang Merah,38450.0,False
2023-07,Kalimantan Barat,Bawang Merah,41400.0,False
2023-08,Kalimantan Barat,Bawang Merah,35350.0,False
2023-09,Kalimantan Barat,Bawang Merah,29900.0,False
2023-10,Kalimantan Barat,Bawang Merah,26800.0,False
2023-11,Kalimantan Barat,Bawang Merah,26150.0,False
2023-12,Kalimantan Barat,Bawang Merah,31850.0,False
2024-01,Kalimantan Barat,Bawang Merah,34775.0,True
2024-02,Kalimantan Barat,Bawang Merah,37700.0,False
2024-03,Kalimantan Barat,Bawang Merah,35050.0,False
2024-04,Kalimantan Barat,Bawang Merah,35650.0,False
2024-05,Kalimantan Barat,Bawang Merah,44800.0,False
2024-06,Kalimantan Barat,Bawang Merah,39900.0,False
2024-07,Kalimantan Barat,Bawang Merah,42650.0,False
2024-08,Kalimantan Barat,Bawang Merah,29450.0,False
2024-09,Kalimantan Barat,Bawang Merah,28000.0,False
2024-10,Kalimantan Barat,Bawang Merah,28900.0,False
2024-11,Kalimantan Barat,Bawang Merah,34950.0,False
2024-12,Kalimantan Barat,Bawang Merah,47650.0,False
2025-01,Kalimantan Barat,Bawang Merah,52750.0,False
2025-02,Kalimantan Barat,Bawang Merah,36900.0,False
2025-03,Kalimantan Barat,Bawang Merah,33650.0,False
2025-04,Kalimantan Barat,Bawang Merah,37600.0,False
2025-05,Kalimantan Barat,Bawang Merah,33400.0,False
2025-06,Kalimantan Barat,Bawang Merah,35600.0,False
2025-07,Kalimantan Barat,Bawang Merah,54300.0,False
2025-08,Kalimantan Barat,Bawang Merah,65200.0,False
2025-09,Kalimantan Barat,Bawang Merah,52400.0,False
2025-10,Kalimantan Barat,Bawang Merah,38650.0,False
2025-11,Kalimantan Barat,Bawang Merah,44900.0,False
2025-12,Kalimantan Barat,Bawang Merah,42000.0,False
2026-01,Kalimantan Barat,Bawang Merah,57000.0,False
2026-02,Kalimantan Barat,Bawang Merah,37750.0,False
2026-03,Kalimantan Barat,Bawang Merah,49150.0,False
2026-04,Kalimantan Barat,Bawang Merah,44800.0,False
2026-05,Kalimantan Barat,Bawang Merah,50700.0,False
2026-06,Kalimantan Barat,Bawang Merah,48400.0,False
2026-07,Kalimantan Barat,Bawang Merah,51950.0,False
2020-02,Kalimantan Barat,Beras,13450.0,False
2020-03,Kalimantan Barat,Beras,13450.0,False
2020-04,Kalimantan Barat,Beras,13450.0,False
2020-05,Kalimantan Barat,Beras,13416.666666666666,True
2020-06,Kalimantan Barat,Beras,13383.333333333334,True
2020-07,Kalimantan Barat,Beras,13350.0,False
2020-08,Kalimantan Barat,Beras,13350.0,False
2020-09,Kalimantan Barat,Beras,13350.0,False
2020-10,Kalimantan Barat,Beras,13350.0,False
2020-11,Kalimantan Barat,Beras,13350.0,False
2020-12,Kalimantan Barat,Beras,13350.0,False
2021-01,Kalimantan Barat,Beras,13275.0,True
2021-02,Kalimantan Barat,Beras,13200.0,False
2021-03,Kalimantan Barat,Beras,13250.0,False
2021-04,Kalimantan Barat,Beras,13250.0,False
2021-05,Kalimantan Barat,Beras,13250.0,False
2021-06,Kalimantan Barat,Beras,13275.0,True
2021-07,Kalimantan Barat,Beras,13300.0,False
2021-08,Kalimantan Barat,Beras,13300.0,False
2021-09,Kalimantan Barat,Beras,13300.0,False
2021-10,Kalimantan Barat,Beras,13300.0,False
2021-11,Kalimantan Barat,Beras,13500.0,False
2021-12,Kalimantan Barat,Beras,13350.0,False
2022-01,Kalimantan Barat,Beras,13400.0,False
2022-02,Kalimantan Barat,Beras,13450.0,True
2022-03,Kalimantan Barat,Beras,13500.0,False
2022-04,Kalimantan Barat,Beras,13500.0,False
2022-05,Kalimantan Barat,Beras,13466.666666666666,True
2022-06,Kalimantan Barat,Beras,13433.333333333334,True
2022-07,Kalimantan Barat,Beras,13400.0,False
2022-08,Kalimantan Barat,Beras,13400.0,False
2022-09,Kalimantan Barat,Beras,13400.0,False
2022-10,Kalimantan Barat,Beras,13700.0,False
2022-11,Kalimantan Barat,Beras,13700.0,False
2022-12,Kalimantan Barat,Beras,13700.0,False
2023-01,Kalimantan Barat,Beras,13750.0,False
2023-02,Kalimantan Barat,Beras,13850.0,False
2023-03,Kalimantan Barat,Beras,14150.0,False
2023-04,Kalimantan Barat,Beras,14250.0,False
2023-05,Kalimantan Barat,Beras,14325.0,True
2023-06,Kalimantan Barat,Beras,14400.0,False
2023-07,Kalimantan Barat,Beras,14400.0,False
2023-08,Kalimantan Barat,Beras,14400.0,False
2023-09,Kalimantan Barat,Beras,14700.0,False
2023-10,Kalimantan Barat,Beras,15000.0,False
2023-11,Kalimantan Barat,Beras,15250.0,False
2023-12,Kalimantan Barat,Beras,15400.0,False
2024-01,Kalimantan Barat,Beras,15550.0,True
2024-02,Kalimantan Barat,Beras,15700.0,False
2024-03,Kalimantan Barat,Beras,16500.0,False
2024-04,Kalimantan Barat,Beras,16650.0,False
2024-05,Kalimantan Barat,Beras,16650.0,False
2024-06,Kalimantan Barat,Beras,16450.0,False
2024-07,Kalimantan Barat,Beras,16450.0,False
2024-08,Kalimantan Barat,Beras,16450.0,False
2024-09,Kalimantan Barat,Beras,16450.0,False
2024-10,Kalimantan Barat,Beras,16450.0,False
2024-11,Kalimantan Barat,Beras,16650.0,False
2024-12,Kalimantan Barat,Beras,16650.0,False
2025-01,Kalimantan Barat,Beras,15750.0,False
2025-02,Kalimantan Barat,Beras,16650.0,False
2025-03,Kalimantan Barat,Beras,16800.0,False
2025-04,Kalimantan Barat,Beras,16800.0,False
2025-05,Kalimantan Barat,Beras,16800.0,False
2025-06,Kalimantan Barat,Beras,16800.0,False
2025-07,Kalimantan Barat,Beras,16900.0,False
2025-08,Kalimantan Barat,Beras,16900.0,False
2025-09,Kalimantan Barat,Beras,16900.0,False
2025-10,Kalimantan Barat,Beras,16900.0,False
2025-11,Kalimantan Barat,Beras,16900.0,False
2025-12,Kalimantan Barat,Beras,16950.0,False
2026-01,Kalimantan Barat,Beras,16950.0,False
2026-02,Kalimantan Barat,Beras,16400.0,False
2026-03,Kalimantan Barat,Beras,16650.0,False
2026-04,Kalimantan Barat,Beras,16850.0,False
2026-05,Kalimantan Barat,Beras,17250.0,False
2026-06,Kalimantan Barat,Beras,17250.0,False
2026-07,Kalimantan Barat,Beras,17300.0,False
2020-02,Kalimantan Barat,Cabai Besar,43200.0,False
2020-03,Kalimantan Barat,Cabai Besar,51900.0,False
2020-04,Kalimantan Barat,Cabai Besar,33650.0,False
2020-05,Kalimantan Barat,Cabai Besar,34833.333333333336,True
2020-06,Kalimantan Barat,Cabai Besar,36016.666666666664,True
2020-07,Kalimantan Barat,Cabai Besar,37200.0,False
2020-08,Kalimantan Barat,Cabai Besar,46000.0,False
2020-09,Kalimantan Barat,Cabai Besar,50650.0,False
2020-10,Kalimantan Barat,Cabai Besar,55450.0,False
2020-11,Kalimantan Barat,Cabai Besar,59150.0,False
2020-12,Kalimantan Barat,Cabai Besar,62250.0,False
2021-01,Kalimantan Barat,Cabai Besar,59575.0,True
2021-02,Kalimantan Barat,Cabai Besar,56900.0,False
2021-03,Kalimantan Barat,Cabai Besar,45800.0,False
2021-04,Kalimantan Barat,Cabai Besar,44700.0,False
2021-05,Kalimantan Barat,Cabai Besar,40450.0,False
2021-06,Kalimantan Barat,Cabai Besar,37825.0,True
2021-07,Kalimantan Barat,Cabai Besar,35200.0,False
2021-08,Kalimantan Barat,Cabai Besar,37500.0,False
2021-09,Kalimantan Barat,Cabai Besar,49150.0,False
2021-10,Kalimantan Barat,Cabai Besar,49150.0,False
2021-11,Kalimantan Barat,Cabai Besar,50000.0,False
2021-12,Kalimantan Barat,Cabai Besar,56650.0,False
2022-01,Kalimantan Barat,Cabai Besar,49400.0,False
2022-02,Kalimantan Barat,Cabai Besar,54200.0,True
2022-03,Kalimantan Barat,Cabai Besar,59000.0,False
2022-04,Kalimantan Barat,Cabai Besar,58400.0,False
2022-05,Kalimantan Barat,Cabai Besar,56616.66666666666,True
2022-06,Kalimantan Barat,Cabai Besar,54833.333333333336,True
2022-07,Kalimantan Barat,Cabai Besar,53050.0,False
2022-08,Kalimantan Barat,Cabai Besar,57350.0,False
2022-09,Kalimantan Barat,Cabai Besar,49900.0,False
2022-10,Kalimantan Barat,Cabai Besar,51100.0,False
2022-11,Kalimantan Barat,Cabai Besar,50700.0,False
2022-12,Kalimantan Barat,Cabai Besar,54800.0,False
2023-01,Kalimantan Barat,Cabai Besar,57100.0,False
2023-02,Kalimantan Barat,Cabai Besar,56450.0,False
2023-03,Kalimantan Barat,Cabai Besar,59150.0,False
2023-04,Kalimantan Barat,Cabai Besar,51250.0,False
2023-05,Kalimantan Barat,Cabai Besar,51375.0,True
2023-06,Kalimantan Barat,Cabai Besar,51500.0,False
2023-07,Kalimantan Barat,Cabai Besar,58450.0,False
2023-08,Kalimantan Barat,Cabai Besar,44850.0,False
2023-09,Kalimantan Barat,Cabai Besar,44150.0,False
2023-10,Kalimantan Barat,Cabai Besar,53050.0,False
2023-11,Kalimantan Barat,Cabai Besar,53550.0,False
2023-12,Kalimantan Barat,Cabai Besar,47600.0,False
2024-01,Kalimantan Barat,Cabai Besar,49550.0,True
2024-02,Kalimantan Barat,Cabai Besar,51500.0,False
2024-03,Kalimantan Barat,Cabai Besar,60550.0,False
2024-04,Kalimantan Barat,Cabai Besar,59700.0,False
2024-05,Kalimantan Barat,Cabai Besar,58100.0,False
2024-06,Kalimantan Barat,Cabai Besar,61150.0,False
2024-07,Kalimantan Barat,Cabai Besar,62000.0,False
2024-08,Kalimantan Barat,Cabai Besar,49050.0,False
2024-09,Kalimantan Barat,Cabai Besar,49900.0,False
2024-10,Kalimantan Barat,Cabai Besar,48150.0,False
2024-11,Kalimantan Barat,Cabai Besar,40000.0,False
2024-12,Kalimantan Barat,Cabai Besar,50850.0,False
2025-01,Kalimantan Barat,Cabai Besar,58750.0,False
2025-02,Kalimantan Barat,Cabai Besar,52650.0,False
2025-03,Kalimantan Barat,Cabai Besar,82900.0,False
2025-04,Kalimantan Barat,Cabai Besar,66050.0,False
2025-05,Kalimantan Barat,Cabai Besar,65850.0,False
2025-06,Kalimantan Barat,Cabai Besar,50350.0,False
2025-07,Kalimantan Barat,Cabai Besar,51350.0,False
2025-08,Kalimantan Barat,Cabai Besar,48400.0,False
2025-09,Kalimantan Barat,Cabai Besar,52850.0,False
2025-10,Kalimantan Barat,Cabai Besar,44900.0,False
2025-11,Kalimantan Barat,Cabai Besar,48000.0,False
2025-12,Kalimantan Barat,Cabai Besar,62250.0,False
2026-01,Kalimantan Barat,Cabai Besar,72500.0,False
2026-02,Kalimantan Barat,Cabai Besar,56750.0,False
2026-03,Kalimantan Barat,Cabai Besar,55250.0,False
2026-04,Kalimantan Barat,Cabai Besar,68600.0,False
2026-05,Kalimantan Barat,Cabai Besar,56250.0,False
2026-06,Kalimantan Barat,Cabai Besar,65450.0,False
2026-07,Kalimantan Barat,Cabai Besar,50500.0,False
2020-02,Kalimantan Barat,Cabai Rawit,72100.0,False
2020-03,Kalimantan Barat,Cabai Rawit,56600.0,False
2020-04,Kalimantan Barat,Cabai Rawit,59100.0,False
2020-05,Kalimantan Barat,Cabai Rawit,53600.0,True
2020-06,Kalimantan Barat,Cabai Rawit,48100.0,True
2020-07,Kalimantan Barat,Cabai Rawit,42600.0,False
2020-08,Kalimantan Barat,Cabai Rawit,71750.0,False
2020-09,Kalimantan Barat,Cabai Rawit,67900.0,False
2020-10,Kalimantan Barat,Cabai Rawit,56150.0,False
2020-11,Kalimantan Barat,Cabai Rawit,57500.0,False
2020-12,Kalimantan Barat,Cabai Rawit,83750.0,False
2021-01,Kalimantan Barat,Cabai Rawit,97700.0,True
2021-02,Kalimantan Barat,Cabai Rawit,111650.0,False
2021-03,Kalimantan Barat,Cabai Rawit,122300.0,False
2021-04,Kalimantan Barat,Cabai Rawit,110250.0,False
2021-05,Kalimantan Barat,Cabai Rawit,68150.0,False
2021-06,Kalimantan Barat,Cabai Rawit,56325.0,True
2021-07,Kalimantan Barat,Cabai Rawit,44500.0,False
2021-08,Kalimantan Barat,Cabai Rawit,57150.0,False
2021-09,Kalimantan Barat,Cabai Rawit,53100.0,False
2021-10,Kalimantan Barat,Cabai Rawit,55200.0,False
2021-11,Kalimantan Barat,Cabai Rawit,47350.0,False
2021-12,Kalimantan Barat,Cabai Rawit,70850.0,False
2022-01,Kalimantan Barat,Cabai Rawit,132900.0,False
2022-02,Kalimantan Barat,Cabai Rawit,109550.0,True
2022-03,Kalimantan Barat,Cabai Rawit,86200.0,False
2022-04,Kalimantan Barat,Cabai Rawit,78950.0,False
2022-05,Kalimantan Barat,Cabai Rawit,81100.0,True
2022-06,Kalimantan Barat,Cabai Rawit,83250.0,True
2022-07,Kalimantan Barat,Cabai Rawit,85400.0,False
2022-08,Kalimantan Barat,Cabai Rawit,88400.0,False
2022-09,Kalimantan Barat,Cabai Rawit,74150.0,False
2022-10,Kalimantan Barat,Cabai Rawit,79000.0,False
2022-11,Kalimantan Barat,Cabai Rawit,58250.0,False
2022-12,Kalimantan Barat,Cabai Rawit,63900.0,False
2023-01,Kalimantan Barat,Cabai Rawit,99400.0,False
2023-02,Kalimantan Barat,Cabai Rawit,83250.0,False
2023-03,Kalimantan Barat,Cabai Rawit,81100.0,False
2023-04,Kalimantan Barat,Cabai Rawit,79150.0,False
2023-05,Kalimantan Barat,Cabai Rawit,70650.0,True
2023-06,Kalimantan Barat,Cabai Rawit,62150.0,False
2023-07,Kalimantan Barat,Cabai Rawit,72800.0,False
2023-08,Kalimantan Barat,Cabai Rawit,56400.0,False
2023-09,Kalimantan Barat,Cabai Rawit,49900.0,False
2023-10,Kalimantan Barat,Cabai Rawit,60250.0,False
2023-11,Kalimantan Barat,Cabai Rawit,80550.0,False
2023-12,Kalimantan Barat,Cabai Rawit,71900.0,False
2024-01,Kalimantan Barat,Cabai Rawit,67225.0,True
2024-02,Kalimantan Barat,Cabai Rawit,62550.0,False
2024-03,Kalimantan Barat,Cabai Rawit,91500.0,False
2024-04,Kalimantan Barat,Cabai Rawit,80500.0,False
2024-05,Kalimantan Barat,Cabai Rawit,71650.0,False
2024-06,Kalimantan Barat,Cabai Rawit,68850.0,False
2024-07,Kalimantan Barat,Cabai Rawit,70250.0,False
2024-08,Kalimantan Barat,Cabai Rawit,84600.0,False
2024-09,Kalimantan Barat,Cabai Rawit,75150.0,False
2024-10,Kalimantan Barat,Cabai Rawit,65650.0,False
2024-11,Kalimantan Barat,Cabai Rawit,47650.0,False
2024-12,Kalimantan Barat,Cabai Rawit,55400.0,False
2025-01,Kalimantan Barat,Cabai Rawit,88750.0,False
2025-02,Kalimantan Barat,Cabai Rawit,82600.0,False
2025-03,Kalimantan Barat,Cabai Rawit,118750.0,False
2025-04,Kalimantan Barat,Cabai Rawit,107700.0,False
2025-05,Kalimantan Barat,Cabai Rawit,86000.0,False
2025-06,Kalimantan Barat,Cabai Rawit,51250.0,False
2025-07,Kalimantan Barat,Cabai Rawit,65600.0,False
2025-08,Kalimantan Barat,Cabai Rawit,58850.0,False
2025-09,Kalimantan Barat,Cabai Rawit,51300.0,False
2025-10,Kalimantan Barat,Cabai Rawit,52150.0,False
2025-11,Kalimantan Barat,Cabai Rawit,40650.0,False
2025-12,Kalimantan Barat,Cabai Rawit,62750.0,False
2026-01,Kalimantan Barat,Cabai Rawit,84150.0,False
2026-02,Kalimantan Barat,Cabai Rawit,65650.0,False
2026-03,Kalimantan Barat,Cabai Rawit,70900.0,False
2026-04,Kalimantan Barat,Cabai Rawit,93550.0,False
2026-05,Kalimantan Barat,Cabai Rawit,61600.0,False
2026-06,Kalimantan Barat,Cabai Rawit,94850.0,False
2026-07,Kalimantan Barat,Cabai Rawit,72200.0,False
2020-02,Kalimantan Selatan,Bawang Merah,36400.0,False
2020-03,Kalimantan Selatan,Bawang Merah,31500.0,False
2020-04,Kalimantan Selatan,Bawang Merah,37000.0,False
2020-05,Kalimantan Selatan,Bawang Merah,37916.66666666666,True
2020-06,Kalimantan Selatan,Bawang Merah,38833.333333333336,True
2020-07,Kalimantan Selatan,Bawang Merah,39750.0,False
2020-08,Kalimantan Selatan,Bawang Merah,28650.0,False
2020-09,Kalimantan Selatan,Bawang Merah,28650.0,False
2020-10,Kalimantan Selatan,Bawang Merah,27650.0,False
2020-11,Kalimantan Selatan,Bawang Merah,34900.0,False
2020-12,Kalimantan Selatan,Bawang Merah,38250.0,False
2021-01,Kalimantan Selatan,Bawang Merah,33800.0,True
2021-02,Kalimantan Selatan,Bawang Merah,29350.0,False
2021-03,Kalimantan Selatan,Bawang Merah,30750.0,False
2021-04,Kalimantan Selatan,Bawang Merah,32750.0,False
2021-05,Kalimantan Selatan,Bawang Merah,28250.0,False
2021-06,Kalimantan Selatan,Bawang Merah,29050.0,True
2021-07,Kalimantan Selatan,Bawang Merah,29850.0,False
2021-08,Kalimantan Selatan,Bawang Merah,36600.0,False
2021-09,Kalimantan Selatan,Bawang Merah,29100.0,False
2021-10,Kalimantan Selatan,Bawang Merah,25400.0,False
2021-11,Kalimantan Selatan,Bawang Merah,25900.0,False
2021-12,Kalimantan Selatan,Bawang Merah,24250.0,False
2022-01,Kalimantan Selatan,Bawang Merah,26100.0,False
2022-02,Kalimantan Selatan,Bawang Merah,32750.0,True
2022-03,Kalimantan Selatan,Bawang Merah,39400.0,False
2022-04,Kalimantan Selatan,Bawang Merah,31250.0,False
2022-05,Kalimantan Selatan,Bawang Merah,40283.333333333336,True
2022-06,Kalimantan Selatan,Bawang Merah,49316.66666666667,True
2022-07,Kalimantan Selatan,Bawang Merah,58350.0,False
2022-08,Kalimantan Selatan,Bawang Merah,50850.0,False
2022-09,Kalimantan Selatan,Bawang Merah,36650.0,False
2022-10,Kalimantan Selatan,Bawang Merah,29600.0,False
2022-11,Kalimantan Selatan,Bawang Merah,33150.0,False
2022-12,Kalimantan Selatan,Bawang Merah,34500.0,False
2023-01,Kalimantan Selatan,Bawang Merah,36750.0,False
2023-02,Kalimantan Selatan,Bawang Merah,39250.0,False
2023-03,Kalimantan Selatan,Bawang Merah,38400.0,False
2023-04,Kalimantan Selatan,Bawang Merah,31500.0,False
2023-05,Kalimantan Selatan,Bawang Merah,35675.0,True
2023-06,Kalimantan Selatan,Bawang Merah,39850.0,False
2023-07,Kalimantan Selatan,Bawang Merah,41250.0,False
2023-08,Kalimantan Selatan,Bawang Merah,28600.0,False
2023-09,Kalimantan Selatan,Bawang Merah,26750.0,False
2023-10,Kalimantan Selatan,Bawang Merah,23500.0,False
2023-11,Kalimantan Selatan,Bawang Merah,22600.0,False
2023-12,Kalimantan Selatan,Bawang Merah,28500.0,False
2024-01,Kalimantan Selatan,Bawang Merah,36500.0,False
2024-02,Kalimantan Selatan,Bawang Merah,35500.0,False
2024-03,Kalimantan Selatan,Bawang Merah,31100.0,False
2024-04,Kalimantan Selatan,Bawang Merah,33600.0,False
2024-05,Kalimantan Selatan,Bawang Merah,52150.0,False
2024-06,Kalimantan Selatan,Bawang Merah,41750.0,False
2024-07,Kalimantan Selatan,Bawang Merah,39400.0,False
2024-08,Kalimantan Selatan,Bawang Merah,26000.0,False
2024-09,Kalimantan Selatan,Bawang Merah,24900.0,False
2024-10,Kalimantan Selatan,Bawang Merah,27650.0,False
2024-11,Kalimantan Selatan,Bawang Merah,29850.0,False
2024-12,Kalimantan Selatan,Bawang Merah,41400.0,False
2025-01,Kalimantan Selatan,Bawang Merah,40150.0,False
2025-02,Kalimantan Selatan,Bawang Merah,31500.0,False
2025-03,Kalimantan Selatan,Bawang Merah,33500.0,False
2025-04,Kalimantan Selatan,Bawang Merah,45250.0,False
2025-05,Kalimantan Selatan,Bawang Merah,38150.0,False
2025-06,Kalimantan Selatan,Bawang Merah,37000.0,False
2025-07,Kalimantan Selatan,Bawang Merah,52400.0,False
2025-08,Kalimantan Selatan,Bawang Merah,56600.0,False
2025-09,Kalimantan Selatan,Bawang Merah,47500.0,False
2025-10,Kalimantan Selatan,Bawang Merah,35750.0,False
2025-11,Kalimantan Selatan,Bawang Merah,39650.0,False
2025-12,Kalimantan Selatan,Bawang Merah,42750.0,False
2026-01,Kalimantan Selatan,Bawang Merah,51100.0,False
2026-02,Kalimantan Selatan,Bawang Merah,38650.0,False
2026-03,Kalimantan Selatan,Bawang Merah,39500.0,False
2026-04,Kalimantan Selatan,Bawang Merah,44650.0,False
2026-05,Kalimantan Selatan,Bawang Merah,44250.0,False
2026-06,Kalimantan Selatan,Bawang Merah,47600.0,False
2026-07,Kalimantan Selatan,Bawang Merah,43250.0,False
2020-02,Kalimantan Selatan,Beras,10900.0,False
2020-03,Kalimantan Selatan,Beras,10900.0,False
2020-04,Kalimantan Selatan,Beras,10900.0,False
2020-05,Kalimantan Selatan,Beras,11383.333333333334,True
2020-06,Kalimantan Selatan,Beras,11866.666666666666,True
2020-07,Kalimantan Selatan,Beras,12350.0,False
2020-08,Kalimantan Selatan,Beras,12350.0,False
2020-09,Kalimantan Selatan,Beras,12050.0,False
2020-10,Kalimantan Selatan,Beras,11600.0,False
2020-11,Kalimantan Selatan,Beras,11300.0,False
2020-12,Kalimantan Selatan,Beras,12300.0,False
2021-01,Kalimantan Selatan,Beras,12300.0,True
2021-02,Kalimantan Selatan,Beras,12300.0,False
2021-03,Kalimantan Selatan,Beras,12400.0,False
2021-04,Kalimantan Selatan,Beras,12400.0,False
2021-05,Kalimantan Selatan,Beras,12400.0,False
2021-06,Kalimantan Selatan,Beras,12500.0,True
2021-07,Kalimantan Selatan,Beras,12600.0,False
2021-08,Kalimantan Selatan,Beras,12600.0,False
2021-09,Kalimantan Selatan,Beras,12600.0,False
2021-10,Kalimantan Selatan,Beras,12600.0,False
2021-11,Kalimantan Selatan,Beras,12350.0,False
2021-12,Kalimantan Selatan,Beras,12350.0,False
2022-01,Kalimantan Selatan,Beras,12350.0,False
2022-02,Kalimantan Selatan,Beras,12350.0,True
2022-03,Kalimantan Selatan,Beras,12350.0,False
2022-04,Kalimantan Selatan,Beras,12450.0,False
2022-05,Kalimantan Selatan,Beras,12450.0,True
2022-06,Kalimantan Selatan,Beras,12450.0,True
2022-07,Kalimantan Selatan,Beras,12450.0,False
2022-08,Kalimantan Selatan,Beras,12750.0,False
2022-09,Kalimantan Selatan,Beras,12750.0,False
2022-10,Kalimantan Selatan,Beras,13200.0,False
2022-11,Kalimantan Selatan,Beras,13350.0,False
2022-12,Kalimantan Selatan,Beras,13950.0,False
2023-01,Kalimantan Selatan,Beras,14350.0,False
2023-02,Kalimantan Selatan,Beras,15950.0,False
2023-03,Kalimantan Selatan,Beras,15950.0,False
2023-04,Kalimantan Selatan,Beras,16700.0,False
2023-05,Kalimantan Selatan,Beras,17625.0,True
2023-06,Kalimantan Selatan,Beras,18550.0,False
2023-07,Kalimantan Selatan,Beras,18650.0,False
2023-08,Kalimantan Selatan,Beras,18650.0,False
2023-09,Kalimantan Selatan,Beras,18650.0,False
2023-10,Kalimantan Selatan,Beras,19200.0,False
2023-11,Kalimantan Selatan,Beras,19200.0,False
2023-12,Kalimantan Selatan,Beras,19200.0,False
2024-01,Kalimantan Selatan,Beras,18900.0,False
2024-02,Kalimantan Selatan,Beras,18750.0,False
2024-03,Kalimantan Selatan,Beras,19900.0,False
2024-04,Kalimantan Selatan,Beras,19500.0,False
2024-05,Kalimantan Selatan,Beras,19500.0,False
2024-06,Kalimantan Selatan,Beras,19100.0,False
2024-07,Kalimantan Selatan,Beras,19100.0,False
2024-08,Kalimantan Selatan,Beras,19500.0,False
2024-09,Kalimantan Selatan,Beras,18300.0,False
2024-10,Kalimantan Selatan,Beras,18200.0,False
2024-11,Kalimantan Selatan,Beras,17800.0,False
2024-12,Kalimantan Selatan,Beras,17800.0,False
2025-01,Kalimantan Selatan,Beras,16050.0,False
2025-02,Kalimantan Selatan,Beras,16050.0,False
2025-03,Kalimantan Selatan,Beras,15800.0,False
2025-04,Kalimantan Selatan,Beras,15800.0,False
2025-05,Kalimantan Selatan,Beras,15800.0,False
2025-06,Kalimantan Selatan,Beras,15750.0,False
2025-07,Kalimantan Selatan,Beras,15750.0,False
2025-08,Kalimantan Selatan,Beras,16100.0,False
2025-09,Kalimantan Selatan,Beras,16000.0,False
2025-10,Kalimantan Selatan,Beras,16000.0,False
2025-11,Kalimantan Selatan,Beras,16000.0,False
2025-12,Kalimantan Selatan,Beras,16100.0,False
2026-01,Kalimantan Selatan,Beras,16200.0,False
2026-02,Kalimantan Selatan,Beras,16650.0,False
2026-03,Kalimantan Selatan,Beras,16900.0,False
2026-04,Kalimantan Selatan,Beras,17300.0,False
2026-05,Kalimantan Selatan,Beras,18550.0,False
2026-06,Kalimantan Selatan,Beras,18800.0,False
2026-07,Kalimantan Selatan,Beras,19000.0,False
2020-02,Kalimantan Selatan,Cabai Besar,44400.0,False
2020-03,Kalimantan Selatan,Cabai Besar,38400.0,False
2020-04,Kalimantan Selatan,Cabai Besar,32000.0,False
2020-05,Kalimantan Selatan,Cabai Besar,32966.666666666664,True
2020-06,Kalimantan Selatan,Cabai Besar,33933.333333333336,True
2020-07,Kalimantan Selatan,Cabai Besar,34900.0,False
2020-08,Kalimantan Selatan,Cabai Besar,39000.0,False
2020-09,Kalimantan Selatan,Cabai Besar,33250.0,False
2020-10,Kalimantan Selatan,Cabai Besar,34650.0,False
2020-11,Kalimantan Selatan,Cabai Besar,27650.0,False
2020-12,Kalimantan Selatan,Cabai Besar,45000.0,False
2021-01,Kalimantan Selatan,Cabai Besar,43750.0,True
2021-02,Kalimantan Selatan,Cabai Besar,42500.0,False
2021-03,Kalimantan Selatan,Cabai Besar,34600.0,False
2021-04,Kalimantan Selatan,Cabai Besar,55100.0,False
2021-05,Kalimantan Selatan,Cabai Besar,41900.0,False
2021-06,Kalimantan Selatan,Cabai Besar,40000.0,True
2021-07,Kalimantan Selatan,Cabai Besar,38100.0,False
2021-08,Kalimantan Selatan,Cabai Besar,33100.0,False
2021-09,Kalimantan Selatan,Cabai Besar,25100.0,False
2021-10,Kalimantan Selatan,Cabai Besar,23900.0,False
2021-11,Kalimantan Selatan,Cabai Besar,29850.0,False
2021-12,Kalimantan Selatan,Cabai Besar,64600.0,False
2022-01,Kalimantan Selatan,Cabai Besar,57500.0,False
2022-02,Kalimantan Selatan,Cabai Besar,59375.0,True
2022-03,Kalimantan Selatan,Cabai Besar,61250.0,False
2022-04,Kalimantan Selatan,Cabai Besar,60850.0,False
2022-05,Kalimantan Selatan,Cabai Besar,65700.0,True
2022-06,Kalimantan Selatan,Cabai Besar,70550.0,True
2022-07,Kalimantan Selatan,Cabai Besar,75400.0,False
2022-08,Kalimantan Selatan,Cabai Besar,74600.0,False
2022-09,Kalimantan Selatan,Cabai Besar,59600.0,False
2022-10,Kalimantan Selatan,Cabai Besar,50400.0,False
2022-11,Kalimantan Selatan,Cabai Besar,44150.0,False
2022-12,Kalimantan Selatan,Cabai Besar,36650.0,False
2023-01,Kalimantan Selatan,Cabai Besar,30600.0,False
2023-02,Kalimantan Selatan,Cabai Besar,28350.0,False
2023-03,Kalimantan Selatan,Cabai Besar,45000.0,False
2023-04,Kalimantan Selatan,Cabai Besar,54600.0,False
2023-05,Kalimantan Selatan,Cabai Besar,55000.0,True
2023-06,Kalimantan Selatan,Cabai Besar,55400.0,False
2023-07,Kalimantan Selatan,Cabai Besar,62500.0,False
2023-08,Kalimantan Selatan,Cabai Besar,44000.0,False
2023-09,Kalimantan Selatan,Cabai Besar,46650.0,False
2023-10,Kalimantan Selatan,Cabai Besar,45000.0,False
2023-11,Kalimantan Selatan,Cabai Besar,47900.0,False
2023-12,Kalimantan Selatan,Cabai Besar,79150.0,False
2024-01,Kalimantan Selatan,Cabai Besar,47100.0,False
2024-02,Kalimantan Selatan,Cabai Besar,74150.0,False
2024-03,Kalimantan Selatan,Cabai Besar,70850.0,False
2024-04,Kalimantan Selatan,Cabai Besar,44600.0,False
2024-05,Kalimantan Selatan,Cabai Besar,43350.0,False
2024-06,Kalimantan Selatan,Cabai Besar,47500.0,False
2024-07,Kalimantan Selatan,Cabai Besar,45850.0,False
2024-08,Kalimantan Selatan,Cabai Besar,40000.0,False
2024-09,Kalimantan Selatan,Cabai Besar,40000.0,False
2024-10,Kalimantan Selatan,Cabai Besar,29600.0,False
2024-11,Kalimantan Selatan,Cabai Besar,24900.0,False
2024-12,Kalimantan Selatan,Cabai Besar,37100.0,False
2025-01,Kalimantan Selatan,Cabai Besar,62500.0,False
2025-02,Kalimantan Selatan,Cabai Besar,57100.0,False
2025-03,Kalimantan Selatan,Cabai Besar,61650.0,False
2025-04,Kalimantan Selatan,Cabai Besar,73750.0,False
2025-05,Kalimantan Selatan,Cabai Besar,61250.0,False
2025-06,Kalimantan Selatan,Cabai Besar,55000.0,False
2025-07,Kalimantan Selatan,Cabai Besar,51250.0,False
2025-08,Kalimantan Selatan,Cabai Besar,49150.0,False
2025-09,Kalimantan Selatan,Cabai Besar,49150.0,False
2025-10,Kalimantan Selatan,Cabai Besar,41250.0,False
2025-11,Kalimantan Selatan,Cabai Besar,35850.0,False
2025-12,Kalimantan Selatan,Cabai Besar,73750.0,False
2026-01,Kalimantan Selatan,Cabai Besar,47500.0,False
2026-02,Kalimantan Selatan,Cabai Besar,33350.0,False
2026-03,Kalimantan Selatan,Cabai Besar,45000.0,False
2026-04,Kalimantan Selatan,Cabai Besar,48750.0,False
2026-05,Kalimantan Selatan,Cabai Besar,46650.0,False
2026-06,Kalimantan Selatan,Cabai Besar,73350.0,False
2026-07,Kalimantan Selatan,Cabai Besar,56650.0,False
2020-02,Kalimantan Selatan,Cabai Rawit,61500.0,False
2020-03,Kalimantan Selatan,Cabai Rawit,40250.0,False
2020-04,Kalimantan Selatan,Cabai Rawit,52000.0,False
2020-05,Kalimantan Selatan,Cabai Rawit,45133.333333333336,True
2020-06,Kalimantan Selatan,Cabai Rawit,38266.66666666666,True
2020-07,Kalimantan Selatan,Cabai Rawit,31400.0,False
2020-08,Kalimantan Selatan,Cabai Rawit,33650.0,False
2020-09,Kalimantan Selatan,Cabai Rawit,27250.0,False
2020-10,Kalimantan Selatan,Cabai Rawit,23750.0,False
2020-11,Kalimantan Selatan,Cabai Rawit,27400.0,False
2020-12,Kalimantan Selatan,Cabai Rawit,50000.0,False
2021-01,Kalimantan Selatan,Cabai Rawit,67300.0,True
2021-02,Kalimantan Selatan,Cabai Rawit,84600.0,False
2021-03,Kalimantan Selatan,Cabai Rawit,113350.0,False
2021-04,Kalimantan Selatan,Cabai Rawit,103350.0,False
2021-05,Kalimantan Selatan,Cabai Rawit,70400.0,False
2021-06,Kalimantan Selatan,Cabai Rawit,73325.0,True
2021-07,Kalimantan Selatan,Cabai Rawit,76250.0,False
2021-08,Kalimantan Selatan,Cabai Rawit,57500.0,False
2021-09,Kalimantan Selatan,Cabai Rawit,37850.0,False
2021-10,Kalimantan Selatan,Cabai Rawit,34600.0,False
2021-11,Kalimantan Selatan,Cabai Rawit,31750.0,False
2021-12,Kalimantan Selatan,Cabai Rawit,52150.0,False
2022-01,Kalimantan Selatan,Cabai Rawit,94500.0,False
2022-02,Kalimantan Selatan,Cabai Rawit,87250.0,True
2022-03,Kalimantan Selatan,Cabai Rawit,80000.0,False
2022-04,Kalimantan Selatan,Cabai Rawit,70400.0,False
2022-05,Kalimantan Selatan,Cabai Rawit,80816.66666666667,True
2022-06,Kalimantan Selatan,Cabai Rawit,91233.33333333331,True
2022-07,Kalimantan Selatan,Cabai Rawit,101650.0,False
2022-08,Kalimantan Selatan,Cabai Rawit,77900.0,False
2022-09,Kalimantan Selatan,Cabai Rawit,63750.0,False
2022-10,Kalimantan Selatan,Cabai Rawit,63350.0,False
2022-11,Kalimantan Selatan,Cabai Rawit,48750.0,False
2022-12,Kalimantan Selatan,Cabai Rawit,48750.0,False
2023-01,Kalimantan Selatan,Cabai Rawit,58350.0,False
2023-02,Kalimantan Selatan,Cabai Rawit,49150.0,False
2023-03,Kalimantan Selatan,Cabai Rawit,62100.0,False
2023-04,Kalimantan Selatan,Cabai Rawit,51650.0,False
2023-05,Kalimantan Selatan,Cabai Rawit,48525.0,True
2023-06,Kalimantan Selatan,Cabai Rawit,45400.0,False
2023-07,Kalimantan Selatan,Cabai Rawit,50850.0,False
2023-08,Kalimantan Selatan,Cabai Rawit,55250.0,False
2023-09,Kalimantan Selatan,Cabai Rawit,47900.0,False
2023-10,Kalimantan Selatan,Cabai Rawit,47500.0,False
2023-11,Kalimantan Selatan,Cabai Rawit,73750.0,False
2023-12,Kalimantan Selatan,Cabai Rawit,87900.0,False
2024-01,Kalimantan Selatan,Cabai Rawit,75400.0,False
2024-02,Kalimantan Selatan,Cabai Rawit,39150.0,False
2024-03,Kalimantan Selatan,Cabai Rawit,77100.0,False
2024-04,Kalimantan Selatan,Cabai Rawit,53750.0,False
2024-05,Kalimantan Selatan,Cabai Rawit,51250.0,False
2024-06,Kalimantan Selatan,Cabai Rawit,49150.0,False
2024-07,Kalimantan Selatan,Cabai Rawit,49850.0,False
2024-08,Kalimantan Selatan,Cabai Rawit,77500.0,False
2024-09,Kalimantan Selatan,Cabai Rawit,47500.0,False
2024-10,Kalimantan Selatan,Cabai Rawit,42600.0,False
2024-11,Kalimantan Selatan,Cabai Rawit,32350.0,False
2024-12,Kalimantan Selatan,Cabai Rawit,39600.0,False
2025-01,Kalimantan Selatan,Cabai Rawit,65850.0,False
2025-02,Kalimantan Selatan,Cabai Rawit,73750.0,False
2025-03,Kalimantan Selatan,Cabai Rawit,109600.0,False
2025-04,Kalimantan Selatan,Cabai Rawit,113350.0,False
2025-05,Kalimantan Selatan,Cabai Rawit,69150.0,False
2025-06,Kalimantan Selatan,Cabai Rawit,50850.0,False
2025-07,Kalimantan Selatan,Cabai Rawit,75150.0,False
2025-08,Kalimantan Selatan,Cabai Rawit,58350.0,False
2025-09,Kalimantan Selatan,Cabai Rawit,43350.0,False
2025-10,Kalimantan Selatan,Cabai Rawit,44400.0,False
2025-11,Kalimantan Selatan,Cabai Rawit,26250.0,False
2025-12,Kalimantan Selatan,Cabai Rawit,60000.0,False
2026-01,Kalimantan Selatan,Cabai Rawit,58350.0,False
2026-02,Kalimantan Selatan,Cabai Rawit,62900.0,False
2026-03,Kalimantan Selatan,Cabai Rawit,73350.0,False
2026-04,Kalimantan Selatan,Cabai Rawit,90000.0,False
2026-05,Kalimantan Selatan,Cabai Rawit,64150.0,False
2026-06,Kalimantan Selatan,Cabai Rawit,93350.0,False
2026-07,Kalimantan Selatan,Cabai Rawit,62900.0,False
2020-02,Kalimantan Tengah,Bawang Merah,40000.0,False
2020-03,Kalimantan Tengah,Bawang Merah,37400.0,False
2020-04,Kalimantan Tengah,Bawang Merah,41250.0,False
2020-05,Kalimantan Tengah,Bawang Merah,42916.66666666666,True
2020-06,Kalimantan Tengah,Bawang Merah,44583.333333333336,True
2020-07,Kalimantan Tengah,Bawang Merah,46250.0,False
2020-08,Kalimantan Tengah,Bawang Merah,33650.0,False
2020-09,Kalimantan Tengah,Bawang Merah,32650.0,False
2020-10,Kalimantan Tengah,Bawang Merah,30250.0,False
2020-11,Kalimantan Tengah,Bawang Merah,37000.0,False
2020-12,Kalimantan Tengah,Bawang Merah,41500.0,False
2021-01,Kalimantan Tengah,Bawang Merah,36500.0,True
2021-02,Kalimantan Tengah,Bawang Merah,31500.0,False
2021-03,Kalimantan Tengah,Bawang Merah,35150.0,False
2021-04,Kalimantan Tengah,Bawang Merah,35900.0,False
2021-05,Kalimantan Tengah,Bawang Merah,32900.0,False
2021-06,Kalimantan Tengah,Bawang Merah,33025.0,True
2021-07,Kalimantan Tengah,Bawang Merah,33150.0,False
2021-08,Kalimantan Tengah,Bawang Merah,36650.0,False
2021-09,Kalimantan Tengah,Bawang Merah,31400.0,False
2021-10,Kalimantan Tengah,Bawang Merah,29750.0,False
2021-11,Kalimantan Tengah,Bawang Merah,30150.0,False
2021-12,Kalimantan Tengah,Bawang Merah,29150.0,False
2022-01,Kalimantan Tengah,Bawang Merah,29250.0,False
2022-02,Kalimantan Tengah,Bawang Merah,34125.0,True
2022-03,Kalimantan Tengah,Bawang Merah,39000.0,False
2022-04,Kalimantan Tengah,Bawang Merah,35400.0,False
2022-05,Kalimantan Tengah,Bawang Merah,43483.333333333336,True
2022-06,Kalimantan Tengah,Bawang Merah,51566.66666666666,True
2022-07,Kalimantan Tengah,Bawang Merah,59650.0,False
2022-08,Kalimantan Tengah,Bawang Merah,63750.0,False
2022-09,Kalimantan Tengah,Bawang Merah,36000.0,False
2022-10,Kalimantan Tengah,Bawang Merah,33750.0,False
2022-11,Kalimantan Tengah,Bawang Merah,36400.0,False
2022-12,Kalimantan Tengah,Bawang Merah,41000.0,False
2023-01,Kalimantan Tengah,Bawang Merah,38900.0,False
2023-02,Kalimantan Tengah,Bawang Merah,40400.0,False
2023-03,Kalimantan Tengah,Bawang Merah,39150.0,False
2023-04,Kalimantan Tengah,Bawang Merah,37650.0,False
2023-05,Kalimantan Tengah,Bawang Merah,40200.0,True
2023-06,Kalimantan Tengah,Bawang Merah,42750.0,False
2023-07,Kalimantan Tengah,Bawang Merah,41000.0,False
2023-08,Kalimantan Tengah,Bawang Merah,33150.0,False
2023-09,Kalimantan Tengah,Bawang Merah,27650.0,False
2023-10,Kalimantan Tengah,Bawang Merah,25500.0,False
2023-11,Kalimantan Tengah,Bawang Merah,24150.0,False
2023-12,Kalimantan Tengah,Bawang Merah,32650.0,False
2024-01,Kalimantan Tengah,Bawang Merah,38750.0,False
2024-02,Kalimantan Tengah,Bawang Merah,37900.0,False
2024-03,Kalimantan Tengah,Bawang Merah,35650.0,False
2024-04,Kalimantan Tengah,Bawang Merah,35000.0,False
2024-05,Kalimantan Tengah,Bawang Merah,51500.0,False
2024-06,Kalimantan Tengah,Bawang Merah,46000.0,False
2024-07,Kalimantan Tengah,Bawang Merah,41400.0,False
2024-08,Kalimantan Tengah,Bawang Merah,28150.0,False
2024-09,Kalimantan Tengah,Bawang Merah,27500.0,False
2024-10,Kalimantan Tengah,Bawang Merah,29750.0,False
2024-11,Kalimantan Tengah,Bawang Merah,33150.0,False
2024-12,Kalimantan Tengah,Bawang Merah,44150.0,False
2025-01,Kalimantan Tengah,Bawang Merah,44000.0,False
2025-02,Kalimantan Tengah,Bawang Merah,34750.0,False
2025-03,Kalimantan Tengah,Bawang Merah,35900.0,False
2025-04,Kalimantan Tengah,Bawang Merah,45400.0,False
2025-05,Kalimantan Tengah,Bawang Merah,40250.0,False
2025-06,Kalimantan Tengah,Bawang Merah,39500.0,False
2025-07,Kalimantan Tengah,Bawang Merah,52500.0,False
2025-08,Kalimantan Tengah,Bawang Merah,58250.0,False
2025-09,Kalimantan Tengah,Bawang Merah,49900.0,False
2025-10,Kalimantan Tengah,Bawang Merah,38650.0,False
2025-11,Kalimantan Tengah,Bawang Merah,41500.0,False
2025-12,Kalimantan Tengah,Bawang Merah,45750.0,False
2026-01,Kalimantan Tengah,Bawang Merah,55250.0,False
2026-02,Kalimantan Tengah,Bawang Merah,39900.0,False
2026-03,Kalimantan Tengah,Bawang Merah,43650.0,False
2026-04,Kalimantan Tengah,Bawang Merah,48250.0,False
2026-05,Kalimantan Tengah,Bawang Merah,46400.0,False
2026-06,Kalimantan Tengah,Bawang Merah,49900.0,False
2026-07,Kalimantan Tengah,Bawang Merah,46000.0,False
2020-02,Kalimantan Tengah,Beras,13450.0,False
2020-03,Kalimantan Tengah,Beras,13600.0,False
2020-04,Kalimantan Tengah,Beras,13850.0,False
2020-05,Kalimantan Tengah,Beras,13800.0,True
2020-06,Kalimantan Tengah,Beras,13750.0,True
2020-07,Kalimantan Tengah,Beras,13700.0,False
2020-08,Kalimantan Tengah,Beras,13700.0,False
2020-09,Kalimantan Tengah,Beras,13950.0,False
2020-10,Kalimantan Tengah,Beras,13850.0,False
2020-11,Kalimantan Tengah,Beras,13950.0,False
2020-12,Kalimantan Tengah,Beras,13850.0,False
2021-01,Kalimantan Tengah,Beras,13850.0,True
2021-02,Kalimantan Tengah,Beras,13850.0,False
2021-03,Kalimantan Tengah,Beras,13700.0,False
2021-04,Kalimantan Tengah,Beras,13600.0,False
2021-05,Kalimantan Tengah,Beras,13950.0,False
2021-06,Kalimantan Tengah,Beras,13900.0,True
2021-07,Kalimantan Tengah,Beras,13850.0,False
2021-08,Kalimantan Tengah,Beras,13850.0,False
2021-09,Kalimantan Tengah,Beras,13850.0,False
2021-10,Kalimantan Tengah,Beras,13850.0,False
2021-11,Kalimantan Tengah,Beras,13850.0,False
2021-12,Kalimantan Tengah,Beras,13850.0,False
2022-01,Kalimantan Tengah,Beras,13850.0,False
2022-02,Kalimantan Tengah,Beras,13925.0,True
2022-03,Kalimantan Tengah,Beras,14000.0,False
2022-04,Kalimantan Tengah,Beras,14000.0,False
2022-05,Kalimantan Tengah,Beras,14166.666666666666,True
2022-06,Kalimantan Tengah,Beras,14333.333333333334,True
2022-07,Kalimantan Tengah,Beras,14500.0,False
2022-08,Kalimantan Tengah,Beras,14500.0,False
2022-09,Kalimantan Tengah,Beras,14600.0,False
2022-10,Kalimantan Tengah,Beras,14350.0,False
2022-11,Kalimantan Tengah,Beras,14350.0,False
2022-12,Kalimantan Tengah,Beras,14350.0,False
2023-01,Kalimantan Tengah,Beras,15150.0,False
2023-02,Kalimantan Tengah,Beras,15250.0,False
2023-03,Kalimantan Tengah,Beras,15500.0,False
2023-04,Kalimantan Tengah,Beras,15750.0,False
2023-05,Kalimantan Tengah,Beras,15950.0,True
2023-06,Kalimantan Tengah,Beras,16150.0,False
2023-07,Kalimantan Tengah,Beras,16150.0,False
2023-08,Kalimantan Tengah,Beras,16150.0,False
2023-09,Kalimantan Tengah,Beras,16150.0,False
2023-10,Kalimantan Tengah,Beras,16400.0,False
2023-11,Kalimantan Tengah,Beras,17450.0,False
2023-12,Kalimantan Tengah,Beras,17600.0,False
2024-01,Kalimantan Tengah,Beras,17450.0,False
2024-02,Kalimantan Tengah,Beras,17450.0,False
2024-03,Kalimantan Tengah,Beras,18500.0,False
2024-04,Kalimantan Tengah,Beras,18600.0,False
2024-05,Kalimantan Tengah,Beras,18400.0,False
2024-06,Kalimantan Tengah,Beras,18200.0,False
2024-07,Kalimantan Tengah,Beras,18250.0,False
2024-08,Kalimantan Tengah,Beras,18500.0,False
2024-09,Kalimantan Tengah,Beras,18500.0,False
2024-10,Kalimantan Tengah,Beras,18250.0,False
2024-11,Kalimantan Tengah,Beras,18200.0,False
2024-12,Kalimantan Tengah,Beras,18200.0,False
2025-01,Kalimantan Tengah,Beras,18200.0,False
2025-02,Kalimantan Tengah,Beras,17950.0,False
2025-03,Kalimantan Tengah,Beras,17950.0,False
2025-04,Kalimantan Tengah,Beras,18200.0,False
2025-05,Kalimantan Tengah,Beras,18200.0,False
2025-06,Kalimantan Tengah,Beras,18200.0,False
2025-07,Kalimantan Tengah,Beras,18350.0,False
2025-08,Kalimantan Tengah,Beras,18350.0,False
2025-09,Kalimantan Tengah,Beras,18550.0,False
2025-10,Kalimantan Tengah,Beras,18650.0,False
2025-11,Kalimantan Tengah,Beras,18700.0,False
2025-12,Kalimantan Tengah,Beras,18650.0,False
2026-01,Kalimantan Tengah,Beras,18650.0,False
2026-02,Kalimantan Tengah,Beras,18200.0,False
2026-03,Kalimantan Tengah,Beras,18200.0,False
2026-04,Kalimantan Tengah,Beras,18600.0,False
2026-05,Kalimantan Tengah,Beras,19100.0,False
2026-06,Kalimantan Tengah,Beras,19150.0,False
2026-07,Kalimantan Tengah,Beras,19250.0,False
2020-02,Kalimantan Tengah,Cabai Besar,57500.0,False
2020-03,Kalimantan Tengah,Cabai Besar,50000.0,False
2020-04,Kalimantan Tengah,Cabai Besar,50000.0,False
2020-05,Kalimantan Tengah,Cabai Besar,49383.333333333336,True
2020-06,Kalimantan Tengah,Cabai Besar,48766.66666666666,True
2020-07,Kalimantan Tengah,Cabai Besar,48150.0,False
2020-08,Kalimantan Tengah,Cabai Besar,48750.0,False
2020-09,Kalimantan Tengah,Cabai Besar,48750.0,False
2020-10,Kalimantan Tengah,Cabai Besar,48750.0,False
2020-11,Kalimantan Tengah,Cabai Besar,46900.0,False
2020-12,Kalimantan Tengah,Cabai Besar,61250.0,False
2021-01,Kalimantan Tengah,Cabai Besar,68750.0,True
2021-02,Kalimantan Tengah,Cabai Besar,76250.0,False
2021-03,Kalimantan Tengah,Cabai Besar,65000.0,False
2021-04,Kalimantan Tengah,Cabai Besar,74400.0,False
2021-05,Kalimantan Tengah,Cabai Besar,72500.0,False
2021-06,Kalimantan Tengah,Cabai Besar,68125.0,True
2021-07,Kalimantan Tengah,Cabai Besar,63750.0,False
2021-08,Kalimantan Tengah,Cabai Besar,62500.0,False
2021-09,Kalimantan Tengah,Cabai Besar,49400.0,False
2021-10,Kalimantan Tengah,Cabai Besar,43750.0,False
2021-11,Kalimantan Tengah,Cabai Besar,44400.0,False
2021-12,Kalimantan Tengah,Cabai Besar,96250.0,False
2022-01,Kalimantan Tengah,Cabai Besar,76900.0,False
2022-02,Kalimantan Tengah,Cabai Besar,78150.0,True
2022-03,Kalimantan Tengah,Cabai Besar,79400.0,False
2022-04,Kalimantan Tengah,Cabai Besar,74400.0,False
2022-05,Kalimantan Tengah,Cabai Besar,82933.33333333333,True
2022-06,Kalimantan Tengah,Cabai Besar,91466.66666666669,True
2022-07,Kalimantan Tengah,Cabai Besar,100000.0,False
2022-08,Kalimantan Tengah,Cabai Besar,100000.0,False
2022-09,Kalimantan Tengah,Cabai Besar,91250.0,False
2022-10,Kalimantan Tengah,Cabai Besar,84400.0,False
2022-11,Kalimantan Tengah,Cabai Besar,68150.0,False
2022-12,Kalimantan Tengah,Cabai Besar,66250.0,False
2023-01,Kalimantan Tengah,Cabai Besar,60650.0,False
2023-02,Kalimantan Tengah,Cabai Besar,50650.0,False
2023-03,Kalimantan Tengah,Cabai Besar,60650.0,False
2023-04,Kalimantan Tengah,Cabai Besar,66250.0,False
2023-05,Kalimantan Tengah,Cabai Besar,70000.0,True
2023-06,Kalimantan Tengah,Cabai Besar,73750.0,False
2023-07,Kalimantan Tengah,Cabai Besar,76250.0,False
2023-08,Kalimantan Tengah,Cabai Besar,69000.0,False
2023-09,Kalimantan Tengah,Cabai Besar,63750.0,False
2023-10,Kalimantan Tengah,Cabai Besar,66900.0,False
2023-11,Kalimantan Tengah,Cabai Besar,76900.0,False
2023-12,Kalimantan Tengah,Cabai Besar,110000.0,False
2024-01,Kalimantan Tengah,Cabai Besar,81900.0,False
2024-02,Kalimantan Tengah,Cabai Besar,95000.0,False
2024-03,Kalimantan Tengah,Cabai Besar,97500.0,False
2024-04,Kalimantan Tengah,Cabai Besar,91250.0,False
2024-05,Kalimantan Tengah,Cabai Besar,72500.0,False
2024-06,Kalimantan Tengah,Cabai Besar,77500.0,False
2024-07,Kalimantan Tengah,Cabai Besar,80000.0,False
2024-08,Kalimantan Tengah,Cabai Besar,73750.0,False
2024-09,Kalimantan Tengah,Cabai Besar,65000.0,False
2024-10,Kalimantan Tengah,Cabai Besar,61250.0,False
2024-11,Kalimantan Tengah,Cabai Besar,52500.0,False
2024-12,Kalimantan Tengah,Cabai Besar,55000.0,False
2025-01,Kalimantan Tengah,Cabai Besar,98750.0,False
2025-02,Kalimantan Tengah,Cabai Besar,88750.0,False
2025-03,Kalimantan Tengah,Cabai Besar,98150.0,False
2025-04,Kalimantan Tengah,Cabai Besar,108750.0,False
2025-05,Kalimantan Tengah,Cabai Besar,96250.0,False
2025-06,Kalimantan Tengah,Cabai Besar,75000.0,False
2025-07,Kalimantan Tengah,Cabai Besar,83750.0,False
2025-08,Kalimantan Tengah,Cabai Besar,80000.0,False
2025-09,Kalimantan Tengah,Cabai Besar,76250.0,False
2025-10,Kalimantan Tengah,Cabai Besar,73750.0,False
2025-11,Kalimantan Tengah,Cabai Besar,54400.0,False
2025-12,Kalimantan Tengah,Cabai Besar,105000.0,False
2026-01,Kalimantan Tengah,Cabai Besar,100650.0,False
2026-02,Kalimantan Tengah,Cabai Besar,68750.0,False
2026-03,Kalimantan Tengah,Cabai Besar,75650.0,False
2026-04,Kalimantan Tengah,Cabai Besar,82500.0,False
2026-05,Kalimantan Tengah,Cabai Besar,73150.0,False
2026-06,Kalimantan Tengah,Cabai Besar,103750.0,False
2026-07,Kalimantan Tengah,Cabai Besar,83750.0,False
2020-02,Kalimantan Tengah,Cabai Rawit,70650.0,False
2020-03,Kalimantan Tengah,Cabai Rawit,46900.0,False
2020-04,Kalimantan Tengah,Cabai Rawit,61250.0,False
2020-05,Kalimantan Tengah,Cabai Rawit,55083.333333333336,True
2020-06,Kalimantan Tengah,Cabai Rawit,48916.66666666666,True
2020-07,Kalimantan Tengah,Cabai Rawit,42750.0,False
2020-08,Kalimantan Tengah,Cabai Rawit,47250.0,False
2020-09,Kalimantan Tengah,Cabai Rawit,40650.0,False
2020-10,Kalimantan Tengah,Cabai Rawit,34250.0,False
2020-11,Kalimantan Tengah,Cabai Rawit,38150.0,False
2020-12,Kalimantan Tengah,Cabai Rawit,61250.0,False
2021-01,Kalimantan Tengah,Cabai Rawit,73750.0,True
2021-02,Kalimantan Tengah,Cabai Rawit,86250.0,False
2021-03,Kalimantan Tengah,Cabai Rawit,125000.0,False
2021-04,Kalimantan Tengah,Cabai Rawit,125000.0,False
2021-05,Kalimantan Tengah,Cabai Rawit,79400.0,False
2021-06,Kalimantan Tengah,Cabai Rawit,74400.0,True
2021-07,Kalimantan Tengah,Cabai Rawit,69400.0,False
2021-08,Kalimantan Tengah,Cabai Rawit,70000.0,False
2021-09,Kalimantan Tengah,Cabai Rawit,43150.0,False
2021-10,Kalimantan Tengah,Cabai Rawit,40400.0,False
2021-11,Kalimantan Tengah,Cabai Rawit,37250.0,False
2021-12,Kalimantan Tengah,Cabai Rawit,71250.0,False
2022-01,Kalimantan Tengah,Cabai Rawit,121250.0,False
2022-02,Kalimantan Tengah,Cabai Rawit,100000.0,True
2022-03,Kalimantan Tengah,Cabai Rawit,78750.0,False
2022-04,Kalimantan Tengah,Cabai Rawit,80000.0,False
2022-05,Kalimantan Tengah,Cabai Rawit,93333.33333333331,True
2022-06,Kalimantan Tengah,Cabai Rawit,106666.66666666669,True
2022-07,Kalimantan Tengah,Cabai Rawit,120000.0,False
2022-08,Kalimantan Tengah,Cabai Rawit,88750.0,False
2022-09,Kalimantan Tengah,Cabai Rawit,71250.0,False
2022-10,Kalimantan Tengah,Cabai Rawit,75000.0,False
2022-11,Kalimantan Tengah,Cabai Rawit,56900.0,False
2022-12,Kalimantan Tengah,Cabai Rawit,56250.0,False
2023-01,Kalimantan Tengah,Cabai Rawit,63150.0,False
2023-02,Kalimantan Tengah,Cabai Rawit,51900.0,False
2023-03,Kalimantan Tengah,Cabai Rawit,66900.0,False
2023-04,Kalimantan Tengah,Cabai Rawit,58150.0,False
2023-05,Kalimantan Tengah,Cabai Rawit,54400.0,True
2023-06,Kalimantan Tengah,Cabai Rawit,50650.0,False
2023-07,Kalimantan Tengah,Cabai Rawit,65000.0,False
2023-08,Kalimantan Tengah,Cabai Rawit,65000.0,False
2023-09,Kalimantan Tengah,Cabai Rawit,52500.0,False
2023-10,Kalimantan Tengah,Cabai Rawit,73150.0,False
2023-11,Kalimantan Tengah,Cabai Rawit,96250.0,False
2023-12,Kalimantan Tengah,Cabai Rawit,116250.0,False
2024-01,Kalimantan Tengah,Cabai Rawit,81250.0,False
2024-02,Kalimantan Tengah,Cabai Rawit,45650.0,False
2024-03,Kalimantan Tengah,Cabai Rawit,98750.0,False
2024-04,Kalimantan Tengah,Cabai Rawit,72500.0,False
2024-05,Kalimantan Tengah,Cabai Rawit,70000.0,False
2024-06,Kalimantan Tengah,Cabai Rawit,57500.0,False
2024-07,Kalimantan Tengah,Cabai Rawit,61900.0,False
2024-08,Kalimantan Tengah,Cabai Rawit,87500.0,False
2024-09,Kalimantan Tengah,Cabai Rawit,67500.0,False
2024-10,Kalimantan Tengah,Cabai Rawit,65000.0,False
2024-11,Kalimantan Tengah,Cabai Rawit,50000.0,False
2024-12,Kalimantan Tengah,Cabai Rawit,51250.0,False
2025-01,Kalimantan Tengah,Cabai Rawit,83150.0,False
2025-02,Kalimantan Tengah,Cabai Rawit,86250.0,False
2025-03,Kalimantan Tengah,Cabai Rawit,127500.0,False
2025-04,Kalimantan Tengah,Cabai Rawit,137500.0,False
2025-05,Kalimantan Tengah,Cabai Rawit,87500.0,False
2025-06,Kalimantan Tengah,Cabai Rawit,63750.0,False
2025-07,Kalimantan Tengah,Cabai Rawit,97500.0,False
2025-08,Kalimantan Tengah,Cabai Rawit,76250.0,False
2025-09,Kalimantan Tengah,Cabai Rawit,58150.0,False
2025-10,Kalimantan Tengah,Cabai Rawit,66900.0,False
2025-11,Kalimantan Tengah,Cabai Rawit,38150.0,False
2025-12,Kalimantan Tengah,Cabai Rawit,80650.0,False
2026-01,Kalimantan Tengah,Cabai Rawit,106250.0,False
2026-02,Kalimantan Tengah,Cabai Rawit,79400.0,False
2026-03,Kalimantan Tengah,Cabai Rawit,93750.0,False
2026-04,Kalimantan Tengah,Cabai Rawit,114400.0,False
2026-05,Kalimantan Tengah,Cabai Rawit,81250.0,False
2026-06,Kalimantan Tengah,Cabai Rawit,103150.0,False
2026-07,Kalimantan Tengah,Cabai Rawit,85650.0,False
2020-02,Kalimantan Timur,Bawang Merah,47900.0,False
2020-03,Kalimantan Timur,Bawang Merah,37900.0,False
2020-04,Kalimantan Timur,Bawang Merah,39600.0,False
2020-05,Kalimantan Timur,Bawang Merah,52925.0,True
2020-06,Kalimantan Timur,Bawang Merah,66250.0,False
2020-07,Kalimantan Timur,Bawang Merah,47350.0,False
2020-08,Kalimantan Timur,Bawang Merah,33100.0,False
2020-09,Kalimantan Timur,Bawang Merah,29750.0,False
2020-10,Kalimantan Timur,Bawang Merah,30350.0,False
2020-11,Kalimantan Timur,Bawang Merah,38500.0,False
2020-12,Kalimantan Timur,Bawang Merah,41400.0,False
2021-01,Kalimantan Timur,Bawang Merah,34950.0,True
2021-02,Kalimantan Timur,Bawang Merah,28500.0,False
2021-03,Kalimantan Timur,Bawang Merah,30500.0,False
2021-04,Kalimantan Timur,Bawang Merah,33250.0,False
2021-05,Kalimantan Timur,Bawang Merah,29150.0,False
2021-06,Kalimantan Timur,Bawang Merah,29450.0,True
2021-07,Kalimantan Timur,Bawang Merah,29750.0,False
2021-08,Kalimantan Timur,Bawang Merah,37900.0,False
2021-09,Kalimantan Timur,Bawang Merah,34650.0,False
2021-10,Kalimantan Timur,Bawang Merah,31150.0,False
2021-11,Kalimantan Timur,Bawang Merah,28150.0,False
2021-12,Kalimantan Timur,Bawang Merah,26400.0,False
2022-01,Kalimantan Timur,Bawang Merah,30350.0,False
2022-02,Kalimantan Timur,Bawang Merah,33675.0,True
2022-03,Kalimantan Timur,Bawang Merah,37000.0,False
2022-04,Kalimantan Timur,Bawang Merah,34900.0,False
2022-05,Kalimantan Timur,Bawang Merah,43816.66666666666,True
2022-06,Kalimantan Timur,Bawang Merah,52733.33333333333,True
2022-07,Kalimantan Timur,Bawang Merah,61650.0,False
2022-08,Kalimantan Timur,Bawang Merah,60600.0,False
2022-09,Kalimantan Timur,Bawang Merah,40650.0,False
2022-10,Kalimantan Timur,Bawang Merah,36600.0,False
2022-11,Kalimantan Timur,Bawang Merah,36600.0,False
2022-12,Kalimantan Timur,Bawang Merah,42350.0,False
2023-01,Kalimantan Timur,Bawang Merah,40250.0,False
2023-02,Kalimantan Timur,Bawang Merah,41500.0,False
2023-03,Kalimantan Timur,Bawang Merah,40250.0,False
2023-04,Kalimantan Timur,Bawang Merah,34600.0,False
2023-05,Kalimantan Timur,Bawang Merah,37925.0,True
2023-06,Kalimantan Timur,Bawang Merah,41250.0,False
2023-07,Kalimantan Timur,Bawang Merah,41900.0,False
2023-08,Kalimantan Timur,Bawang Merah,37100.0,False
2023-09,Kalimantan Timur,Bawang Merah,31400.0,False
2023-10,Kalimantan Timur,Bawang Merah,29500.0,False
2023-11,Kalimantan Timur,Bawang Merah,27950.0,False
2023-12,Kalimantan Timur,Bawang Merah,33650.0,False
2024-01,Kalimantan Timur,Bawang Merah,43400.0,False
2024-02,Kalimantan Timur,Bawang Merah,43650.0,False
2024-03,Kalimantan Timur,Bawang Merah,38000.0,False
2024-04,Kalimantan Timur,Bawang Merah,36750.0,False
2024-05,Kalimantan Timur,Bawang Merah,56500.0,False
2024-06,Kalimantan Timur,Bawang Merah,45250.0,False
2024-07,Kalimantan Timur,Bawang Merah,40150.0,False
2024-08,Kalimantan Timur,Bawang Merah,30750.0,False
2024-09,Kalimantan Timur,Bawang Merah,28400.0,False
2024-10,Kalimantan Timur,Bawang Merah,30500.0,False
2024-11,Kalimantan Timur,Bawang Merah,35000.0,False
2024-12,Kalimantan Timur,Bawang Merah,44750.0,False
2025-01,Kalimantan Timur,Bawang Merah,45850.0,False
2025-02,Kalimantan Timur,Bawang Merah,39250.0,False
2025-03,Kalimantan Timur,Bawang Merah,42900.0,False
2025-04,Kalimantan Timur,Bawang Merah,49400.0,False
2025-05,Kalimantan Timur,Bawang Merah,41000.0,False
2025-06,Kalimantan Timur,Bawang Merah,40400.0,False
2025-07,Kalimantan Timur,Bawang Merah,51900.0,False
2025-08,Kalimantan Timur,Bawang Merah,55150.0,False
2025-09,Kalimantan Timur,Bawang Merah,50850.0,False
2025-10,Kalimantan Timur,Bawang Merah,41150.0,False
2025-11,Kalimantan Timur,Bawang Merah,41000.0,False
2025-12,Kalimantan Timur,Bawang Merah,47750.0,False
2026-01,Kalimantan Timur,Bawang Merah,52650.0,False
2026-02,Kalimantan Timur,Bawang Merah,44150.0,False
2026-03,Kalimantan Timur,Bawang Merah,44600.0,False
2026-04,Kalimantan Timur,Bawang Merah,50850.0,False
2026-05,Kalimantan Timur,Bawang Merah,48350.0,False
2026-06,Kalimantan Timur,Bawang Merah,52500.0,False
2026-07,Kalimantan Timur,Bawang Merah,50250.0,False
2020-02,Kalimantan Timur,Beras,12750.0,False
2020-03,Kalimantan Timur,Beras,12650.0,False
2020-04,Kalimantan Timur,Beras,12650.0,False
2020-05,Kalimantan Timur,Beras,12575.0,True
2020-06,Kalimantan Timur,Beras,12500.0,False
2020-07,Kalimantan Timur,Beras,12800.0,False
2020-08,Kalimantan Timur,Beras,12800.0,False
2020-09,Kalimantan Timur,Beras,12950.0,False
2020-10,Kalimantan Timur,Beras,12950.0,False
2020-11,Kalimantan Timur,Beras,12800.0,False
2020-12,Kalimantan Timur,Beras,12700.0,False
2021-01,Kalimantan Timur,Beras,12675.0,True
2021-02,Kalimantan Timur,Beras,12650.0,False
2021-03,Kalimantan Timur,Beras,12650.0,False
2021-04,Kalimantan Timur,Beras,12700.0,False
2021-05,Kalimantan Timur,Beras,12700.0,False
2021-06,Kalimantan Timur,Beras,12700.0,True
2021-07,Kalimantan Timur,Beras,12700.0,False
2021-08,Kalimantan Timur,Beras,12150.0,False
2021-09,Kalimantan Timur,Beras,12350.0,False
2021-10,Kalimantan Timur,Beras,12200.0,False
2021-11,Kalimantan Timur,Beras,12200.0,False
2021-12,Kalimantan Timur,Beras,12350.0,False
2022-01,Kalimantan Timur,Beras,12350.0,False
2022-02,Kalimantan Timur,Beras,12400.0,True
2022-03,Kalimantan Timur,Beras,12450.0,False
2022-04,Kalimantan Timur,Beras,12450.0,False
2022-05,Kalimantan Timur,Beras,12483.333333333334,True
2022-06,Kalimantan Timur,Beras,12516.666666666666,True
2022-07,Kalimantan Timur,Beras,12550.0,False
2022-08,Kalimantan Timur,Beras,12650.0,False
2022-09,Kalimantan Timur,Beras,12800.0,False
2022-10,Kalimantan Timur,Beras,12800.0,False
2022-11,Kalimantan Timur,Beras,12850.0,False
2022-12,Kalimantan Timur,Beras,12800.0,False
2023-01,Kalimantan Timur,Beras,13150.0,False
2023-02,Kalimantan Timur,Beras,13250.0,False
2023-03,Kalimantan Timur,Beras,13750.0,False
2023-04,Kalimantan Timur,Beras,14000.0,False
2023-05,Kalimantan Timur,Beras,14125.0,True
2023-06,Kalimantan Timur,Beras,14250.0,False
2023-07,Kalimantan Timur,Beras,14450.0,False
2023-08,Kalimantan Timur,Beras,14450.0,False
2023-09,Kalimantan Timur,Beras,14450.0,False
2023-10,Kalimantan Timur,Beras,15200.0,False
2023-11,Kalimantan Timur,Beras,15300.0,False
2023-12,Kalimantan Timur,Beras,15400.0,False
2024-01,Kalimantan Timur,Beras,15550.0,False
2024-02,Kalimantan Timur,Beras,15600.0,False
2024-03,Kalimantan Timur,Beras,16450.0,False
2024-04,Kalimantan Timur,Beras,16900.0,False
2024-05,Kalimantan Timur,Beras,16850.0,False
2024-06,Kalimantan Timur,Beras,16850.0,False
2024-07,Kalimantan Timur,Beras,16900.0,False
2024-08,Kalimantan Timur,Beras,16900.0,False
2024-09,Kalimantan Timur,Beras,16900.0,False
2024-10,Kalimantan Timur,Beras,16700.0,False
2024-11,Kalimantan Timur,Beras,16800.0,False
2024-12,Kalimantan Timur,Beras,17250.0,False
2025-01,Kalimantan Timur,Beras,17150.0,False
2025-02,Kalimantan Timur,Beras,17050.0,False
2025-03,Kalimantan Timur,Beras,17100.0,False
2025-04,Kalimantan Timur,Beras,16800.0,False
2025-05,Kalimantan Timur,Beras,16700.0,False
2025-06,Kalimantan Timur,Beras,16800.0,False
2025-07,Kalimantan Timur,Beras,17050.0,False
2025-08,Kalimantan Timur,Beras,17100.0,False
2025-09,Kalimantan Timur,Beras,17100.0,False
2025-10,Kalimantan Timur,Beras,17150.0,False
2025-11,Kalimantan Timur,Beras,17050.0,False
2025-12,Kalimantan Timur,Beras,17050.0,False
2026-01,Kalimantan Timur,Beras,16900.0,False
2026-02,Kalimantan Timur,Beras,16850.0,False
2026-03,Kalimantan Timur,Beras,16850.0,False
2026-04,Kalimantan Timur,Beras,16750.0,False
2026-05,Kalimantan Timur,Beras,16850.0,False
2026-06,Kalimantan Timur,Beras,16900.0,False
2026-07,Kalimantan Timur,Beras,17150.0,False
2020-02,Kalimantan Timur,Cabai Besar,51250.0,False
2020-03,Kalimantan Timur,Cabai Besar,43350.0,False
2020-04,Kalimantan Timur,Cabai Besar,34600.0,False
2020-05,Kalimantan Timur,Cabai Besar,34800.0,True
2020-06,Kalimantan Timur,Cabai Besar,35000.0,False
2020-07,Kalimantan Timur,Cabai Besar,31250.0,False
2020-08,Kalimantan Timur,Cabai Besar,60400.0,False
2020-09,Kalimantan Timur,Cabai Besar,34600.0,False
2020-10,Kalimantan Timur,Cabai Besar,44150.0,False
2020-11,Kalimantan Timur,Cabai Besar,45000.0,False
2020-12,Kalimantan Timur,Cabai Besar,45850.0,False
2021-01,Kalimantan Timur,Cabai Besar,43350.0,True
2021-02,Kalimantan Timur,Cabai Besar,40850.0,False
2021-03,Kalimantan Timur,Cabai Besar,40850.0,False
2021-04,Kalimantan Timur,Cabai Besar,47100.0,False
2021-05,Kalimantan Timur,Cabai Besar,42900.0,False
2021-06,Kalimantan Timur,Cabai Besar,43750.0,True
2021-07,Kalimantan Timur,Cabai Besar,44600.0,False
2021-08,Kalimantan Timur,Cabai Besar,42500.0,False
2021-09,Kalimantan Timur,Cabai Besar,31350.0,False
2021-10,Kalimantan Timur,Cabai Besar,29400.0,False
2021-11,Kalimantan Timur,Cabai Besar,29150.0,False
2021-12,Kalimantan Timur,Cabai Besar,49000.0,False
2022-01,Kalimantan Timur,Cabai Besar,67100.0,False
2022-02,Kalimantan Timur,Cabai Besar,62300.0,True
2022-03,Kalimantan Timur,Cabai Besar,57500.0,False
2022-04,Kalimantan Timur,Cabai Besar,60400.0,False
2022-05,Kalimantan Timur,Cabai Besar,62766.66666666666,True
2022-06,Kalimantan Timur,Cabai Besar,65133.333333333336,True
2022-07,Kalimantan Timur,Cabai Besar,67500.0,False
2022-08,Kalimantan Timur,Cabai Besar,74150.0,False
2022-09,Kalimantan Timur,Cabai Besar,60850.0,False
2022-10,Kalimantan Timur,Cabai Besar,56250.0,False
2022-11,Kalimantan Timur,Cabai Besar,45400.0,False
2022-12,Kalimantan Timur,Cabai Besar,43350.0,False
2023-01,Kalimantan Timur,Cabai Besar,41250.0,False
2023-02,Kalimantan Timur,Cabai Besar,42500.0,False
2023-03,Kalimantan Timur,Cabai Besar,54150.0,False
2023-04,Kalimantan Timur,Cabai Besar,56250.0,False
2023-05,Kalimantan Timur,Cabai Besar,56875.0,True
2023-06,Kalimantan Timur,Cabai Besar,57500.0,False
2023-07,Kalimantan Timur,Cabai Besar,60400.0,False
2023-08,Kalimantan Timur,Cabai Besar,44150.0,False
2023-09,Kalimantan Timur,Cabai Besar,45000.0,False
2023-10,Kalimantan Timur,Cabai Besar,42900.0,False
2023-11,Kalimantan Timur,Cabai Besar,49150.0,False
2023-12,Kalimantan Timur,Cabai Besar,77100.0,False
2024-01,Kalimantan Timur,Cabai Besar,76250.0,False
2024-02,Kalimantan Timur,Cabai Besar,69600.0,False
2024-03,Kalimantan Timur,Cabai Besar,78350.0,False
2024-04,Kalimantan Timur,Cabai Besar,57100.0,False
2024-05,Kalimantan Timur,Cabai Besar,57500.0,False
2024-06,Kalimantan Timur,Cabai Besar,52900.0,False
2024-07,Kalimantan Timur,Cabai Besar,59600.0,False
2024-08,Kalimantan Timur,Cabai Besar,49600.0,False
2024-09,Kalimantan Timur,Cabai Besar,45000.0,False
2024-10,Kalimantan Timur,Cabai Besar,35000.0,False
2024-11,Kalimantan Timur,Cabai Besar,33750.0,False
2024-12,Kalimantan Timur,Cabai Besar,40000.0,False
2025-01,Kalimantan Timur,Cabai Besar,61250.0,False
2025-02,Kalimantan Timur,Cabai Besar,58600.0,False
2025-03,Kalimantan Timur,Cabai Besar,59150.0,False
2025-04,Kalimantan Timur,Cabai Besar,73750.0,False
2025-05,Kalimantan Timur,Cabai Besar,68750.0,False
2025-06,Kalimantan Timur,Cabai Besar,59150.0,False
2025-07,Kalimantan Timur,Cabai Besar,45400.0,False
2025-08,Kalimantan Timur,Cabai Besar,53750.0,False
2025-09,Kalimantan Timur,Cabai Besar,51250.0,False
2025-10,Kalimantan Timur,Cabai Besar,50850.0,False
2025-11,Kalimantan Timur,Cabai Besar,46250.0,False
2025-12,Kalimantan Timur,Cabai Besar,65850.0,False
2026-01,Kalimantan Timur,Cabai Besar,47900.0,False
2026-02,Kalimantan Timur,Cabai Besar,37100.0,False
2026-03,Kalimantan Timur,Cabai Besar,40000.0,False
2026-04,Kalimantan Timur,Cabai Besar,52900.0,False
2026-05,Kalimantan Timur,Cabai Besar,45400.0,False
2026-06,Kalimantan Timur,Cabai Besar,82500.0,False
2026-07,Kalimantan Timur,Cabai Besar,68750.0,False
2020-02,Kalimantan Timur,Cabai Rawit,60450.0,False
2020-03,Kalimantan Timur,Cabai Rawit,32350.0,False
2020-04,Kalimantan Timur,Cabai Rawit,45000.0,False
2020-05,Kalimantan Timur,Cabai Rawit,37250.0,True
2020-06,Kalimantan Timur,Cabai Rawit,29500.0,False
2020-07,Kalimantan Timur,Cabai Rawit,28850.0,False
2020-08,Kalimantan Timur,Cabai Rawit,43350.0,False
2020-09,Kalimantan Timur,Cabai Rawit,29400.0,False
2020-10,Kalimantan Timur,Cabai Rawit,27250.0,False
2020-11,Kalimantan Timur,Cabai Rawit,32850.0,False
2020-12,Kalimantan Timur,Cabai Rawit,42500.0,False
2021-01,Kalimantan Timur,Cabai Rawit,51675.0,True
2021-02,Kalimantan Timur,Cabai Rawit,60850.0,False
2021-03,Kalimantan Timur,Cabai Rawit,92500.0,False
2021-04,Kalimantan Timur,Cabai Rawit,90000.0,False
2021-05,Kalimantan Timur,Cabai Rawit,59150.0,False
2021-06,Kalimantan Timur,Cabai Rawit,63525.0,True
2021-07,Kalimantan Timur,Cabai Rawit,67900.0,False
2021-08,Kalimantan Timur,Cabai Rawit,47500.0,False
2021-09,Kalimantan Timur,Cabai Rawit,32500.0,False
2021-10,Kalimantan Timur,Cabai Rawit,32900.0,False
2021-11,Kalimantan Timur,Cabai Rawit,31000.0,False
2021-12,Kalimantan Timur,Cabai Rawit,45000.0,False
2022-01,Kalimantan Timur,Cabai Rawit,105850.0,False
2022-02,Kalimantan Timur,Cabai Rawit,86875.0,True
2022-03,Kalimantan Timur,Cabai Rawit,67900.0,False
2022-04,Kalimantan Timur,Cabai Rawit,69150.0,False
2022-05,Kalimantan Timur,Cabai Rawit,80816.66666666667,True
2022-06,Kalimantan Timur,Cabai Rawit,92483.33333333331,True
2022-07,Kalimantan Timur,Cabai Rawit,104150.0,False
2022-08,Kalimantan Timur,Cabai Rawit,72100.0,False
2022-09,Kalimantan Timur,Cabai Rawit,61650.0,False
2022-10,Kalimantan Timur,Cabai Rawit,63750.0,False
2022-11,Kalimantan Timur,Cabai Rawit,50650.0,False
2022-12,Kalimantan Timur,Cabai Rawit,52500.0,False
2023-01,Kalimantan Timur,Cabai Rawit,57900.0,False
2023-02,Kalimantan Timur,Cabai Rawit,47750.0,False
2023-03,Kalimantan Timur,Cabai Rawit,65400.0,False
2023-04,Kalimantan Timur,Cabai Rawit,56500.0,False
2023-05,Kalimantan Timur,Cabai Rawit,48875.0,True
2023-06,Kalimantan Timur,Cabai Rawit,41250.0,False
2023-07,Kalimantan Timur,Cabai Rawit,49600.0,False
2023-08,Kalimantan Timur,Cabai Rawit,49150.0,False
2023-09,Kalimantan Timur,Cabai Rawit,40250.0,False
2023-10,Kalimantan Timur,Cabai Rawit,37100.0,False
2023-11,Kalimantan Timur,Cabai Rawit,61900.0,False
2023-12,Kalimantan Timur,Cabai Rawit,99600.0,False
2024-01,Kalimantan Timur,Cabai Rawit,88150.0,False
2024-02,Kalimantan Timur,Cabai Rawit,38150.0,False
2024-03,Kalimantan Timur,Cabai Rawit,65850.0,False
2024-04,Kalimantan Timur,Cabai Rawit,58350.0,False
2024-05,Kalimantan Timur,Cabai Rawit,54600.0,False
2024-06,Kalimantan Timur,Cabai Rawit,46250.0,False
2024-07,Kalimantan Timur,Cabai Rawit,47100.0,False
2024-08,Kalimantan Timur,Cabai Rawit,71650.0,False
2024-09,Kalimantan Timur,Cabai Rawit,41850.0,False
2024-10,Kalimantan Timur,Cabai Rawit,36750.0,False
2024-11,Kalimantan Timur,Cabai Rawit,36000.0,False
2024-12,Kalimantan Timur,Cabai Rawit,41250.0,False
2025-01,Kalimantan Timur,Cabai Rawit,63250.0,False
2025-02,Kalimantan Timur,Cabai Rawit,62350.0,False
2025-03,Kalimantan Timur,Cabai Rawit,104150.0,False
2025-04,Kalimantan Timur,Cabai Rawit,115400.0,False
2025-05,Kalimantan Timur,Cabai Rawit,60850.0,False
2025-06,Kalimantan Timur,Cabai Rawit,38350.0,False
2025-07,Kalimantan Timur,Cabai Rawit,48750.0,False
2025-08,Kalimantan Timur,Cabai Rawit,54000.0,False
2025-09,Kalimantan Timur,Cabai Rawit,34600.0,False
2025-10,Kalimantan Timur,Cabai Rawit,31600.0,False
2025-11,Kalimantan Timur,Cabai Rawit,28750.0,False
2025-12,Kalimantan Timur,Cabai Rawit,57900.0,False
2026-01,Kalimantan Timur,Cabai Rawit,52900.0,False
2026-02,Kalimantan Timur,Cabai Rawit,55100.0,False
2026-03,Kalimantan Timur,Cabai Rawit,80000.0,False
2026-04,Kalimantan Timur,Cabai Rawit,89100.0,False
2026-05,Kalimantan Timur,Cabai Rawit,58500.0,False
2026-06,Kalimantan Timur,Cabai Rawit,86250.0,False
2026-07,Kalimantan Timur,Cabai Rawit,43750.0,False
2020-02,Kalimantan Utara,Bawang Merah,48150.0,False
2020-03,Kalimantan Utara,Bawang Merah,47500.0,False
2020-04,Kalimantan Utara,Bawang Merah,42150.0,False
2020-05,Kalimantan Utara,Bawang Merah,46983.333333333336,True
2020-06,Kalimantan Utara,Bawang Merah,51816.66666666666,True
2020-07,Kalimantan Utara,Bawang Merah,56650.0,False
2020-08,Kalimantan Utara,Bawang Merah,43750.0,False
2020-09,Kalimantan Utara,Bawang Merah,36150.0,False
2020-10,Kalimantan Utara,Bawang Merah,31900.0,False
2020-11,Kalimantan Utara,Bawang Merah,38400.0,False
2020-12,Kalimantan Utara,Bawang Merah,45000.0,False
2021-01,Kalimantan Utara,Bawang Merah,38625.0,True
2021-02,Kalimantan Utara,Bawang Merah,32250.0,False
2021-03,Kalimantan Utara,Bawang Merah,36150.0,False
2021-04,Kalimantan Utara,Bawang Merah,36150.0,False
2021-05,Kalimantan Utara,Bawang Merah,34900.0,False
2021-06,Kalimantan Utara,Bawang Merah,37000.0,False
2021-07,Kalimantan Utara,Bawang Merah,32750.0,False
2021-08,Kalimantan Utara,Bawang Merah,41500.0,False
2021-09,Kalimantan Utara,Bawang Merah,37400.0,False
2021-10,Kalimantan Utara,Bawang Merah,35150.0,False
2021-11,Kalimantan Utara,Bawang Merah,32000.0,False
2021-12,Kalimantan Utara,Bawang Merah,32400.0,False
2022-01,Kalimantan Utara,Bawang Merah,32150.0,False
2022-02,Kalimantan Utara,Bawang Merah,35275.0,True
2022-03,Kalimantan Utara,Bawang Merah,38400.0,False
2022-04,Kalimantan Utara,Bawang Merah,38400.0,False
2022-05,Kalimantan Utara,Bawang Merah,48100.0,True
2022-06,Kalimantan Utara,Bawang Merah,57800.0,True
2022-07,Kalimantan Utara,Bawang Merah,67500.0,False
2022-08,Kalimantan Utara,Bawang Merah,64400.0,False
2022-09,Kalimantan Utara,Bawang Merah,44150.0,False
2022-10,Kalimantan Utara,Bawang Merah,39750.0,False
2022-11,Kalimantan Utara,Bawang Merah,40900.0,False
2022-12,Kalimantan Utara,Bawang Merah,46750.0,False
2023-01,Kalimantan Utara,Bawang Merah,45400.0,False
2023-02,Kalimantan Utara,Bawang Merah,46650.0,False
2023-03,Kalimantan Utara,Bawang Merah,44150.0,False
2023-04,Kalimantan Utara,Bawang Merah,43900.0,False
2023-05,Kalimantan Utara,Bawang Merah,43825.0,True
2023-06,Kalimantan Utara,Bawang Merah,43750.0,False
2023-07,Kalimantan Utara,Bawang Merah,46500.0,False
2023-08,Kalimantan Utara,Bawang Merah,42750.0,False
2023-09,Kalimantan Utara,Bawang Merah,33750.0,False
2023-10,Kalimantan Utara,Bawang Merah,32250.0,False
2023-11,Kalimantan Utara,Bawang Merah,31900.0,False
2023-12,Kalimantan Utara,Bawang Merah,37900.0,False
2024-01,Kalimantan Utara,Bawang Merah,44575.0,True
2024-02,Kalimantan Utara,Bawang Merah,51250.0,False
2024-03,Kalimantan Utara,Bawang Merah,45000.0,False
2024-04,Kalimantan Utara,Bawang Merah,41000.0,False
2024-05,Kalimantan Utara,Bawang Merah,57900.0,False
2024-06,Kalimantan Utara,Bawang Merah,50150.0,False
2024-07,Kalimantan Utara,Bawang Merah,45650.0,False
2024-08,Kalimantan Utara,Bawang Merah,38500.0,False
2024-09,Kalimantan Utara,Bawang Merah,33150.0,False
2024-10,Kalimantan Utara,Bawang Merah,37150.0,False
2024-11,Kalimantan Utara,Bawang Merah,38250.0,False
2024-12,Kalimantan Utara,Bawang Merah,48500.0,False
2025-01,Kalimantan Utara,Bawang Merah,49150.0,False
2025-02,Kalimantan Utara,Bawang Merah,44650.0,False
2025-03,Kalimantan Utara,Bawang Merah,44900.0,False
2025-04,Kalimantan Utara,Bawang Merah,52650.0,False
2025-05,Kalimantan Utara,Bawang Merah,47500.0,False
2025-06,Kalimantan Utara,Bawang Merah,46000.0,False
2025-07,Kalimantan Utara,Bawang Merah,56900.0,False
2025-08,Kalimantan Utara,Bawang Merah,57500.0,False
2025-09,Kalimantan Utara,Bawang Merah,57900.0,False
2025-10,Kalimantan Utara,Bawang Merah,47650.0,False
2025-11,Kalimantan Utara,Bawang Merah,45250.0,False
2025-12,Kalimantan Utara,Bawang Merah,47650.0,False
2026-01,Kalimantan Utara,Bawang Merah,56650.0,False
2026-02,Kalimantan Utara,Bawang Merah,47000.0,False
2026-03,Kalimantan Utara,Bawang Merah,48500.0,False
2026-04,Kalimantan Utara,Bawang Merah,56250.0,False
2026-05,Kalimantan Utara,Bawang Merah,50400.0,False
2026-06,Kalimantan Utara,Bawang Merah,51100.0,False
2026-07,Kalimantan Utara,Bawang Merah,57100.0,False
2020-02,Kalimantan Utara,Beras,13750.0,False
2020-03,Kalimantan Utara,Beras,13750.0,False
2020-04,Kalimantan Utara,Beras,13750.0,False
2020-05,Kalimantan Utara,Beras,13750.0,True
2020-06,Kalimantan Utara,Beras,13750.0,True
2020-07,Kalimantan Utara,Beras,13750.0,False
2020-08,Kalimantan Utara,Beras,13750.0,False
2020-09,Kalimantan Utara,Beras,13750.0,False
2020-10,Kalimantan Utara,Beras,13750.0,False
2020-11,Kalimantan Utara,Beras,13750.0,False
2020-12,Kalimantan Utara,Beras,13750.0,False
2021-01,Kalimantan Utara,Beras,13950.0,True
2021-02,Kalimantan Utara,Beras,14150.0,False
2021-03,Kalimantan Utara,Beras,14150.0,False
2021-04,Kalimantan Utara,Beras,14150.0,False
2021-05,Kalimantan Utara,Beras,14150.0,False
2021-06,Kalimantan Utara,Beras,15000.0,False
2021-07,Kalimantan Utara,Beras,14150.0,False
2021-08,Kalimantan Utara,Beras,13500.0,False
2021-09,Kalimantan Utara,Beras,13750.0,False
2021-10,Kalimantan Utara,Beras,13750.0,False
2021-11,Kalimantan Utara,Beras,13650.0,False
2021-12,Kalimantan Utara,Beras,13650.0,False
2022-01,Kalimantan Utara,Beras,13750.0,False
2022-02,Kalimantan Utara,Beras,13850.0,True
2022-03,Kalimantan Utara,Beras,13950.0,False
2022-04,Kalimantan Utara,Beras,14050.0,False
2022-05,Kalimantan Utara,Beras,14066.666666666666,True
2022-06,Kalimantan Utara,Beras,14083.333333333334,True
2022-07,Kalimantan Utara,Beras,14100.0,False
2022-08,Kalimantan Utara,Beras,14100.0,False
2022-09,Kalimantan Utara,Beras,13850.0,False
2022-10,Kalimantan Utara,Beras,13850.0,False
2022-11,Kalimantan Utara,Beras,13850.0,False
2022-12,Kalimantan Utara,Beras,13850.0,False
2023-01,Kalimantan Utara,Beras,14200.0,False
2023-02,Kalimantan Utara,Beras,14400.0,False
2023-03,Kalimantan Utara,Beras,14650.0,False
2023-04,Kalimantan Utara,Beras,14650.0,False
2023-05,Kalimantan Utara,Beras,14700.0,True
2023-06,Kalimantan Utara,Beras,14750.0,False
2023-07,Kalimantan Utara,Beras,14750.0,False
2023-08,Kalimantan Utara,Beras,14750.0,False
2023-09,Kalimantan Utara,Beras,14750.0,False
2023-10,Kalimantan Utara,Beras,15750.0,False
2023-11,Kalimantan Utara,Beras,16250.0,False
2023-12,Kalimantan Utara,Beras,16250.0,False
2024-01,Kalimantan Utara,Beras,16450.0,True
2024-02,Kalimantan Utara,Beras,16650.0,False
2024-03,Kalimantan Utara,Beras,16900.0,False
2024-04,Kalimantan Utara,Beras,17400.0,False
2024-05,Kalimantan Utara,Beras,17000.0,False
2024-06,Kalimantan Utara,Beras,16750.0,False
2024-07,Kalimantan Utara,Beras,16750.0,False
2024-08,Kalimantan Utara,Beras,16750.0,False
2024-09,Kalimantan Utara,Beras,16750.0,False
2024-10,Kalimantan Utara,Beras,16650.0,False
2024-11,Kalimantan Utara,Beras,16400.0,False
2024-12,Kalimantan Utara,Beras,16400.0,False
2025-01,Kalimantan Utara,Beras,16400.0,False
2025-02,Kalimantan Utara,Beras,16400.0,False
2025-03,Kalimantan Utara,Beras,16500.0,False
2025-04,Kalimantan Utara,Beras,16500.0,False
2025-05,Kalimantan Utara,Beras,16250.0,False
2025-06,Kalimantan Utara,Beras,16250.0,False
2025-07,Kalimantan Utara,Beras,16400.0,False
2025-08,Kalimantan Utara,Beras,16650.0,False
2025-09,Kalimantan Utara,Beras,17400.0,False
2025-10,Kalimantan Utara,Beras,17250.0,False
2025-11,Kalimantan Utara,Beras,17000.0,False
2025-12,Kalimantan Utara,Beras,17000.0,False
2026-01,Kalimantan Utara,Beras,16750.0,False
2026-02,Kalimantan Utara,Beras,17250.0,False
2026-03,Kalimantan Utara,Beras,17150.0,False
2026-04,Kalimantan Utara,Beras,17500.0,False
2026-05,Kalimantan Utara,Beras,17200.0,False
2026-06,Kalimantan Utara,Beras,17050.0,False
2026-07,Kalimantan Utara,Beras,17150.0,False
2020-02,Kalimantan Utara,Cabai Besar,64400.0,False
2020-03,Kalimantan Utara,Cabai Besar,58750.0,False
2020-04,Kalimantan Utara,Cabai Besar,52150.0,False
2020-05,Kalimantan Utara,Cabai Besar,50600.0,True
2020-06,Kalimantan Utara,Cabai Besar,49050.0,True
2020-07,Kalimantan Utara,Cabai Besar,47500.0,False
2020-08,Kalimantan Utara,Cabai Besar,70000.0,False
2020-09,Kalimantan Utara,Cabai Besar,46650.0,False
2020-10,Kalimantan Utara,Cabai Besar,50000.0,False
2020-11,Kalimantan Utara,Cabai Besar,50650.0,False
2020-12,Kalimantan Utara,Cabai Besar,59400.0,False
2021-01,Kalimantan Utara,Cabai Besar,56575.0,True
2021-02,Kalimantan Utara,Cabai Besar,53750.0,False
2021-03,Kalimantan Utara,Cabai Besar,53150.0,False
2021-04,Kalimantan Utara,Cabai Besar,55650.0,False
2021-05,Kalimantan Utara,Cabai Besar,50650.0,False
2021-06,Kalimantan Utara,Cabai Besar,47500.0,False
2021-07,Kalimantan Utara,Cabai Besar,50000.0,False
2021-08,Kalimantan Utara,Cabai Besar,45650.0,False
2021-09,Kalimantan Utara,Cabai Besar,44400.0,False
2021-10,Kalimantan Utara,Cabai Besar,47500.0,False
2021-11,Kalimantan Utara,Cabai Besar,43750.0,False
2021-12,Kalimantan Utara,Cabai Besar,53150.0,False
2022-01,Kalimantan Utara,Cabai Besar,71900.0,False
2022-02,Kalimantan Utara,Cabai Besar,66450.0,True
2022-03,Kalimantan Utara,Cabai Besar,61000.0,False
2022-04,Kalimantan Utara,Cabai Besar,74150.0,False
2022-05,Kalimantan Utara,Cabai Besar,79016.66666666667,True
2022-06,Kalimantan Utara,Cabai Besar,83883.33333333333,True
2022-07,Kalimantan Utara,Cabai Besar,88750.0,False
2022-08,Kalimantan Utara,Cabai Besar,90000.0,False
2022-09,Kalimantan Utara,Cabai Besar,76250.0,False
2022-10,Kalimantan Utara,Cabai Besar,58750.0,False
2022-11,Kalimantan Utara,Cabai Besar,54400.0,False
2022-12,Kalimantan Utara,Cabai Besar,56900.0,False
2023-01,Kalimantan Utara,Cabai Besar,56250.0,False
2023-02,Kalimantan Utara,Cabai Besar,61250.0,False
2023-03,Kalimantan Utara,Cabai Besar,71250.0,False
2023-04,Kalimantan Utara,Cabai Besar,58750.0,False
2023-05,Kalimantan Utara,Cabai Besar,55950.0,True
2023-06,Kalimantan Utara,Cabai Besar,53150.0,False
2023-07,Kalimantan Utara,Cabai Besar,71900.0,False
2023-08,Kalimantan Utara,Cabai Besar,60000.0,False
2023-09,Kalimantan Utara,Cabai Besar,56250.0,False
2023-10,Kalimantan Utara,Cabai Besar,58150.0,False
2023-11,Kalimantan Utara,Cabai Besar,65000.0,False
2023-12,Kalimantan Utara,Cabai Besar,82500.0,False
2024-01,Kalimantan Utara,Cabai Besar,71875.0,True
2024-02,Kalimantan Utara,Cabai Besar,61250.0,False
2024-03,Kalimantan Utara,Cabai Besar,90650.0,False
2024-04,Kalimantan Utara,Cabai Besar,72500.0,False
2024-05,Kalimantan Utara,Cabai Besar,69400.0,False
2024-06,Kalimantan Utara,Cabai Besar,72500.0,False
2024-07,Kalimantan Utara,Cabai Besar,77500.0,False
2024-08,Kalimantan Utara,Cabai Besar,74400.0,False
2024-09,Kalimantan Utara,Cabai Besar,70650.0,False
2024-10,Kalimantan Utara,Cabai Besar,65000.0,False
2024-11,Kalimantan Utara,Cabai Besar,63150.0,False
2024-12,Kalimantan Utara,Cabai Besar,62500.0,False
2025-01,Kalimantan Utara,Cabai Besar,89400.0,False
2025-02,Kalimantan Utara,Cabai Besar,70650.0,False
2025-03,Kalimantan Utara,Cabai Besar,98150.0,False
2025-04,Kalimantan Utara,Cabai Besar,108750.0,False
2025-05,Kalimantan Utara,Cabai Besar,87500.0,False
2025-06,Kalimantan Utara,Cabai Besar,74400.0,False
2025-07,Kalimantan Utara,Cabai Besar,73150.0,False
2025-08,Kalimantan Utara,Cabai Besar,71250.0,False
2025-09,Kalimantan Utara,Cabai Besar,62500.0,False
2025-10,Kalimantan Utara,Cabai Besar,61900.0,False
2025-11,Kalimantan Utara,Cabai Besar,65000.0,False
2025-12,Kalimantan Utara,Cabai Besar,59400.0,False
2026-01,Kalimantan Utara,Cabai Besar,55000.0,False
2026-02,Kalimantan Utara,Cabai Besar,56900.0,False
2026-03,Kalimantan Utara,Cabai Besar,58150.0,False
2026-04,Kalimantan Utara,Cabai Besar,65000.0,False
2026-05,Kalimantan Utara,Cabai Besar,62900.0,False
2026-06,Kalimantan Utara,Cabai Besar,106250.0,False
2026-07,Kalimantan Utara,Cabai Besar,73350.0,False
2020-02,Kalimantan Utara,Cabai Rawit,98750.0,False
2020-03,Kalimantan Utara,Cabai Rawit,70650.0,False
2020-04,Kalimantan Utara,Cabai Rawit,90650.0,False
2020-05,Kalimantan Utara,Cabai Rawit,81483.33333333333,True
2020-06,Kalimantan Utara,Cabai Rawit,72316.66666666667,True
2020-07,Kalimantan Utara,Cabai Rawit,63150.0,False
2020-08,Kalimantan Utara,Cabai Rawit,68750.0,False
2020-09,Kalimantan Utara,Cabai Rawit,48150.0,False
2020-10,Kalimantan Utara,Cabai Rawit,51250.0,False
2020-11,Kalimantan Utara,Cabai Rawit,56900.0,False
2020-12,Kalimantan Utara,Cabai Rawit,56900.0,False
2021-01,Kalimantan Utara,Cabai Rawit,70650.0,True
2021-02,Kalimantan Utara,Cabai Rawit,84400.0,False
2021-03,Kalimantan Utara,Cabai Rawit,115000.0,False
2021-04,Kalimantan Utara,Cabai Rawit,107750.0,False
2021-05,Kalimantan Utara,Cabai Rawit,86250.0,False
2021-06,Kalimantan Utara,Cabai Rawit,78750.0,False
2021-07,Kalimantan Utara,Cabai Rawit,81250.0,False
2021-08,Kalimantan Utara,Cabai Rawit,62500.0,False
2021-09,Kalimantan Utara,Cabai Rawit,54400.0,False
2021-10,Kalimantan Utara,Cabai Rawit,48750.0,False
2021-11,Kalimantan Utara,Cabai Rawit,30000.0,False
2021-12,Kalimantan Utara,Cabai Rawit,55650.0,False
2022-01,Kalimantan Utara,Cabai Rawit,83750.0,False
2022-02,Kalimantan Utara,Cabai Rawit,103450.0,True
2022-03,Kalimantan Utara,Cabai Rawit,123150.0,False
2022-04,Kalimantan Utara,Cabai Rawit,106900.0,False
2022-05,Kalimantan Utara,Cabai Rawit,114400.0,True
2022-06,Kalimantan Utara,Cabai Rawit,121900.0,True
2022-07,Kalimantan Utara,Cabai Rawit,129400.0,False
2022-08,Kalimantan Utara,Cabai Rawit,94400.0,False
2022-09,Kalimantan Utara,Cabai Rawit,83750.0,False
2022-10,Kalimantan Utara,Cabai Rawit,76250.0,False
2022-11,Kalimantan Utara,Cabai Rawit,75000.0,False
2022-12,Kalimantan Utara,Cabai Rawit,60400.0,False
2023-01,Kalimantan Utara,Cabai Rawit,98150.0,False
2023-02,Kalimantan Utara,Cabai Rawit,63750.0,False
2023-03,Kalimantan Utara,Cabai Rawit,101900.0,False
2023-04,Kalimantan Utara,Cabai Rawit,75650.0,False
2023-05,Kalimantan Utara,Cabai Rawit,72200.0,True
2023-06,Kalimantan Utara,Cabai Rawit,68750.0,False
2023-07,Kalimantan Utara,Cabai Rawit,67500.0,False
2023-08,Kalimantan Utara,Cabai Rawit,58750.0,False
2023-09,Kalimantan Utara,Cabai Rawit,58750.0,False
2023-10,Kalimantan Utara,Cabai Rawit,51250.0,False
2023-11,Kalimantan Utara,Cabai Rawit,78150.0,False
2023-12,Kalimantan Utara,Cabai Rawit,120000.0,False
2024-01,Kalimantan Utara,Cabai Rawit,91575.0,True
2024-02,Kalimantan Utara,Cabai Rawit,63150.0,False
2024-03,Kalimantan Utara,Cabai Rawit,136900.0,False
2024-04,Kalimantan Utara,Cabai Rawit,95650.0,False
2024-05,Kalimantan Utara,Cabai Rawit,88150.0,False
2024-06,Kalimantan Utara,Cabai Rawit,75650.0,False
2024-07,Kalimantan Utara,Cabai Rawit,81900.0,False
2024-08,Kalimantan Utara,Cabai Rawit,95650.0,False
2024-09,Kalimantan Utara,Cabai Rawit,80000.0,False
2024-10,Kalimantan Utara,Cabai Rawit,70650.0,False
2024-11,Kalimantan Utara,Cabai Rawit,69400.0,False
2024-12,Kalimantan Utara,Cabai Rawit,77500.0,False
2025-01,Kalimantan Utara,Cabai Rawit,103750.0,False
2025-02,Kalimantan Utara,Cabai Rawit,80000.0,False
2025-03,Kalimantan Utara,Cabai Rawit,172500.0,False
2025-04,Kalimantan Utara,Cabai Rawit,156250.0,False
2025-05,Kalimantan Utara,Cabai Rawit,116250.0,False
2025-06,Kalimantan Utara,Cabai Rawit,72500.0,False
2025-07,Kalimantan Utara,Cabai Rawit,78150.0,False
2025-08,Kalimantan Utara,Cabai Rawit,83150.0,False
2025-09,Kalimantan Utara,Cabai Rawit,68150.0,False
2025-10,Kalimantan Utara,Cabai Rawit,59400.0,False
2025-11,Kalimantan Utara,Cabai Rawit,58150.0,False
2025-12,Kalimantan Utara,Cabai Rawit,66900.0,False
2026-01,Kalimantan Utara,Cabai Rawit,79400.0,False
2026-02,Kalimantan Utara,Cabai Rawit,93150.0,False
2026-03,Kalimantan Utara,Cabai Rawit,101250.0,False
2026-04,Kalimantan Utara,Cabai Rawit,133750.0,False
2026-05,Kalimantan Utara,Cabai Rawit,72500.0,False
2026-06,Kalimantan Utara,Cabai Rawit,115000.0,False
2026-07,Kalimantan Utara,Cabai Rawit,90000.0,False
2020-02,Kepulauan Bangka Belitung,Bawang Merah,36400.0,False
2020-03,Kepulauan Bangka Belitung,Bawang Merah,33500.0,False
2020-04,Kepulauan Bangka Belitung,Bawang Merah,46750.0,False
2020-05,Kepulauan Bangka Belitung,Bawang Merah,46166.66666666666,True
2020-06,Kepulauan Bangka Belitung,Bawang Merah,45583.333333333336,True
2020-07,Kepulauan Bangka Belitung,Bawang Merah,45000.0,False
2020-08,Kepulauan Bangka Belitung,Bawang Merah,33150.0,False
2020-09,Kepulauan Bangka Belitung,Bawang Merah,30650.0,False
2020-10,Kepulauan Bangka Belitung,Bawang Merah,33250.0,False
2020-11,Kepulauan Bangka Belitung,Bawang Merah,34900.0,False
2020-12,Kepulauan Bangka Belitung,Bawang Merah,39150.0,False
2021-01,Kepulauan Bangka Belitung,Bawang Merah,36525.0,True
2021-02,Kepulauan Bangka Belitung,Bawang Merah,33900.0,False
2021-03,Kepulauan Bangka Belitung,Bawang Merah,39150.0,False
2021-04,Kepulauan Bangka Belitung,Bawang Merah,39900.0,False
2021-05,Kepulauan Bangka Belitung,Bawang Merah,38900.0,False
2021-06,Kepulauan Bangka Belitung,Bawang Merah,37650.0,True
2021-07,Kepulauan Bangka Belitung,Bawang Merah,36400.0,False
2021-08,Kepulauan Bangka Belitung,Bawang Merah,40750.0,False
2021-09,Kepulauan Bangka Belitung,Bawang Merah,34150.0,False
2021-10,Kepulauan Bangka Belitung,Bawang Merah,31000.0,False
2021-11,Kepulauan Bangka Belitung,Bawang Merah,32500.0,False
2021-12,Kepulauan Bangka Belitung,Bawang Merah,27900.0,False
2022-01,Kepulauan Bangka Belitung,Bawang Merah,32650.0,False
2022-02,Kepulauan Bangka Belitung,Bawang Merah,36825.0,True
2022-03,Kepulauan Bangka Belitung,Bawang Merah,41000.0,False
2022-04,Kepulauan Bangka Belitung,Bawang Merah,35000.0,False
2022-05,Kepulauan Bangka Belitung,Bawang Merah,44300.0,True
2022-06,Kepulauan Bangka Belitung,Bawang Merah,53600.0,True
2022-07,Kepulauan Bangka Belitung,Bawang Merah,62900.0,False
2022-08,Kepulauan Bangka Belitung,Bawang Merah,51650.0,False
2022-09,Kepulauan Bangka Belitung,Bawang Merah,38650.0,False
2022-10,Kepulauan Bangka Belitung,Bawang Merah,38500.0,False
2022-11,Kepulauan Bangka Belitung,Bawang Merah,38150.0,False
2022-12,Kepulauan Bangka Belitung,Bawang Merah,38250.0,False
2023-01,Kepulauan Bangka Belitung,Bawang Merah,44500.0,False
2023-02,Kepulauan Bangka Belitung,Bawang Merah,49750.0,False
2023-03,Kepulauan Bangka Belitung,Bawang Merah,41900.0,False
2023-04,Kepulauan Bangka Belitung,Bawang Merah,39150.0,False
2023-05,Kepulauan Bangka Belitung,Bawang Merah,42400.0,True
2023-06,Kepulauan Bangka Belitung,Bawang Merah,45650.0,False
2023-07,Kepulauan Bangka Belitung,Bawang Merah,46400.0,False
2023-08,Kepulauan Bangka Belitung,Bawang Merah,33500.0,False
2023-09,Kepulauan Bangka Belitung,Bawang Merah,29000.0,False
2023-10,Kepulauan Bangka Belitung,Bawang Merah,28150.0,False
2023-11,Kepulauan Bangka Belitung,Bawang Merah,27400.0,False
2023-12,Kepulauan Bangka Belitung,Bawang Merah,34650.0,False
2024-01,Kepulauan Bangka Belitung,Bawang Merah,41750.0,False
2024-02,Kepulauan Bangka Belitung,Bawang Merah,37400.0,False
2024-03,Kepulauan Bangka Belitung,Bawang Merah,39500.0,False
2024-04,Kepulauan Bangka Belitung,Bawang Merah,42250.0,False
2024-05,Kepulauan Bangka Belitung,Bawang Merah,69650.0,False
2024-06,Kepulauan Bangka Belitung,Bawang Merah,54500.0,False
2024-07,Kepulauan Bangka Belitung,Bawang Merah,44400.0,False
2024-08,Kepulauan Bangka Belitung,Bawang Merah,31250.0,False
2024-09,Kepulauan Bangka Belitung,Bawang Merah,29150.0,False
2024-10,Kepulauan Bangka Belitung,Bawang Merah,31000.0,False
2024-11,Kepulauan Bangka Belitung,Bawang Merah,33400.0,False
2024-12,Kepulauan Bangka Belitung,Bawang Merah,39650.0,False
2025-01,Kepulauan Bangka Belitung,Bawang Merah,40275.0,True
2025-02,Kepulauan Bangka Belitung,Bawang Merah,40900.0,False
2025-03,Kepulauan Bangka Belitung,Bawang Merah,45650.0,False
2025-04,Kepulauan Bangka Belitung,Bawang Merah,57250.0,False
2025-05,Kepulauan Bangka Belitung,Bawang Merah,59400.0,False
2025-06,Kepulauan Bangka Belitung,Bawang Merah,46750.0,False
2025-07,Kepulauan Bangka Belitung,Bawang Merah,50650.0,False
2025-08,Kepulauan Bangka Belitung,Bawang Merah,59650.0,False
2025-09,Kepulauan Bangka Belitung,Bawang Merah,48150.0,False
2025-10,Kepulauan Bangka Belitung,Bawang Merah,43250.0,False
2025-11,Kepulauan Bangka Belitung,Bawang Merah,46400.0,False
2025-12,Kepulauan Bangka Belitung,Bawang Merah,51900.0,False
2026-01,Kepulauan Bangka Belitung,Bawang Merah,47250.0,False
2026-02,Kepulauan Bangka Belitung,Bawang Merah,44150.0,False
2026-03,Kepulauan Bangka Belitung,Bawang Merah,47750.0,False
2026-04,Kepulauan Bangka Belitung,Bawang Merah,51900.0,False
2026-05,Kepulauan Bangka Belitung,Bawang Merah,51000.0,False
2026-06,Kepulauan Bangka Belitung,Bawang Merah,61000.0,False
2026-07,Kepulauan Bangka Belitung,Bawang Merah,53000.0,False
2020-02,Kepulauan Bangka Belitung,Beras,12150.0,False
2020-03,Kepulauan Bangka Belitung,Beras,12150.0,False
2020-04,Kepulauan Bangka Belitung,Beras,12550.0,False
2020-05,Kepulauan Bangka Belitung,Beras,12550.0,True
2020-06,Kepulauan Bangka Belitung,Beras,12550.0,True
2020-07,Kepulauan Bangka Belitung,Beras,12550.0,False
2020-08,Kepulauan Bangka Belitung,Beras,12400.0,False
2020-09,Kepulauan Bangka Belitung,Beras,12350.0,False
2020-10,Kepulauan Bangka Belitung,Beras,12350.0,False
2020-11,Kepulauan Bangka Belitung,Beras,12350.0,False
2020-12,Kepulauan Bangka Belitung,Beras,12250.0,False
2021-01,Kepulauan Bangka Belitung,Beras,12200.0,True
2021-02,Kepulauan Bangka Belitung,Beras,12150.0,False
2021-03,Kepulauan Bangka Belitung,Beras,12100.0,False
2021-04,Kepulauan Bangka Belitung,Beras,12100.0,False
2021-05,Kepulauan Bangka Belitung,Beras,12100.0,False
2021-06,Kepulauan Bangka Belitung,Beras,12100.0,True
2021-07,Kepulauan Bangka Belitung,Beras,12100.0,False
2021-08,Kepulauan Bangka Belitung,Beras,11650.0,False
2021-09,Kepulauan Bangka Belitung,Beras,11650.0,False
2021-10,Kepulauan Bangka Belitung,Beras,11650.0,False
2021-11,Kepulauan Bangka Belitung,Beras,11650.0,False
2021-12,Kepulauan Bangka Belitung,Beras,11650.0,False
2022-01,Kepulauan Bangka Belitung,Beras,11700.0,False
2022-02,Kepulauan Bangka Belitung,Beras,11825.0,True
2022-03,Kepulauan Bangka Belitung,Beras,11950.0,False
2022-04,Kepulauan Bangka Belitung,Beras,11950.0,False
2022-05,Kepulauan Bangka Belitung,Beras,11950.0,True
2022-06,Kepulauan Bangka Belitung,Beras,11950.0,True
2022-07,Kepulauan Bangka Belitung,Beras,11950.0,False
2022-08,Kepulauan Bangka Belitung,Beras,12000.0,False
2022-09,Kepulauan Bangka Belitung,Beras,11750.0,False
2022-10,Kepulauan Bangka Belitung,Beras,12000.0,False
2022-11,Kepulauan Bangka Belitung,Beras,12000.0,False
2022-12,Kepulauan Bangka Belitung,Beras,12200.0,False
2023-01,Kepulauan Bangka Belitung,Beras,12350.0,False
2023-02,Kepulauan Bangka Belitung,Beras,12400.0,False
2023-03,Kepulauan Bangka Belitung,Beras,12500.0,False
2023-04,Kepulauan Bangka Belitung,Beras,13350.0,False
2023-05,Kepulauan Bangka Belitung,Beras,13400.0,True
2023-06,Kepulauan Bangka Belitung,Beras,13450.0,False
2023-07,Kepulauan Bangka Belitung,Beras,13450.0,False
2023-08,Kepulauan Bangka Belitung,Beras,13450.0,False
2023-09,Kepulauan Bangka Belitung,Beras,13850.0,False
2023-10,Kepulauan Bangka Belitung,Beras,14550.0,False
2023-11,Kepulauan Bangka Belitung,Beras,14650.0,False
2023-12,Kepulauan Bangka Belitung,Beras,14750.0,False
2024-01,Kepulauan Bangka Belitung,Beras,14700.0,False
2024-02,Kepulauan Bangka Belitung,Beras,14950.0,False
2024-03,Kepulauan Bangka Belitung,Beras,16550.0,False
2024-04,Kepulauan Bangka Belitung,Beras,16550.0,False
2024-05,Kepulauan Bangka Belitung,Beras,16300.0,False
2024-06,Kepulauan Bangka Belitung,Beras,15750.0,False
2024-07,Kepulauan Bangka Belitung,Beras,15300.0,False
2024-08,Kepulauan Bangka Belitung,Beras,15250.0,False
2024-09,Kepulauan Bangka Belitung,Beras,15200.0,False
2024-10,Kepulauan Bangka Belitung,Beras,15150.0,False
2024-11,Kepulauan Bangka Belitung,Beras,15150.0,False
2024-12,Kepulauan Bangka Belitung,Beras,15150.0,False
2025-01,Kepulauan Bangka Belitung,Beras,15200.0,True
2025-02,Kepulauan Bangka Belitung,Beras,15250.0,False
2025-03,Kepulauan Bangka Belitung,Beras,15050.0,False
2025-04,Kepulauan Bangka Belitung,Beras,15150.0,False
2025-05,Kepulauan Bangka Belitung,Beras,15150.0,False
2025-06,Kepulauan Bangka Belitung,Beras,15700.0,False
2025-07,Kepulauan Bangka Belitung,Beras,15700.0,False
2025-08,Kepulauan Bangka Belitung,Beras,15850.0,False
2025-09,Kepulauan Bangka Belitung,Beras,15700.0,False
2025-10,Kepulauan Bangka Belitung,Beras,15750.0,False
2025-11,Kepulauan Bangka Belitung,Beras,15750.0,False
2025-12,Kepulauan Bangka Belitung,Beras,15750.0,False
2026-01,Kepulauan Bangka Belitung,Beras,15750.0,False
2026-02,Kepulauan Bangka Belitung,Beras,15800.0,False
2026-03,Kepulauan Bangka Belitung,Beras,15800.0,False
2026-04,Kepulauan Bangka Belitung,Beras,15900.0,False
2026-05,Kepulauan Bangka Belitung,Beras,15950.0,False
2026-06,Kepulauan Bangka Belitung,Beras,16100.0,False
2026-07,Kepulauan Bangka Belitung,Beras,16200.0,False
2020-02,Kepulauan Bangka Belitung,Cabai Besar,75000.0,False
2020-03,Kepulauan Bangka Belitung,Cabai Besar,75000.0,False
2020-04,Kepulauan Bangka Belitung,Cabai Besar,75000.0,False
2020-05,Kepulauan Bangka Belitung,Cabai Besar,75000.0,True
2020-06,Kepulauan Bangka Belitung,Cabai Besar,75000.0,True
2020-07,Kepulauan Bangka Belitung,Cabai Besar,75000.0,False
2020-08,Kepulauan Bangka Belitung,Cabai Besar,70000.0,False
2020-09,Kepulauan Bangka Belitung,Cabai Besar,70000.0,False
2020-10,Kepulauan Bangka Belitung,Cabai Besar,70000.0,False
2020-11,Kepulauan Bangka Belitung,Cabai Besar,70000.0,False
2020-12,Kepulauan Bangka Belitung,Cabai Besar,75000.0,False
2021-01,Kepulauan Bangka Belitung,Cabai Besar,75000.0,True
2021-02,Kepulauan Bangka Belitung,Cabai Besar,75000.0,False
2021-03,Kepulauan Bangka Belitung,Cabai Besar,75000.0,False
2021-04,Kepulauan Bangka Belitung,Cabai Besar,75000.0,False
2021-05,Kepulauan Bangka Belitung,Cabai Besar,80000.0,False
2021-06,Kepulauan Bangka Belitung,Cabai Besar,72500.0,True
2021-07,Kepulauan Bangka Belitung,Cabai Besar,65000.0,False
2021-08,Kepulauan Bangka Belitung,Cabai Besar,65000.0,False
2021-09,Kepulauan Bangka Belitung,Cabai Besar,65000.0,False
2021-10,Kepulauan Bangka Belitung,Cabai Besar,65000.0,False
2021-11,Kepulauan Bangka Belitung,Cabai Besar,65000.0,False
2021-12,Kepulauan Bangka Belitung,Cabai Besar,65000.0,False
2022-01,Kepulauan Bangka Belitung,Cabai Besar,65000.0,False
2022-02,Kepulauan Bangka Belitung,Cabai Besar,63125.0,True
2022-03,Kepulauan Bangka Belitung,Cabai Besar,61250.0,False
2022-04,Kepulauan Bangka Belitung,Cabai Besar,65000.0,False
2022-05,Kepulauan Bangka Belitung,Cabai Besar,65000.0,True
2022-06,Kepulauan Bangka Belitung,Cabai Besar,65000.0,True
2022-07,Kepulauan Bangka Belitung,Cabai Besar,65000.0,False
2022-08,Kepulauan Bangka Belitung,Cabai Besar,65000.0,False
2022-09,Kepulauan Bangka Belitung,Cabai Besar,65000.0,False
2022-10,Kepulauan Bangka Belitung,Cabai Besar,65000.0,False
2022-11,Kepulauan Bangka Belitung,Cabai Besar,65000.0,True
2022-12,Kepulauan Bangka Belitung,Cabai Besar,65000.0,True
2023-01,Kepulauan Bangka Belitung,Cabai Besar,,False
2023-02,Kepulauan Bangka Belitung,Cabai Besar,,False
2023-03,Kepulauan Bangka Belitung,Cabai Besar,,False
2023-04,Kepulauan Bangka Belitung,Cabai Besar,,False
2023-05,Kepulauan Bangka Belitung,Cabai Besar,,False
2023-06,Kepulauan Bangka Belitung,Cabai Besar,,False
2023-07,Kepulauan Bangka Belitung,Cabai Besar,,False
2023-08,Kepulauan Bangka Belitung,Cabai Besar,,False
2023-09,Kepulauan Bangka Belitung,Cabai Besar,,False
2023-10,Kepulauan Bangka Belitung,Cabai Besar,,False
2023-11,Kepulauan Bangka Belitung,Cabai Besar,,False
2023-12,Kepulauan Bangka Belitung,Cabai Besar,,False
2024-01,Kepulauan Bangka Belitung,Cabai Besar,,False
2024-02,Kepulauan Bangka Belitung,Cabai Besar,,False
2024-03,Kepulauan Bangka Belitung,Cabai Besar,,False
2024-04,Kepulauan Bangka Belitung,Cabai Besar,,False
2024-05,Kepulauan Bangka Belitung,Cabai Besar,,False
2024-06,Kepulauan Bangka Belitung,Cabai Besar,,False
2024-07,Kepulauan Bangka Belitung,Cabai Besar,,False
2024-08,Kepulauan Bangka Belitung,Cabai Besar,,False
2024-09,Kepulauan Bangka Belitung,Cabai Besar,,False
2024-10,Kepulauan Bangka Belitung,Cabai Besar,,False
2024-11,Kepulauan Bangka Belitung,Cabai Besar,,False
2024-12,Kepulauan Bangka Belitung,Cabai Besar,,False
2025-01,Kepulauan Bangka Belitung,Cabai Besar,,False
2025-02,Kepulauan Bangka Belitung,Cabai Besar,,False
2025-03,Kepulauan Bangka Belitung,Cabai Besar,,False
2025-04,Kepulauan Bangka Belitung,Cabai Besar,,False
2025-05,Kepulauan Bangka Belitung,Cabai Besar,,False
2025-06,Kepulauan Bangka Belitung,Cabai Besar,,False
2025-07,Kepulauan Bangka Belitung,Cabai Besar,,False
2025-08,Kepulauan Bangka Belitung,Cabai Besar,,False
2025-09,Kepulauan Bangka Belitung,Cabai Besar,,False
2025-10,Kepulauan Bangka Belitung,Cabai Besar,,False
2025-11,Kepulauan Bangka Belitung,Cabai Besar,,False
2025-12,Kepulauan Bangka Belitung,Cabai Besar,,False
2026-01,Kepulauan Bangka Belitung,Cabai Besar,,False
2026-02,Kepulauan Bangka Belitung,Cabai Besar,,False
2026-03,Kepulauan Bangka Belitung,Cabai Besar,,False
2026-04,Kepulauan Bangka Belitung,Cabai Besar,,False
2026-05,Kepulauan Bangka Belitung,Cabai Besar,,False
2026-06,Kepulauan Bangka Belitung,Cabai Besar,,False
2026-07,Kepulauan Bangka Belitung,Cabai Besar,,False
2020-02,Kepulauan Bangka Belitung,Cabai Rawit,66150.0,False
2020-03,Kepulauan Bangka Belitung,Cabai Rawit,44400.0,False
2020-04,Kepulauan Bangka Belitung,Cabai Rawit,41400.0,False
2020-05,Kepulauan Bangka Belitung,Cabai Rawit,42566.66666666666,True
2020-06,Kepulauan Bangka Belitung,Cabai Rawit,43733.333333333336,True
2020-07,Kepulauan Bangka Belitung,Cabai Rawit,44900.0,False
2020-08,Kepulauan Bangka Belitung,Cabai Rawit,38000.0,False
2020-09,Kepulauan Bangka Belitung,Cabai Rawit,36150.0,False
2020-10,Kepulauan Bangka Belitung,Cabai Rawit,37650.0,False
2020-11,Kepulauan Bangka Belitung,Cabai Rawit,30400.0,False
2020-12,Kepulauan Bangka Belitung,Cabai Rawit,47250.0,False
2021-01,Kepulauan Bangka Belitung,Cabai Rawit,66750.0,True
2021-02,Kepulauan Bangka Belitung,Cabai Rawit,86250.0,False
2021-03,Kepulauan Bangka Belitung,Cabai Rawit,116250.0,False
2021-04,Kepulauan Bangka Belitung,Cabai Rawit,90000.0,False
2021-05,Kepulauan Bangka Belitung,Cabai Rawit,61250.0,False
2021-06,Kepulauan Bangka Belitung,Cabai Rawit,73125.0,True
2021-07,Kepulauan Bangka Belitung,Cabai Rawit,85000.0,False
2021-08,Kepulauan Bangka Belitung,Cabai Rawit,71250.0,False
2021-09,Kepulauan Bangka Belitung,Cabai Rawit,38750.0,False
2021-10,Kepulauan Bangka Belitung,Cabai Rawit,42250.0,False
2021-11,Kepulauan Bangka Belitung,Cabai Rawit,40000.0,False
2021-12,Kepulauan Bangka Belitung,Cabai Rawit,46900.0,False
2022-01,Kepulauan Bangka Belitung,Cabai Rawit,119400.0,False
2022-02,Kepulauan Bangka Belitung,Cabai Rawit,90950.0,True
2022-03,Kepulauan Bangka Belitung,Cabai Rawit,62500.0,False
2022-04,Kepulauan Bangka Belitung,Cabai Rawit,64400.0,False
2022-05,Kepulauan Bangka Belitung,Cabai Rawit,87100.0,True
2022-06,Kepulauan Bangka Belitung,Cabai Rawit,109800.0,True
2022-07,Kepulauan Bangka Belitung,Cabai Rawit,132500.0,False
2022-08,Kepulauan Bangka Belitung,Cabai Rawit,89000.0,False
2022-09,Kepulauan Bangka Belitung,Cabai Rawit,64400.0,False
2022-10,Kepulauan Bangka Belitung,Cabai Rawit,76900.0,False
2022-11,Kepulauan Bangka Belitung,Cabai Rawit,54400.0,False
2022-12,Kepulauan Bangka Belitung,Cabai Rawit,47250.0,False
2023-01,Kepulauan Bangka Belitung,Cabai Rawit,75000.0,False
2023-02,Kepulauan Bangka Belitung,Cabai Rawit,65000.0,False
2023-03,Kepulauan Bangka Belitung,Cabai Rawit,79400.0,False
2023-04,Kepulauan Bangka Belitung,Cabai Rawit,53150.0,False
2023-05,Kepulauan Bangka Belitung,Cabai Rawit,50325.0,True
2023-06,Kepulauan Bangka Belitung,Cabai Rawit,47500.0,False
2023-07,Kepulauan Bangka Belitung,Cabai Rawit,57750.0,False
2023-08,Kepulauan Bangka Belitung,Cabai Rawit,48250.0,False
2023-09,Kepulauan Bangka Belitung,Cabai Rawit,54400.0,False
2023-10,Kepulauan Bangka Belitung,Cabai Rawit,57500.0,False
2023-11,Kepulauan Bangka Belitung,Cabai Rawit,94400.0,False
2023-12,Kepulauan Bangka Belitung,Cabai Rawit,115650.0,False
2024-01,Kepulauan Bangka Belitung,Cabai Rawit,87500.0,False
2024-02,Kepulauan Bangka Belitung,Cabai Rawit,57500.0,False
2024-03,Kepulauan Bangka Belitung,Cabai Rawit,91900.0,False
2024-04,Kepulauan Bangka Belitung,Cabai Rawit,63150.0,False
2024-05,Kepulauan Bangka Belitung,Cabai Rawit,50650.0,False
2024-06,Kepulauan Bangka Belitung,Cabai Rawit,55000.0,False
2024-07,Kepulauan Bangka Belitung,Cabai Rawit,55650.0,False
2024-08,Kepulauan Bangka Belitung,Cabai Rawit,91900.0,False
2024-09,Kepulauan Bangka Belitung,Cabai Rawit,55000.0,False
2024-10,Kepulauan Bangka Belitung,Cabai Rawit,58400.0,False
2024-11,Kepulauan Bangka Belitung,Cabai Rawit,52900.0,False
2024-12,Kepulauan Bangka Belitung,Cabai Rawit,33650.0,False
2025-01,Kepulauan Bangka Belitung,Cabai Rawit,53400.0,True
2025-02,Kepulauan Bangka Belitung,Cabai Rawit,73150.0,False
2025-03,Kepulauan Bangka Belitung,Cabai Rawit,103150.0,False
2025-04,Kepulauan Bangka Belitung,Cabai Rawit,103150.0,False
2025-05,Kepulauan Bangka Belitung,Cabai Rawit,75000.0,False
2025-06,Kepulauan Bangka Belitung,Cabai Rawit,56250.0,False
2025-07,Kepulauan Bangka Belitung,Cabai Rawit,82150.0,False
2025-08,Kepulauan Bangka Belitung,Cabai Rawit,62500.0,False
2025-09,Kepulauan Bangka Belitung,Cabai Rawit,54500.0,False
2025-10,Kepulauan Bangka Belitung,Cabai Rawit,62900.0,False
2025-11,Kepulauan Bangka Belitung,Cabai Rawit,49500.0,False
2025-12,Kepulauan Bangka Belitung,Cabai Rawit,77500.0,False
2026-01,Kepulauan Bangka Belitung,Cabai Rawit,88150.0,False
2026-02,Kepulauan Bangka Belitung,Cabai Rawit,71250.0,False
2026-03,Kepulauan Bangka Belitung,Cabai Rawit,60400.0,False
2026-04,Kepulauan Bangka Belitung,Cabai Rawit,81900.0,False
2026-05,Kepulauan Bangka Belitung,Cabai Rawit,60150.0,False
2026-06,Kepulauan Bangka Belitung,Cabai Rawit,99400.0,False
2026-07,Kepulauan Bangka Belitung,Cabai Rawit,61150.0,False
2020-02,Kepulauan Riau,Bawang Merah,36250.0,False
2020-03,Kepulauan Riau,Bawang Merah,33450.0,False
2020-04,Kepulauan Riau,Bawang Merah,35700.0,False
2020-05,Kepulauan Riau,Bawang Merah,39000.0,False
2020-06,Kepulauan Riau,Bawang Merah,37350.0,True
2020-07,Kepulauan Riau,Bawang Merah,35700.0,False
2020-08,Kepulauan Riau,Bawang Merah,39650.0,False
2020-09,Kepulauan Riau,Bawang Merah,33850.0,False
2020-10,Kepulauan Riau,Bawang Merah,33950.0,False
2020-11,Kepulauan Riau,Bawang Merah,42950.0,False
2020-12,Kepulauan Riau,Bawang Merah,42700.0,False
2021-01,Kepulauan Riau,Bawang Merah,39875.0,True
2021-02,Kepulauan Riau,Bawang Merah,37050.0,False
2021-03,Kepulauan Riau,Bawang Merah,30900.0,False
2021-04,Kepulauan Riau,Bawang Merah,26950.0,False
2021-05,Kepulauan Riau,Bawang Merah,25850.0,False
2021-06,Kepulauan Riau,Bawang Merah,28425.0,True
2021-07,Kepulauan Riau,Bawang Merah,31000.0,False
2021-08,Kepulauan Riau,Bawang Merah,31900.0,False
2021-09,Kepulauan Riau,Bawang Merah,37250.0,False
2021-10,Kepulauan Riau,Bawang Merah,30500.0,False
2021-11,Kepulauan Riau,Bawang Merah,32750.0,False
2021-12,Kepulauan Riau,Bawang Merah,29500.0,False
2022-01,Kepulauan Riau,Bawang Merah,34850.0,False
2022-02,Kepulauan Riau,Bawang Merah,33100.0,True
2022-03,Kepulauan Riau,Bawang Merah,31350.0,False
2022-04,Kepulauan Riau,Bawang Merah,26850.0,False
2022-05,Kepulauan Riau,Bawang Merah,30083.33333333333,True
2022-06,Kepulauan Riau,Bawang Merah,33316.666666666664,True
2022-07,Kepulauan Riau,Bawang Merah,36550.0,False
2022-08,Kepulauan Riau,Bawang Merah,36000.0,False
2022-09,Kepulauan Riau,Bawang Merah,29300.0,False
2022-10,Kepulauan Riau,Bawang Merah,39100.0,False
2022-11,Kepulauan Riau,Bawang Merah,38000.0,False
2022-12,Kepulauan Riau,Bawang Merah,40800.0,False
2023-01,Kepulauan Riau,Bawang Merah,41550.0,False
2023-02,Kepulauan Riau,Bawang Merah,35700.0,False
2023-03,Kepulauan Riau,Bawang Merah,34750.0,False
2023-04,Kepulauan Riau,Bawang Merah,31700.0,False
2023-05,Kepulauan Riau,Bawang Merah,32700.0,False
2023-06,Kepulauan Riau,Bawang Merah,34000.0,False
2023-07,Kepulauan Riau,Bawang Merah,38350.0,False
2023-08,Kepulauan Riau,Bawang Merah,37350.0,False
2023-09,Kepulauan Riau,Bawang Merah,35200.0,False
2023-10,Kepulauan Riau,Bawang Merah,33800.0,False
2023-11,Kepulauan Riau,Bawang Merah,33450.0,False
2023-12,Kepulauan Riau,Bawang Merah,38600.0,False
2024-01,Kepulauan Riau,Bawang Merah,41950.0,False
2024-02,Kepulauan Riau,Bawang Merah,35500.0,False
2024-03,Kepulauan Riau,Bawang Merah,32900.0,False
2024-04,Kepulauan Riau,Bawang Merah,31800.0,False
2024-05,Kepulauan Riau,Bawang Merah,36700.0,False
2024-06,Kepulauan Riau,Bawang Merah,37750.0,False
2024-07,Kepulauan Riau,Bawang Merah,42150.0,False
2024-08,Kepulauan Riau,Bawang Merah,37250.0,False
2024-09,Kepulauan Riau,Bawang Merah,36000.0,False
2024-10,Kepulauan Riau,Bawang Merah,36200.0,False
2024-11,Kepulauan Riau,Bawang Merah,38250.0,False
2024-12,Kepulauan Riau,Bawang Merah,49100.0,False
2025-01,Kepulauan Riau,Bawang Merah,44750.0,False
2025-02,Kepulauan Riau,Bawang Merah,34000.0,False
2025-03,Kepulauan Riau,Bawang Merah,39100.0,False
2025-04,Kepulauan Riau,Bawang Merah,40600.0,False
2025-05,Kepulauan Riau,Bawang Merah,35750.0,False
2025-06,Kepulauan Riau,Bawang Merah,35000.0,False
2025-07,Kepulauan Riau,Bawang Merah,35000.0,False
2025-08,Kepulauan Riau,Bawang Merah,52450.0,False
2025-09,Kepulauan Riau,Bawang Merah,37100.0,False
2025-10,Kepulauan Riau,Bawang Merah,31900.0,False
2025-11,Kepulauan Riau,Bawang Merah,38150.0,False
2025-12,Kepulauan Riau,Bawang Merah,38150.0,False
2026-01,Kepulauan Riau,Bawang Merah,47500.0,False
2026-02,Kepulauan Riau,Bawang Merah,37900.0,False
2026-03,Kepulauan Riau,Bawang Merah,33950.0,False
2026-04,Kepulauan Riau,Bawang Merah,32150.0,False
2026-05,Kepulauan Riau,Bawang Merah,29850.0,False
2026-06,Kepulauan Riau,Bawang Merah,38100.0,False
2026-07,Kepulauan Riau,Bawang Merah,38700.0,False
2020-02,Kepulauan Riau,Beras,13550.0,False
2020-03,Kepulauan Riau,Beras,13550.0,False
2020-04,Kepulauan Riau,Beras,13550.0,False
2020-05,Kepulauan Riau,Beras,14000.0,False
2020-06,Kepulauan Riau,Beras,13650.0,True
2020-07,Kepulauan Riau,Beras,13300.0,False
2020-08,Kepulauan Riau,Beras,13300.0,False
2020-09,Kepulauan Riau,Beras,13600.0,False
2020-10,Kepulauan Riau,Beras,13650.0,False
2020-11,Kepulauan Riau,Beras,13650.0,False
2020-12,Kepulauan Riau,Beras,13400.0,False
2021-01,Kepulauan Riau,Beras,13400.0,True
2021-02,Kepulauan Riau,Beras,13400.0,False
2021-03,Kepulauan Riau,Beras,13200.0,False
2021-04,Kepulauan Riau,Beras,13200.0,False
2021-05,Kepulauan Riau,Beras,13200.0,False
2021-06,Kepulauan Riau,Beras,13075.0,True
2021-07,Kepulauan Riau,Beras,12950.0,False
2021-08,Kepulauan Riau,Beras,12950.0,False
2021-09,Kepulauan Riau,Beras,12950.0,False
2021-10,Kepulauan Riau,Beras,13300.0,False
2021-11,Kepulauan Riau,Beras,13450.0,False
2021-12,Kepulauan Riau,Beras,13450.0,False
2022-01,Kepulauan Riau,Beras,13450.0,False
2022-02,Kepulauan Riau,Beras,13125.0,True
2022-03,Kepulauan Riau,Beras,12800.0,False
2022-04,Kepulauan Riau,Beras,12800.0,False
2022-05,Kepulauan Riau,Beras,12766.666666666666,True
2022-06,Kepulauan Riau,Beras,12733.333333333334,True
2022-07,Kepulauan Riau,Beras,12700.0,False
2022-08,Kepulauan Riau,Beras,12700.0,False
2022-09,Kepulauan Riau,Beras,12700.0,False
2022-10,Kepulauan Riau,Beras,12700.0,False
2022-11,Kepulauan Riau,Beras,12700.0,False
2022-12,Kepulauan Riau,Beras,13050.0,False
2023-01,Kepulauan Riau,Beras,13100.0,False
2023-02,Kepulauan Riau,Beras,13100.0,False
2023-03,Kepulauan Riau,Beras,13400.0,False
2023-04,Kepulauan Riau,Beras,13400.0,False
2023-05,Kepulauan Riau,Beras,13400.0,False
2023-06,Kepulauan Riau,Beras,13650.0,False
2023-07,Kepulauan Riau,Beras,13750.0,False
2023-08,Kepulauan Riau,Beras,13300.0,False
2023-09,Kepulauan Riau,Beras,13500.0,False
2023-10,Kepulauan Riau,Beras,14300.0,False
2023-11,Kepulauan Riau,Beras,14300.0,False
2023-12,Kepulauan Riau,Beras,14300.0,False
2024-01,Kepulauan Riau,Beras,14400.0,False
2024-02,Kepulauan Riau,Beras,14400.0,False
2024-03,Kepulauan Riau,Beras,14550.0,False
2024-04,Kepulauan Riau,Beras,14700.0,False
2024-05,Kepulauan Riau,Beras,14700.0,False
2024-06,Kepulauan Riau,Beras,14700.0,False
2024-07,Kepulauan Riau,Beras,14700.0,False
2024-08,Kepulauan Riau,Beras,15150.0,False
2024-09,Kepulauan Riau,Beras,15150.0,False
2024-10,Kepulauan Riau,Beras,14900.0,False
2024-11,Kepulauan Riau,Beras,14900.0,False
2024-12,Kepulauan Riau,Beras,14800.0,False
2025-01,Kepulauan Riau,Beras,15300.0,False
2025-02,Kepulauan Riau,Beras,15450.0,False
2025-03,Kepulauan Riau,Beras,15450.0,False
2025-04,Kepulauan Riau,Beras,15450.0,False
2025-05,Kepulauan Riau,Beras,15550.0,False
2025-06,Kepulauan Riau,Beras,15450.0,False
2025-07,Kepulauan Riau,Beras,15450.0,False
2025-08,Kepulauan Riau,Beras,15500.0,False
2025-09,Kepulauan Riau,Beras,15500.0,False
2025-10,Kepulauan Riau,Beras,15500.0,False
2025-11,Kepulauan Riau,Beras,15250.0,False
2025-12,Kepulauan Riau,Beras,15250.0,False
2026-01,Kepulauan Riau,Beras,15850.0,False
2026-02,Kepulauan Riau,Beras,15550.0,False
2026-03,Kepulauan Riau,Beras,15550.0,False
2026-04,Kepulauan Riau,Beras,15550.0,False
2026-05,Kepulauan Riau,Beras,15700.0,False
2026-06,Kepulauan Riau,Beras,15600.0,False
2026-07,Kepulauan Riau,Beras,15600.0,False
2020-02,Kepulauan Riau,Cabai Rawit,,False
2020-03,Kepulauan Riau,Cabai Rawit,,False
2020-04,Kepulauan Riau,Cabai Rawit,,False
2020-05,Kepulauan Riau,Cabai Rawit,,False
2020-06,Kepulauan Riau,Cabai Rawit,,False
2020-07,Kepulauan Riau,Cabai Rawit,,False
2020-08,Kepulauan Riau,Cabai Rawit,,False
2020-09,Kepulauan Riau,Cabai Rawit,,False
2020-10,Kepulauan Riau,Cabai Rawit,,False
2020-11,Kepulauan Riau,Cabai Rawit,,False
2020-12,Kepulauan Riau,Cabai Rawit,,False
2021-01,Kepulauan Riau,Cabai Rawit,,False
2021-02,Kepulauan Riau,Cabai Rawit,,False
2021-03,Kepulauan Riau,Cabai Rawit,,False
2021-04,Kepulauan Riau,Cabai Rawit,,False
2021-05,Kepulauan Riau,Cabai Rawit,,False
2021-06,Kepulauan Riau,Cabai Rawit,,False
2021-07,Kepulauan Riau,Cabai Rawit,,False
2021-08,Kepulauan Riau,Cabai Rawit,,False
2021-09,Kepulauan Riau,Cabai Rawit,,False
2021-10,Kepulauan Riau,Cabai Rawit,,False
2021-11,Kepulauan Riau,Cabai Rawit,,False
2021-12,Kepulauan Riau,Cabai Rawit,,False
2022-01,Kepulauan Riau,Cabai Rawit,,False
2022-02,Kepulauan Riau,Cabai Rawit,,False
2022-03,Kepulauan Riau,Cabai Rawit,,False
2022-04,Kepulauan Riau,Cabai Rawit,,False
2022-05,Kepulauan Riau,Cabai Rawit,,False
2022-06,Kepulauan Riau,Cabai Rawit,,False
2022-07,Kepulauan Riau,Cabai Rawit,,False
2022-08,Kepulauan Riau,Cabai Rawit,,False
2022-09,Kepulauan Riau,Cabai Rawit,,False
2022-10,Kepulauan Riau,Cabai Rawit,,False
2022-11,Kepulauan Riau,Cabai Rawit,,False
2022-12,Kepulauan Riau,Cabai Rawit,,False
2023-01,Kepulauan Riau,Cabai Rawit,,False
2023-02,Kepulauan Riau,Cabai Rawit,,False
2023-03,Kepulauan Riau,Cabai Rawit,,False
2023-04,Kepulauan Riau,Cabai Rawit,,False
2023-05,Kepulauan Riau,Cabai Rawit,,False
2023-06,Kepulauan Riau,Cabai Rawit,,False
2023-07,Kepulauan Riau,Cabai Rawit,,False
2023-08,Kepulauan Riau,Cabai Rawit,,False
2023-09,Kepulauan Riau,Cabai Rawit,,False
2023-10,Kepulauan Riau,Cabai Rawit,,False
2023-11,Kepulauan Riau,Cabai Rawit,,False
2023-12,Kepulauan Riau,Cabai Rawit,,False
2024-01,Kepulauan Riau,Cabai Rawit,,False
2024-02,Kepulauan Riau,Cabai Rawit,,False
2024-03,Kepulauan Riau,Cabai Rawit,,False
2024-04,Kepulauan Riau,Cabai Rawit,,False
2024-05,Kepulauan Riau,Cabai Rawit,,False
2024-06,Kepulauan Riau,Cabai Rawit,,False
2024-07,Kepulauan Riau,Cabai Rawit,,False
2024-08,Kepulauan Riau,Cabai Rawit,,False
2024-09,Kepulauan Riau,Cabai Rawit,,False
2024-10,Kepulauan Riau,Cabai Rawit,,False
2024-11,Kepulauan Riau,Cabai Rawit,,False
2024-12,Kepulauan Riau,Cabai Rawit,,False
2025-01,Kepulauan Riau,Cabai Rawit,,False
2025-02,Kepulauan Riau,Cabai Rawit,,False
2025-03,Kepulauan Riau,Cabai Rawit,,False
2025-04,Kepulauan Riau,Cabai Rawit,,False
2025-05,Kepulauan Riau,Cabai Rawit,,False
2025-06,Kepulauan Riau,Cabai Rawit,,False
2025-07,Kepulauan Riau,Cabai Rawit,,False
2025-08,Kepulauan Riau,Cabai Rawit,,False
2025-09,Kepulauan Riau,Cabai Rawit,,False
2025-10,Kepulauan Riau,Cabai Rawit,,False
2025-11,Kepulauan Riau,Cabai Rawit,,False
2025-12,Kepulauan Riau,Cabai Rawit,76650.0,True
2026-01,Kepulauan Riau,Cabai Rawit,76650.0,True
2026-02,Kepulauan Riau,Cabai Rawit,76650.0,False
2026-03,Kepulauan Riau,Cabai Rawit,70000.0,False
2026-04,Kepulauan Riau,Cabai Rawit,60850.0,False
2026-05,Kepulauan Riau,Cabai Rawit,63350.0,False
2026-06,Kepulauan Riau,Cabai Rawit,83850.0,False
2026-07,Kepulauan Riau,Cabai Rawit,65500.0,False
2020-02,Lampung,Bawang Merah,28500.0,False
2020-03,Lampung,Bawang Merah,27250.0,False
2020-04,Lampung,Bawang Merah,40650.0,False
2020-05,Lampung,Bawang Merah,39516.66666666666,True
2020-06,Lampung,Bawang Merah,38383.333333333336,True
2020-07,Lampung,Bawang Merah,37250.0,False
2020-08,Lampung,Bawang Merah,27000.0,False
2020-09,Lampung,Bawang Merah,25500.0,False
2020-10,Lampung,Bawang Merah,26500.0,False
2020-11,Lampung,Bawang Merah,32400.0,False
2020-12,Lampung,Bawang Merah,31400.0,False
2021-01,Lampung,Bawang Merah,28700.0,True
2021-02,Lampung,Bawang Merah,26000.0,False
2021-03,Lampung,Bawang Merah,32900.0,False
2021-04,Lampung,Bawang Merah,30750.0,False
2021-05,Lampung,Bawang Merah,28500.0,False
2021-06,Lampung,Bawang Merah,28500.0,True
2021-07,Lampung,Bawang Merah,28500.0,False
2021-08,Lampung,Bawang Merah,32000.0,False
2021-09,Lampung,Bawang Merah,26500.0,False
2021-10,Lampung,Bawang Merah,23650.0,False
2021-11,Lampung,Bawang Merah,23400.0,False
2021-12,Lampung,Bawang Merah,18750.0,False
2022-01,Lampung,Bawang Merah,24000.0,False
2022-02,Lampung,Bawang Merah,28000.0,True
2022-03,Lampung,Bawang Merah,32000.0,False
2022-04,Lampung,Bawang Merah,26500.0,False
2022-05,Lampung,Bawang Merah,35083.333333333336,True
2022-06,Lampung,Bawang Merah,43666.66666666667,True
2022-07,Lampung,Bawang Merah,52250.0,False
2022-08,Lampung,Bawang Merah,33150.0,False
2022-09,Lampung,Bawang Merah,27500.0,False
2022-10,Lampung,Bawang Merah,28400.0,False
2022-11,Lampung,Bawang Merah,29500.0,False
2022-12,Lampung,Bawang Merah,27900.0,False
2023-01,Lampung,Bawang Merah,31650.0,False
2023-02,Lampung,Bawang Merah,38900.0,False
2023-03,Lampung,Bawang Merah,31000.0,False
2023-04,Lampung,Bawang Merah,29750.0,False
2023-05,Lampung,Bawang Merah,38250.0,False
2023-06,Lampung,Bawang Merah,36000.0,False
2023-07,Lampung,Bawang Merah,35250.0,False
2023-08,Lampung,Bawang Merah,25900.0,False
2023-09,Lampung,Bawang Merah,24500.0,False
2023-10,Lampung,Bawang Merah,21000.0,False
2023-11,Lampung,Bawang Merah,21500.0,False
2023-12,Lampung,Bawang Merah,26150.0,False
2024-01,Lampung,Bawang Merah,26575.0,True
2024-02,Lampung,Bawang Merah,27000.0,False
2024-03,Lampung,Bawang Merah,29500.0,False
2024-04,Lampung,Bawang Merah,29900.0,False
2024-05,Lampung,Bawang Merah,54150.0,False
2024-06,Lampung,Bawang Merah,38000.0,False
2024-07,Lampung,Bawang Merah,30900.0,False
2024-08,Lampung,Bawang Merah,22500.0,False
2024-09,Lampung,Bawang Merah,21000.0,False
2024-10,Lampung,Bawang Merah,24500.0,False
2024-11,Lampung,Bawang Merah,28250.0,False
2024-12,Lampung,Bawang Merah,35000.0,False
2025-01,Lampung,Bawang Merah,35750.0,False
2025-02,Lampung,Bawang Merah,30900.0,False
2025-03,Lampung,Bawang Merah,36900.0,False
2025-04,Lampung,Bawang Merah,45750.0,False
2025-05,Lampung,Bawang Merah,39250.0,False
2025-06,Lampung,Bawang Merah,35000.0,False
2025-07,Lampung,Bawang Merah,38500.0,False
2025-08,Lampung,Bawang Merah,55900.0,False
2025-09,Lampung,Bawang Merah,36400.0,False
2025-10,Lampung,Bawang Merah,35000.0,False
2025-11,Lampung,Bawang Merah,37150.0,False
2025-12,Lampung,Bawang Merah,42650.0,False
2026-01,Lampung,Bawang Merah,36750.0,False
2026-02,Lampung,Bawang Merah,36500.0,False
2026-03,Lampung,Bawang Merah,38250.0,False
2026-04,Lampung,Bawang Merah,42150.0,False
2026-05,Lampung,Bawang Merah,41650.0,False
2026-06,Lampung,Bawang Merah,50400.0,False
2026-07,Lampung,Bawang Merah,42750.0,False
2020-02,Lampung,Beras,11600.0,False
2020-03,Lampung,Beras,11600.0,False
2020-04,Lampung,Beras,11600.0,False
2020-05,Lampung,Beras,11583.333333333334,True
2020-06,Lampung,Beras,11566.666666666666,True
2020-07,Lampung,Beras,11550.0,False
2020-08,Lampung,Beras,11450.0,False
2020-09,Lampung,Beras,11450.0,False
2020-10,Lampung,Beras,11450.0,False
2020-11,Lampung,Beras,11450.0,False
2020-12,Lampung,Beras,11450.0,False
2021-01,Lampung,Beras,11350.0,True
2021-02,Lampung,Beras,11250.0,False
2021-03,Lampung,Beras,11250.0,False
2021-04,Lampung,Beras,11150.0,False
2021-05,Lampung,Beras,11150.0,False
2021-06,Lampung,Beras,11150.0,True
2021-07,Lampung,Beras,11150.0,False
2021-08,Lampung,Beras,11150.0,False
2021-09,Lampung,Beras,11150.0,False
2021-10,Lampung,Beras,11150.0,False
2021-11,Lampung,Beras,11150.0,False
2021-12,Lampung,Beras,11150.0,False
2022-01,Lampung,Beras,11200.0,False
2022-02,Lampung,Beras,11275.0,True
2022-03,Lampung,Beras,11350.0,False
2022-04,Lampung,Beras,11200.0,False
2022-05,Lampung,Beras,11200.0,True
2022-06,Lampung,Beras,11200.0,True
2022-07,Lampung,Beras,11200.0,False
2022-08,Lampung,Beras,11300.0,False
2022-09,Lampung,Beras,11400.0,False
2022-10,Lampung,Beras,11450.0,False
2022-11,Lampung,Beras,11600.0,False
2022-12,Lampung,Beras,11550.0,False
2023-01,Lampung,Beras,11850.0,False
2023-02,Lampung,Beras,12050.0,False
2023-03,Lampung,Beras,12300.0,False
2023-04,Lampung,Beras,12250.0,False
2023-05,Lampung,Beras,12250.0,False
2023-06,Lampung,Beras,12250.0,False
2023-07,Lampung,Beras,12250.0,False
2023-08,Lampung,Beras,12350.0,False
2023-09,Lampung,Beras,12500.0,False
2023-10,Lampung,Beras,12800.0,False
2023-11,Lampung,Beras,13300.0,False
2023-12,Lampung,Beras,13300.0,False
2024-01,Lampung,Beras,13375.0,True
2024-02,Lampung,Beras,13450.0,False
2024-03,Lampung,Beras,14400.0,False
2024-04,Lampung,Beras,14800.0,False
2024-05,Lampung,Beras,14450.0,False
2024-06,Lampung,Beras,14300.0,False
2024-07,Lampung,Beras,14350.0,False
2024-08,Lampung,Beras,14450.0,False
2024-09,Lampung,Beras,14550.0,False
2024-10,Lampung,Beras,14650.0,False
2024-11,Lampung,Beras,14750.0,False
2024-12,Lampung,Beras,14750.0,False
2025-01,Lampung,Beras,14750.0,False
2025-02,Lampung,Beras,14750.0,False
2025-03,Lampung,Beras,14750.0,False
2025-04,Lampung,Beras,14900.0,False
2025-05,Lampung,Beras,14750.0,False
2025-06,Lampung,Beras,14600.0,False
2025-07,Lampung,Beras,14850.0,False
2025-08,Lampung,Beras,14750.0,False
2025-09,Lampung,Beras,14750.0,False
2025-10,Lampung,Beras,14850.0,False
2025-11,Lampung,Beras,14750.0,False
2025-12,Lampung,Beras,14800.0,False
2026-01,Lampung,Beras,15100.0,False
2026-02,Lampung,Beras,15100.0,False
2026-03,Lampung,Beras,15150.0,False
2026-04,Lampung,Beras,15150.0,False
2026-05,Lampung,Beras,15200.0,False
2026-06,Lampung,Beras,15250.0,False
2026-07,Lampung,Beras,15450.0,False
2020-02,Lampung,Cabai Besar,61500.0,False
2020-03,Lampung,Cabai Besar,58000.0,False
2020-04,Lampung,Cabai Besar,45250.0,False
2020-05,Lampung,Cabai Besar,41300.0,True
2020-06,Lampung,Cabai Besar,37350.0,True
2020-07,Lampung,Cabai Besar,33400.0,False
2020-08,Lampung,Cabai Besar,30150.0,False
2020-09,Lampung,Cabai Besar,29900.0,False
2020-10,Lampung,Cabai Besar,38150.0,False
2020-11,Lampung,Cabai Besar,42650.0,False
2020-12,Lampung,Cabai Besar,46150.0,False
2021-01,Lampung,Cabai Besar,52950.0,True
2021-02,Lampung,Cabai Besar,59750.0,False
2021-03,Lampung,Cabai Besar,53250.0,False
2021-04,Lampung,Cabai Besar,54400.0,False
2021-05,Lampung,Cabai Besar,47650.0,False
2021-06,Lampung,Cabai Besar,43275.0,True
2021-07,Lampung,Cabai Besar,38900.0,False
2021-08,Lampung,Cabai Besar,36900.0,False
2021-09,Lampung,Cabai Besar,34400.0,False
2021-10,Lampung,Cabai Besar,35000.0,False
2021-11,Lampung,Cabai Besar,41750.0,False
2021-12,Lampung,Cabai Besar,51500.0,False
2022-01,Lampung,Cabai Besar,46250.0,False
2022-02,Lampung,Cabai Besar,45250.0,True
2022-03,Lampung,Cabai Besar,44250.0,False
2022-04,Lampung,Cabai Besar,44250.0,False
2022-05,Lampung,Cabai Besar,54716.66666666666,True
2022-06,Lampung,Cabai Besar,65183.33333333333,True
2022-07,Lampung,Cabai Besar,75650.0,False
2022-08,Lampung,Cabai Besar,73750.0,False
2022-09,Lampung,Cabai Besar,65650.0,False
2022-10,Lampung,Cabai Besar,51900.0,False
2022-11,Lampung,Cabai Besar,42650.0,False
2022-12,Lampung,Cabai Besar,38150.0,False
2023-01,Lampung,Cabai Besar,47500.0,False
2023-02,Lampung,Cabai Besar,43900.0,False
2023-03,Lampung,Cabai Besar,42750.0,False
2023-04,Lampung,Cabai Besar,37900.0,False
2023-05,Lampung,Cabai Besar,52900.0,False
2023-06,Lampung,Cabai Besar,41900.0,False
2023-07,Lampung,Cabai Besar,49500.0,False
2023-08,Lampung,Cabai Besar,46900.0,False
2023-09,Lampung,Cabai Besar,47000.0,False
2023-10,Lampung,Cabai Besar,48900.0,False
2023-11,Lampung,Cabai Besar,63000.0,False
2023-12,Lampung,Cabai Besar,87500.0,False
2024-01,Lampung,Cabai Besar,81950.0,True
2024-02,Lampung,Cabai Besar,76400.0,False
2024-03,Lampung,Cabai Besar,95150.0,False
2024-04,Lampung,Cabai Besar,51000.0,False
2024-05,Lampung,Cabai Besar,61900.0,False
2024-06,Lampung,Cabai Besar,62150.0,False
2024-07,Lampung,Cabai Besar,55650.0,False
2024-08,Lampung,Cabai Besar,52500.0,False
2024-09,Lampung,Cabai Besar,44000.0,False
2024-10,Lampung,Cabai Besar,41400.0,False
2024-11,Lampung,Cabai Besar,42250.0,False
2024-12,Lampung,Cabai Besar,39000.0,False
2025-01,Lampung,Cabai Besar,70500.0,False
2025-02,Lampung,Cabai Besar,68250.0,False
2025-03,Lampung,Cabai Besar,68500.0,False
2025-04,Lampung,Cabai Besar,66000.0,False
2025-05,Lampung,Cabai Besar,51900.0,False
2025-06,Lampung,Cabai Besar,49000.0,False
2025-07,Lampung,Cabai Besar,48650.0,False
2025-08,Lampung,Cabai Besar,50000.0,False
2025-09,Lampung,Cabai Besar,48900.0,False
2025-10,Lampung,Cabai Besar,55750.0,False
2025-11,Lampung,Cabai Besar,61900.0,False
2025-12,Lampung,Cabai Besar,71900.0,False
2026-01,Lampung,Cabai Besar,57500.0,False
2026-02,Lampung,Cabai Besar,38250.0,False
2026-03,Lampung,Cabai Besar,42250.0,False
2026-04,Lampung,Cabai Besar,38150.0,False
2026-05,Lampung,Cabai Besar,52250.0,False
2026-06,Lampung,Cabai Besar,55650.0,False
2026-07,Lampung,Cabai Besar,54750.0,False
2020-02,Lampung,Cabai Rawit,81900.0,False
2020-03,Lampung,Cabai Rawit,35400.0,False
2020-04,Lampung,Cabai Rawit,45150.0,False
2020-05,Lampung,Cabai Rawit,38150.0,True
2020-06,Lampung,Cabai Rawit,31150.0,True
2020-07,Lampung,Cabai Rawit,24150.0,False
2020-08,Lampung,Cabai Rawit,25150.0,False
2020-09,Lampung,Cabai Rawit,19500.0,False
2020-10,Lampung,Cabai Rawit,22400.0,False
2020-11,Lampung,Cabai Rawit,24900.0,False
2020-12,Lampung,Cabai Rawit,40750.0,False
2021-01,Lampung,Cabai Rawit,58500.0,True
2021-02,Lampung,Cabai Rawit,76250.0,False
2021-03,Lampung,Cabai Rawit,91250.0,False
2021-04,Lampung,Cabai Rawit,85000.0,False
2021-05,Lampung,Cabai Rawit,49250.0,False
2021-06,Lampung,Cabai Rawit,46500.0,True
2021-07,Lampung,Cabai Rawit,43750.0,False
2021-08,Lampung,Cabai Rawit,44150.0,False
2021-09,Lampung,Cabai Rawit,19900.0,False
2021-10,Lampung,Cabai Rawit,23250.0,False
2021-11,Lampung,Cabai Rawit,23650.0,False
2021-12,Lampung,Cabai Rawit,38900.0,False
2022-01,Lampung,Cabai Rawit,80000.0,False
2022-02,Lampung,Cabai Rawit,64825.0,True
2022-03,Lampung,Cabai Rawit,49650.0,False
2022-04,Lampung,Cabai Rawit,40900.0,False
2022-05,Lampung,Cabai Rawit,58316.66666666667,True
2022-06,Lampung,Cabai Rawit,75733.33333333334,True
2022-07,Lampung,Cabai Rawit,93150.0,False
2022-08,Lampung,Cabai Rawit,65650.0,False
2022-09,Lampung,Cabai Rawit,48400.0,False
2022-10,Lampung,Cabai Rawit,56150.0,False
2022-11,Lampung,Cabai Rawit,36400.0,False
2022-12,Lampung,Cabai Rawit,32900.0,False
2023-01,Lampung,Cabai Rawit,75650.0,False
2023-02,Lampung,Cabai Rawit,50750.0,False
2023-03,Lampung,Cabai Rawit,60400.0,False
2023-04,Lampung,Cabai Rawit,45150.0,False
2023-05,Lampung,Cabai Rawit,36900.0,False
2023-06,Lampung,Cabai Rawit,39150.0,False
2023-07,Lampung,Cabai Rawit,32500.0,False
2023-08,Lampung,Cabai Rawit,35250.0,False
2023-09,Lampung,Cabai Rawit,36750.0,False
2023-10,Lampung,Cabai Rawit,38400.0,False
2023-11,Lampung,Cabai Rawit,71250.0,False
2023-12,Lampung,Cabai Rawit,91250.0,False
2024-01,Lampung,Cabai Rawit,67450.0,True
2024-02,Lampung,Cabai Rawit,43650.0,False
2024-03,Lampung,Cabai Rawit,69900.0,False
2024-04,Lampung,Cabai Rawit,35650.0,False
2024-05,Lampung,Cabai Rawit,36900.0,False
2024-06,Lampung,Cabai Rawit,35400.0,False
2024-07,Lampung,Cabai Rawit,37400.0,False
2024-08,Lampung,Cabai Rawit,71900.0,False
2024-09,Lampung,Cabai Rawit,37500.0,False
2024-10,Lampung,Cabai Rawit,37650.0,False
2024-11,Lampung,Cabai Rawit,37750.0,False
2024-12,Lampung,Cabai Rawit,27900.0,False
2025-01,Lampung,Cabai Rawit,63750.0,False
2025-02,Lampung,Cabai Rawit,70650.0,False
2025-03,Lampung,Cabai Rawit,83750.0,False
2025-04,Lampung,Cabai Rawit,81500.0,False
2025-05,Lampung,Cabai Rawit,41250.0,False
2025-06,Lampung,Cabai Rawit,34250.0,False
2025-07,Lampung,Cabai Rawit,54400.0,False
2025-08,Lampung,Cabai Rawit,37000.0,False
2025-09,Lampung,Cabai Rawit,31000.0,False
2025-10,Lampung,Cabai Rawit,36250.0,False
2025-11,Lampung,Cabai Rawit,29650.0,False
2025-12,Lampung,Cabai Rawit,56900.0,False
2026-01,Lampung,Cabai Rawit,61900.0,False
2026-02,Lampung,Cabai Rawit,56900.0,False
2026-03,Lampung,Cabai Rawit,61900.0,False
2026-04,Lampung,Cabai Rawit,58150.0,False
2026-05,Lampung,Cabai Rawit,53500.0,False
2026-06,Lampung,Cabai Rawit,69000.0,False
2026-07,Lampung,Cabai Rawit,46650.0,False
2020-02,Maluku,Bawang Merah,45650.0,False
2020-03,Maluku,Bawang Merah,52150.0,False
2020-04,Maluku,Bawang Merah,46150.0,False
2020-05,Maluku,Bawang Merah,52650.0,True
2020-06,Maluku,Bawang Merah,59150.0,True
2020-07,Maluku,Bawang Merah,65650.0,False
2020-08,Maluku,Bawang Merah,40650.0,False
2020-09,Maluku,Bawang Merah,40000.0,False
2020-10,Maluku,Bawang Merah,36900.0,False
2020-11,Maluku,Bawang Merah,42500.0,False
2020-12,Maluku,Bawang Merah,44650.0,False
2021-01,Maluku,Bawang Merah,40950.0,True
2021-02,Maluku,Bawang Merah,37250.0,False
2021-03,Maluku,Bawang Merah,38150.0,False
2021-04,Maluku,Bawang Merah,39000.0,False
2021-05,Maluku,Bawang Merah,37000.0,False
2021-06,Maluku,Bawang Merah,35825.0,True
2021-07,Maluku,Bawang Merah,34650.0,False
2021-08,Maluku,Bawang Merah,39400.0,False
2021-09,Maluku,Bawang Merah,40650.0,False
2021-10,Maluku,Bawang Merah,34000.0,False
2021-11,Maluku,Bawang Merah,32750.0,False
2021-12,Maluku,Bawang Merah,34650.0,False
2022-01,Maluku,Bawang Merah,32500.0,False
2022-02,Maluku,Bawang Merah,35000.0,True
2022-03,Maluku,Bawang Merah,37500.0,False
2022-04,Maluku,Bawang Merah,40150.0,False
2022-05,Maluku,Bawang Merah,50733.333333333336,True
2022-06,Maluku,Bawang Merah,61316.66666666667,True
2022-07,Maluku,Bawang Merah,71900.0,False
2022-08,Maluku,Bawang Merah,68750.0,False
2022-09,Maluku,Bawang Merah,42500.0,False
2022-10,Maluku,Bawang Merah,38000.0,False
2022-11,Maluku,Bawang Merah,37400.0,False
2022-12,Maluku,Bawang Merah,42150.0,False
2023-01,Maluku,Bawang Merah,44650.0,False
2023-02,Maluku,Bawang Merah,44750.0,False
2023-03,Maluku,Bawang Merah,43150.0,False
2023-04,Maluku,Bawang Merah,43150.0,False
2023-05,Maluku,Bawang Merah,45025.0,True
2023-06,Maluku,Bawang Merah,46900.0,False
2023-07,Maluku,Bawang Merah,43150.0,False
2023-08,Maluku,Bawang Merah,39750.0,False
2023-09,Maluku,Bawang Merah,34400.0,False
2023-10,Maluku,Bawang Merah,32250.0,False
2023-11,Maluku,Bawang Merah,31650.0,False
2023-12,Maluku,Bawang Merah,32500.0,False
2024-01,Maluku,Bawang Merah,38750.0,False
2024-02,Maluku,Bawang Merah,50650.0,False
2024-03,Maluku,Bawang Merah,41250.0,False
2024-04,Maluku,Bawang Merah,38750.0,False
2024-05,Maluku,Bawang Merah,62250.0,False
2024-06,Maluku,Bawang Merah,50650.0,False
2024-07,Maluku,Bawang Merah,46900.0,False
2024-08,Maluku,Bawang Merah,40650.0,False
2024-09,Maluku,Bawang Merah,36400.0,False
2024-10,Maluku,Bawang Merah,36250.0,False
2024-11,Maluku,Bawang Merah,36250.0,False
2024-12,Maluku,Bawang Merah,47500.0,False
2025-01,Maluku,Bawang Merah,52250.0,False
2025-02,Maluku,Bawang Merah,43000.0,False
2025-03,Maluku,Bawang Merah,46150.0,False
2025-04,Maluku,Bawang Merah,53750.0,False
2025-05,Maluku,Bawang Merah,48150.0,False
2025-06,Maluku,Bawang Merah,45000.0,False
2025-07,Maluku,Bawang Merah,60000.0,False
2025-08,Maluku,Bawang Merah,55400.0,False
2025-09,Maluku,Bawang Merah,62500.0,False
2025-10,Maluku,Bawang Merah,48750.0,False
2025-11,Maluku,Bawang Merah,43150.0,False
2025-12,Maluku,Bawang Merah,44000.0,False
2026-01,Maluku,Bawang Merah,61250.0,False
2026-02,Maluku,Bawang Merah,47650.0,False
2026-03,Maluku,Bawang Merah,48150.0,False
2026-04,Maluku,Bawang Merah,56900.0,False
2026-05,Maluku,Bawang Merah,53150.0,False
2026-06,Maluku,Bawang Merah,55000.0,False
2026-07,Maluku,Bawang Merah,60650.0,False
2020-02,Maluku,Beras,14250.0,False
2020-03,Maluku,Beras,14250.0,False
2020-04,Maluku,Beras,14200.0,False
2020-05,Maluku,Beras,13800.0,True
2020-06,Maluku,Beras,13400.0,True
2020-07,Maluku,Beras,13000.0,False
2020-08,Maluku,Beras,13000.0,False
2020-09,Maluku,Beras,13000.0,False
2020-10,Maluku,Beras,13000.0,False
2020-11,Maluku,Beras,13000.0,False
2020-12,Maluku,Beras,13100.0,False
2021-01,Maluku,Beras,13100.0,True
2021-02,Maluku,Beras,13100.0,False
2021-03,Maluku,Beras,13100.0,False
2021-04,Maluku,Beras,13150.0,False
2021-05,Maluku,Beras,13150.0,False
2021-06,Maluku,Beras,13150.0,True
2021-07,Maluku,Beras,13150.0,False
2021-08,Maluku,Beras,13150.0,False
2021-09,Maluku,Beras,13150.0,False
2021-10,Maluku,Beras,13150.0,False
2021-11,Maluku,Beras,13150.0,False
2021-12,Maluku,Beras,13150.0,False
2022-01,Maluku,Beras,13150.0,False
2022-02,Maluku,Beras,13150.0,True
2022-03,Maluku,Beras,13150.0,False
2022-04,Maluku,Beras,13150.0,False
2022-05,Maluku,Beras,13150.0,True
2022-06,Maluku,Beras,13150.0,True
2022-07,Maluku,Beras,13150.0,False
2022-08,Maluku,Beras,13150.0,False
2022-09,Maluku,Beras,13150.0,False
2022-10,Maluku,Beras,13150.0,False
2022-11,Maluku,Beras,13150.0,False
2022-12,Maluku,Beras,13150.0,False
2023-01,Maluku,Beras,13500.0,False
2023-02,Maluku,Beras,13700.0,False
2023-03,Maluku,Beras,13950.0,False
2023-04,Maluku,Beras,14650.0,False
2023-05,Maluku,Beras,14825.0,True
2023-06,Maluku,Beras,15000.0,False
2023-07,Maluku,Beras,14900.0,False
2023-08,Maluku,Beras,15000.0,False
2023-09,Maluku,Beras,15000.0,False
2023-10,Maluku,Beras,15400.0,False
2023-11,Maluku,Beras,15750.0,False
2023-12,Maluku,Beras,15850.0,False
2024-01,Maluku,Beras,15750.0,False
2024-02,Maluku,Beras,15850.0,False
2024-03,Maluku,Beras,16450.0,False
2024-04,Maluku,Beras,16750.0,False
2024-05,Maluku,Beras,17000.0,False
2024-06,Maluku,Beras,17000.0,False
2024-07,Maluku,Beras,16900.0,False
2024-08,Maluku,Beras,16900.0,False
2024-09,Maluku,Beras,16900.0,False
2024-10,Maluku,Beras,16900.0,False
2024-11,Maluku,Beras,16900.0,False
2024-12,Maluku,Beras,16900.0,False
2025-01,Maluku,Beras,16900.0,False
2025-02,Maluku,Beras,16900.0,False
2025-03,Maluku,Beras,17000.0,False
2025-04,Maluku,Beras,17000.0,False
2025-05,Maluku,Beras,17000.0,False
2025-06,Maluku,Beras,17150.0,False
2025-07,Maluku,Beras,17150.0,False
2025-08,Maluku,Beras,17400.0,False
2025-09,Maluku,Beras,17400.0,False
2025-10,Maluku,Beras,17650.0,False
2025-11,Maluku,Beras,17650.0,False
2025-12,Maluku,Beras,17250.0,False
2026-01,Maluku,Beras,17150.0,False
2026-02,Maluku,Beras,17400.0,False
2026-03,Maluku,Beras,17400.0,False
2026-04,Maluku,Beras,17450.0,False
2026-05,Maluku,Beras,17600.0,False
2026-06,Maluku,Beras,17700.0,False
2026-07,Maluku,Beras,17600.0,False
2020-02,Maluku,Cabai Besar,50000.0,False
2020-03,Maluku,Cabai Besar,45000.0,False
2020-04,Maluku,Cabai Besar,45000.0,False
2020-05,Maluku,Cabai Besar,41666.66666666666,True
2020-06,Maluku,Cabai Besar,38333.333333333336,True
2020-07,Maluku,Cabai Besar,35000.0,False
2020-08,Maluku,Cabai Besar,40000.0,False
2020-09,Maluku,Cabai Besar,40000.0,False
2020-10,Maluku,Cabai Besar,40000.0,False
2020-11,Maluku,Cabai Besar,55000.0,False
2020-12,Maluku,Cabai Besar,45000.0,False
2021-01,Maluku,Cabai Besar,47500.0,True
2021-02,Maluku,Cabai Besar,50000.0,False
2021-03,Maluku,Cabai Besar,50000.0,False
2021-04,Maluku,Cabai Besar,50000.0,False
2021-05,Maluku,Cabai Besar,50000.0,False
2021-06,Maluku,Cabai Besar,50000.0,True
2021-07,Maluku,Cabai Besar,50000.0,False
2021-08,Maluku,Cabai Besar,40000.0,False
2021-09,Maluku,Cabai Besar,40000.0,False
2021-10,Maluku,Cabai Besar,30000.0,False
2021-11,Maluku,Cabai Besar,30000.0,False
2021-12,Maluku,Cabai Besar,55000.0,False
2022-01,Maluku,Cabai Besar,70000.0,False
2022-02,Maluku,Cabai Besar,60000.0,True
2022-03,Maluku,Cabai Besar,50000.0,False
2022-04,Maluku,Cabai Besar,55000.0,False
2022-05,Maluku,Cabai Besar,58333.333333333336,True
2022-06,Maluku,Cabai Besar,61666.66666666666,True
2022-07,Maluku,Cabai Besar,65000.0,False
2022-08,Maluku,Cabai Besar,80000.0,False
2022-09,Maluku,Cabai Besar,65000.0,False
2022-10,Maluku,Cabai Besar,50000.0,False
2022-11,Maluku,Cabai Besar,50000.0,False
2022-12,Maluku,Cabai Besar,40000.0,False
2023-01,Maluku,Cabai Besar,40000.0,True
2023-02,Maluku,Cabai Besar,40000.0,False
2023-03,Maluku,Cabai Besar,40000.0,False
2023-04,Maluku,Cabai Besar,50000.0,False
2023-05,Maluku,Cabai Besar,50000.0,True
2023-06,Maluku,Cabai Besar,50000.0,False
2023-07,Maluku,Cabai Besar,60000.0,False
2023-08,Maluku,Cabai Besar,50000.0,False
2023-09,Maluku,Cabai Besar,50000.0,False
2023-10,Maluku,Cabai Besar,45000.0,False
2023-11,Maluku,Cabai Besar,45000.0,False
2023-12,Maluku,Cabai Besar,65000.0,False
2024-01,Maluku,Cabai Besar,70000.0,False
2024-02,Maluku,Cabai Besar,70000.0,False
2024-03,Maluku,Cabai Besar,70000.0,False
2024-04,Maluku,Cabai Besar,70000.0,False
2024-05,Maluku,Cabai Besar,50000.0,False
2024-06,Maluku,Cabai Besar,60000.0,False
2024-07,Maluku,Cabai Besar,60000.0,False
2024-08,Maluku,Cabai Besar,50000.0,False
2024-09,Maluku,Cabai Besar,50000.0,False
2024-10,Maluku,Cabai Besar,40000.0,False
2024-11,Maluku,Cabai Besar,40000.0,True
2024-12,Maluku,Cabai Besar,40000.0,False
2025-01,Maluku,Cabai Besar,40000.0,False
2025-02,Maluku,Cabai Besar,40000.0,False
2025-03,Maluku,Cabai Besar,40000.0,False
2025-04,Maluku,Cabai Besar,40000.0,False
2025-05,Maluku,Cabai Besar,40000.0,False
2025-06,Maluku,Cabai Besar,40000.0,False
2025-07,Maluku,Cabai Besar,40000.0,False
2025-08,Maluku,Cabai Besar,40000.0,False
2025-09,Maluku,Cabai Besar,40000.0,False
2025-10,Maluku,Cabai Besar,40000.0,False
2025-11,Maluku,Cabai Besar,40000.0,False
2025-12,Maluku,Cabai Besar,40000.0,False
2026-01,Maluku,Cabai Besar,40714.28571428572,True
2026-02,Maluku,Cabai Besar,41428.57142857143,True
2026-03,Maluku,Cabai Besar,42142.857142857145,True
2026-04,Maluku,Cabai Besar,42857.142857142855,True
2026-05,Maluku,Cabai Besar,43571.42857142857,True
2026-06,Maluku,Cabai Besar,44285.71428571429,True
2026-07,Maluku,Cabai Besar,45000.0,False
2020-02,Maluku,Cabai Rawit,86250.0,False
2020-03,Maluku,Cabai Rawit,22750.0,False
2020-04,Maluku,Cabai Rawit,44400.0,False
2020-05,Maluku,Cabai Rawit,47516.66666666666,True
2020-06,Maluku,Cabai Rawit,50633.333333333336,True
2020-07,Maluku,Cabai Rawit,53750.0,False
2020-08,Maluku,Cabai Rawit,49400.0,False
2020-09,Maluku,Cabai Rawit,38150.0,False
2020-10,Maluku,Cabai Rawit,43750.0,False
2020-11,Maluku,Cabai Rawit,45000.0,False
2020-12,Maluku,Cabai Rawit,71250.0,False
2021-01,Maluku,Cabai Rawit,67200.0,True
2021-02,Maluku,Cabai Rawit,63150.0,False
2021-03,Maluku,Cabai Rawit,91250.0,False
2021-04,Maluku,Cabai Rawit,116250.0,False
2021-05,Maluku,Cabai Rawit,88750.0,False
2021-06,Maluku,Cabai Rawit,99375.0,True
2021-07,Maluku,Cabai Rawit,110000.0,False
2021-08,Maluku,Cabai Rawit,98750.0,False
2021-09,Maluku,Cabai Rawit,61250.0,False
2021-10,Maluku,Cabai Rawit,65650.0,False
2021-11,Maluku,Cabai Rawit,51900.0,False
2021-12,Maluku,Cabai Rawit,127500.0,False
2022-01,Maluku,Cabai Rawit,143150.0,False
2022-02,Maluku,Cabai Rawit,135325.0,True
2022-03,Maluku,Cabai Rawit,127500.0,False
2022-04,Maluku,Cabai Rawit,140000.0,False
2022-05,Maluku,Cabai Rawit,129800.0,True
2022-06,Maluku,Cabai Rawit,119600.0,True
2022-07,Maluku,Cabai Rawit,109400.0,False
2022-08,Maluku,Cabai Rawit,121250.0,False
2022-09,Maluku,Cabai Rawit,87500.0,False
2022-10,Maluku,Cabai Rawit,95000.0,False
2022-11,Maluku,Cabai Rawit,93150.0,False
2022-12,Maluku,Cabai Rawit,93750.0,False
2023-01,Maluku,Cabai Rawit,112500.0,False
2023-02,Maluku,Cabai Rawit,64400.0,False
2023-03,Maluku,Cabai Rawit,76900.0,False
2023-04,Maluku,Cabai Rawit,77500.0,False
2023-05,Maluku,Cabai Rawit,77500.0,True
2023-06,Maluku,Cabai Rawit,77500.0,False
2023-07,Maluku,Cabai Rawit,96250.0,False
2023-08,Maluku,Cabai Rawit,68150.0,False
2023-09,Maluku,Cabai Rawit,78150.0,False
2023-10,Maluku,Cabai Rawit,77500.0,False
2023-11,Maluku,Cabai Rawit,102500.0,False
2023-12,Maluku,Cabai Rawit,143750.0,False
2024-01,Maluku,Cabai Rawit,141250.0,False
2024-02,Maluku,Cabai Rawit,63750.0,False
2024-03,Maluku,Cabai Rawit,51250.0,False
2024-04,Maluku,Cabai Rawit,67500.0,False
2024-05,Maluku,Cabai Rawit,107500.0,False
2024-06,Maluku,Cabai Rawit,90000.0,False
2024-07,Maluku,Cabai Rawit,78750.0,False
2024-08,Maluku,Cabai Rawit,95000.0,False
2024-09,Maluku,Cabai Rawit,88750.0,False
2024-10,Maluku,Cabai Rawit,72500.0,False
2024-11,Maluku,Cabai Rawit,58150.0,False
2024-12,Maluku,Cabai Rawit,61250.0,False
2025-01,Maluku,Cabai Rawit,130000.0,False
2025-02,Maluku,Cabai Rawit,86250.0,False
2025-03,Maluku,Cabai Rawit,82500.0,False
2025-04,Maluku,Cabai Rawit,150000.0,False
2025-05,Maluku,Cabai Rawit,133750.0,False
2025-06,Maluku,Cabai Rawit,106250.0,False
2025-07,Maluku,Cabai Rawit,112500.0,False
2025-08,Maluku,Cabai Rawit,112500.0,False
2025-09,Maluku,Cabai Rawit,80000.0,False
2025-10,Maluku,Cabai Rawit,72500.0,False
2025-11,Maluku,Cabai Rawit,68750.0,False
2025-12,Maluku,Cabai Rawit,88750.0,False
2026-01,Maluku,Cabai Rawit,111250.0,False
2026-02,Maluku,Cabai Rawit,86250.0,False
2026-03,Maluku,Cabai Rawit,100000.0,False
2026-04,Maluku,Cabai Rawit,160000.0,False
2026-05,Maluku,Cabai Rawit,79400.0,False
2026-06,Maluku,Cabai Rawit,89400.0,False
2026-07,Maluku,Cabai Rawit,91250.0,False
2020-02,Maluku Utara,Bawang Merah,50000.0,False
2020-03,Maluku Utara,Bawang Merah,58750.0,False
2020-04,Maluku Utara,Bawang Merah,57500.0,False
2020-05,Maluku Utara,Bawang Merah,59583.333333333336,True
2020-06,Maluku Utara,Bawang Merah,61666.66666666666,True
2020-07,Maluku Utara,Bawang Merah,63750.0,False
2020-08,Maluku Utara,Bawang Merah,47750.0,False
2020-09,Maluku Utara,Bawang Merah,47500.0,False
2020-10,Maluku Utara,Bawang Merah,45000.0,False
2020-11,Maluku Utara,Bawang Merah,47500.0,False
2020-12,Maluku Utara,Bawang Merah,51500.0,False
2021-01,Maluku Utara,Bawang Merah,50750.0,True
2021-02,Maluku Utara,Bawang Merah,50000.0,False
2021-03,Maluku Utara,Bawang Merah,45750.0,False
2021-04,Maluku Utara,Bawang Merah,51500.0,False
2021-05,Maluku Utara,Bawang Merah,49500.0,False
2021-06,Maluku Utara,Bawang Merah,48875.0,True
2021-07,Maluku Utara,Bawang Merah,48250.0,False
2021-08,Maluku Utara,Bawang Merah,50000.0,False
2021-09,Maluku Utara,Bawang Merah,52500.0,False
2021-10,Maluku Utara,Bawang Merah,50000.0,False
2021-11,Maluku Utara,Bawang Merah,51250.0,False
2021-12,Maluku Utara,Bawang Merah,48750.0,False
2022-01,Maluku Utara,Bawang Merah,48750.0,False
2022-02,Maluku Utara,Bawang Merah,50625.0,True
2022-03,Maluku Utara,Bawang Merah,52500.0,False
2022-04,Maluku Utara,Bawang Merah,53250.0,False
2022-05,Maluku Utara,Bawang Merah,68416.66666666667,True
2022-06,Maluku Utara,Bawang Merah,83583.33333333333,True
2022-07,Maluku Utara,Bawang Merah,98750.0,False
2022-08,Maluku Utara,Bawang Merah,82500.0,False
2022-09,Maluku Utara,Bawang Merah,57500.0,False
2022-10,Maluku Utara,Bawang Merah,61250.0,False
2022-11,Maluku Utara,Bawang Merah,49500.0,False
2022-12,Maluku Utara,Bawang Merah,58750.0,False
2023-01,Maluku Utara,Bawang Merah,63750.0,False
2023-02,Maluku Utara,Bawang Merah,57000.0,False
2023-03,Maluku Utara,Bawang Merah,58750.0,False
2023-04,Maluku Utara,Bawang Merah,52500.0,False
2023-05,Maluku Utara,Bawang Merah,53750.0,False
2023-06,Maluku Utara,Bawang Merah,61250.0,False
2023-07,Maluku Utara,Bawang Merah,60000.0,False
2023-08,Maluku Utara,Bawang Merah,60000.0,False
2023-09,Maluku Utara,Bawang Merah,50000.0,False
2023-10,Maluku Utara,Bawang Merah,48750.0,False
2023-11,Maluku Utara,Bawang Merah,48750.0,False
2023-12,Maluku Utara,Bawang Merah,46250.0,False
2024-01,Maluku Utara,Bawang Merah,52500.0,True
2024-02,Maluku Utara,Bawang Merah,58750.0,False
2024-03,Maluku Utara,Bawang Merah,57500.0,False
2024-04,Maluku Utara,Bawang Merah,55000.0,False
2024-05,Maluku Utara,Bawang Merah,83750.0,False
2024-06,Maluku Utara,Bawang Merah,67500.0,False
2024-07,Maluku Utara,Bawang Merah,63750.0,False
2024-08,Maluku Utara,Bawang Merah,60000.0,False
2024-09,Maluku Utara,Bawang Merah,48750.0,False
2024-10,Maluku Utara,Bawang Merah,48750.0,False
2024-11,Maluku Utara,Bawang Merah,52500.0,False
2024-12,Maluku Utara,Bawang Merah,53750.0,False
2025-01,Maluku Utara,Bawang Merah,53125.0,True
2025-02,Maluku Utara,Bawang Merah,52500.0,False
2025-03,Maluku Utara,Bawang Merah,56250.0,False
2025-04,Maluku Utara,Bawang Merah,58750.0,False
2025-05,Maluku Utara,Bawang Merah,67500.0,False
2025-06,Maluku Utara,Bawang Merah,63750.0,False
2025-07,Maluku Utara,Bawang Merah,66250.0,False
2025-08,Maluku Utara,Bawang Merah,75000.0,False
2025-09,Maluku Utara,Bawang Merah,67500.0,False
2025-10,Maluku Utara,Bawang Merah,66250.0,False
2025-11,Maluku Utara,Bawang Merah,67500.0,False
2025-12,Maluku Utara,Bawang Merah,60000.0,False
2026-01,Maluku Utara,Bawang Merah,68750.0,False
2026-02,Maluku Utara,Bawang Merah,63750.0,False
2026-03,Maluku Utara,Bawang Merah,61250.0,False
2026-04,Maluku Utara,Bawang Merah,77500.0,False
2026-05,Maluku Utara,Bawang Merah,65000.0,False
2026-06,Maluku Utara,Bawang Merah,66250.0,False
2026-07,Maluku Utara,Bawang Merah,70000.0,False
2020-02,Maluku Utara,Beras,13250.0,False
2020-03,Maluku Utara,Beras,13400.0,False
2020-04,Maluku Utara,Beras,13400.0,False
2020-05,Maluku Utara,Beras,13266.666666666666,True
2020-06,Maluku Utara,Beras,13133.333333333334,True
2020-07,Maluku Utara,Beras,13000.0,False
2020-08,Maluku Utara,Beras,13000.0,False
2020-09,Maluku Utara,Beras,12750.0,False
2020-10,Maluku Utara,Beras,12750.0,False
2020-11,Maluku Utara,Beras,12750.0,False
2020-12,Maluku Utara,Beras,12750.0,False
2021-01,Maluku Utara,Beras,12750.0,True
2021-02,Maluku Utara,Beras,12750.0,False
2021-03,Maluku Utara,Beras,12750.0,False
2021-04,Maluku Utara,Beras,12750.0,False
2021-05,Maluku Utara,Beras,12900.0,False
2021-06,Maluku Utara,Beras,12900.0,True
2021-07,Maluku Utara,Beras,12900.0,False
2021-08,Maluku Utara,Beras,12900.0,False
2021-09,Maluku Utara,Beras,12900.0,False
2021-10,Maluku Utara,Beras,12900.0,False
2021-11,Maluku Utara,Beras,12900.0,False
2021-12,Maluku Utara,Beras,12900.0,False
2022-01,Maluku Utara,Beras,12900.0,False
2022-02,Maluku Utara,Beras,12900.0,True
2022-03,Maluku Utara,Beras,12900.0,False
2022-04,Maluku Utara,Beras,12900.0,False
2022-05,Maluku Utara,Beras,12900.0,True
2022-06,Maluku Utara,Beras,12900.0,True
2022-07,Maluku Utara,Beras,12900.0,False
2022-08,Maluku Utara,Beras,12900.0,False
2022-09,Maluku Utara,Beras,12900.0,False
2022-10,Maluku Utara,Beras,12900.0,False
2022-11,Maluku Utara,Beras,12900.0,False
2022-12,Maluku Utara,Beras,12900.0,False
2023-01,Maluku Utara,Beras,13150.0,False
2023-02,Maluku Utara,Beras,14150.0,False
2023-03,Maluku Utara,Beras,14000.0,False
2023-04,Maluku Utara,Beras,14900.0,False
2023-05,Maluku Utara,Beras,14900.0,False
2023-06,Maluku Utara,Beras,14900.0,False
2023-07,Maluku Utara,Beras,14400.0,False
2023-08,Maluku Utara,Beras,14400.0,False
2023-09,Maluku Utara,Beras,14750.0,False
2023-10,Maluku Utara,Beras,15250.0,False
2023-11,Maluku Utara,Beras,15500.0,False
2023-12,Maluku Utara,Beras,15750.0,False
2024-01,Maluku Utara,Beras,15750.0,True
2024-02,Maluku Utara,Beras,15750.0,False
2024-03,Maluku Utara,Beras,17000.0,False
2024-04,Maluku Utara,Beras,17000.0,False
2024-05,Maluku Utara,Beras,17000.0,False
2024-06,Maluku Utara,Beras,17000.0,False
2024-07,Maluku Utara,Beras,17000.0,False
2024-08,Maluku Utara,Beras,17000.0,False
2024-09,Maluku Utara,Beras,17000.0,False
2024-10,Maluku Utara,Beras,17000.0,False
2024-11,Maluku Utara,Beras,17000.0,False
2024-12,Maluku Utara,Beras,17000.0,False
2025-01,Maluku Utara,Beras,17000.0,True
2025-02,Maluku Utara,Beras,17000.0,False
2025-03,Maluku Utara,Beras,17000.0,False
2025-04,Maluku Utara,Beras,17000.0,False
2025-05,Maluku Utara,Beras,17000.0,False
2025-06,Maluku Utara,Beras,17000.0,False
2025-07,Maluku Utara,Beras,17000.0,False
2025-08,Maluku Utara,Beras,17000.0,False
2025-09,Maluku Utara,Beras,17000.0,False
2025-10,Maluku Utara,Beras,17000.0,False
2025-11,Maluku Utara,Beras,17250.0,False
2025-12,Maluku Utara,Beras,17750.0,False
2026-01,Maluku Utara,Beras,17750.0,False
2026-02,Maluku Utara,Beras,17750.0,False
2026-03,Maluku Utara,Beras,17500.0,False
2026-04,Maluku Utara,Beras,18000.0,False
2026-05,Maluku Utara,Beras,18000.0,False
2026-06,Maluku Utara,Beras,18000.0,False
2026-07,Maluku Utara,Beras,18000.0,False
2020-02,Maluku Utara,Cabai Besar,32500.0,False
2020-03,Maluku Utara,Cabai Besar,32500.0,False
2020-04,Maluku Utara,Cabai Besar,30000.0,False
2020-05,Maluku Utara,Cabai Besar,35000.0,True
2020-06,Maluku Utara,Cabai Besar,40000.0,True
2020-07,Maluku Utara,Cabai Besar,45000.0,False
2020-08,Maluku Utara,Cabai Besar,50000.0,False
2020-09,Maluku Utara,Cabai Besar,47500.0,False
2020-10,Maluku Utara,Cabai Besar,44000.0,False
2020-11,Maluku Utara,Cabai Besar,50000.0,False
2020-12,Maluku Utara,Cabai Besar,40000.0,False
2021-01,Maluku Utara,Cabai Besar,37500.0,True
2021-02,Maluku Utara,Cabai Besar,35000.0,False
2021-03,Maluku Utara,Cabai Besar,45000.0,False
2021-04,Maluku Utara,Cabai Besar,37500.0,False
2021-05,Maluku Utara,Cabai Besar,45000.0,False
2021-06,Maluku Utara,Cabai Besar,37500.0,True
2021-07,Maluku Utara,Cabai Besar,30000.0,False
2021-08,Maluku Utara,Cabai Besar,25000.0,False
2021-09,Maluku Utara,Cabai Besar,22500.0,False
2021-10,Maluku Utara,Cabai Besar,25000.0,False
2021-11,Maluku Utara,Cabai Besar,32500.0,False
2021-12,Maluku Utara,Cabai Besar,30000.0,False
2022-01,Maluku Utara,Cabai Besar,55000.0,False
2022-02,Maluku Utara,Cabai Besar,61250.0,True
2022-03,Maluku Utara,Cabai Besar,67500.0,False
2022-04,Maluku Utara,Cabai Besar,55000.0,False
2022-05,Maluku Utara,Cabai Besar,54166.66666666666,True
2022-06,Maluku Utara,Cabai Besar,53333.333333333336,True
2022-07,Maluku Utara,Cabai Besar,52500.0,False
2022-08,Maluku Utara,Cabai Besar,35000.0,False
2022-09,Maluku Utara,Cabai Besar,40000.0,False
2022-10,Maluku Utara,Cabai Besar,45000.0,False
2022-11,Maluku Utara,Cabai Besar,30000.0,False
2022-12,Maluku Utara,Cabai Besar,27500.0,False
2023-01,Maluku Utara,Cabai Besar,32500.0,False
2023-02,Maluku Utara,Cabai Besar,30000.0,False
2023-03,Maluku Utara,Cabai Besar,35000.0,False
2023-04,Maluku Utara,Cabai Besar,50000.0,False
2023-05,Maluku Utara,Cabai Besar,40000.0,False
2023-06,Maluku Utara,Cabai Besar,50000.0,False
2023-07,Maluku Utara,Cabai Besar,60000.0,False
2023-08,Maluku Utara,Cabai Besar,55000.0,False
2023-09,Maluku Utara,Cabai Besar,45000.0,False
2023-10,Maluku Utara,Cabai Besar,47500.0,False
2023-11,Maluku Utara,Cabai Besar,50000.0,False
2023-12,Maluku Utara,Cabai Besar,60000.0,False
2024-01,Maluku Utara,Cabai Besar,52500.0,True
2024-02,Maluku Utara,Cabai Besar,45000.0,False
2024-03,Maluku Utara,Cabai Besar,60000.0,False
2024-04,Maluku Utara,Cabai Besar,35000.0,False
2024-05,Maluku Utara,Cabai Besar,40000.0,False
2024-06,Maluku Utara,Cabai Besar,40000.0,False
2024-07,Maluku Utara,Cabai Besar,75000.0,False
2024-08,Maluku Utara,Cabai Besar,65000.0,False
2024-09,Maluku Utara,Cabai Besar,50000.0,False
2024-10,Maluku Utara,Cabai Besar,40000.0,False
2024-11,Maluku Utara,Cabai Besar,55000.0,False
2024-12,Maluku Utara,Cabai Besar,37500.0,False
2025-01,Maluku Utara,Cabai Besar,38750.0,True
2025-02,Maluku Utara,Cabai Besar,40000.0,False
2025-03,Maluku Utara,Cabai Besar,60000.0,False
2025-04,Maluku Utara,Cabai Besar,60000.0,False
2025-05,Maluku Utara,Cabai Besar,80000.0,False
2025-06,Maluku Utara,Cabai Besar,80000.0,False
2025-07,Maluku Utara,Cabai Besar,70000.0,False
2025-08,Maluku Utara,Cabai Besar,60000.0,False
2025-09,Maluku Utara,Cabai Besar,40000.0,False
2025-10,Maluku Utara,Cabai Besar,45000.0,False
2025-11,Maluku Utara,Cabai Besar,37500.0,False
2025-12,Maluku Utara,Cabai Besar,32500.0,False
2026-01,Maluku Utara,Cabai Besar,40000.0,False
2026-02,Maluku Utara,Cabai Besar,27500.0,False
2026-03,Maluku Utara,Cabai Besar,42500.0,False
2026-04,Maluku Utara,Cabai Besar,60000.0,False
2026-05,Maluku Utara,Cabai Besar,50000.0,False
2026-06,Maluku Utara,Cabai Besar,100000.0,False
2026-07,Maluku Utara,Cabai Besar,60000.0,False
2020-02,Maluku Utara,Cabai Rawit,100000.0,False
2020-03,Maluku Utara,Cabai Rawit,35000.0,False
2020-04,Maluku Utara,Cabai Rawit,90000.0,False
2020-05,Maluku Utara,Cabai Rawit,80000.0,True
2020-06,Maluku Utara,Cabai Rawit,70000.0,True
2020-07,Maluku Utara,Cabai Rawit,60000.0,False
2020-08,Maluku Utara,Cabai Rawit,70000.0,False
2020-09,Maluku Utara,Cabai Rawit,65000.0,False
2020-10,Maluku Utara,Cabai Rawit,55000.0,False
2020-11,Maluku Utara,Cabai Rawit,60000.0,False
2020-12,Maluku Utara,Cabai Rawit,60000.0,False
2021-01,Maluku Utara,Cabai Rawit,71250.0,True
2021-02,Maluku Utara,Cabai Rawit,82500.0,False
2021-03,Maluku Utara,Cabai Rawit,85000.0,False
2021-04,Maluku Utara,Cabai Rawit,100000.0,False
2021-05,Maluku Utara,Cabai Rawit,95000.0,False
2021-06,Maluku Utara,Cabai Rawit,107500.0,True
2021-07,Maluku Utara,Cabai Rawit,120000.0,False
2021-08,Maluku Utara,Cabai Rawit,85000.0,False
2021-09,Maluku Utara,Cabai Rawit,80000.0,False
2021-10,Maluku Utara,Cabai Rawit,65000.0,False
2021-11,Maluku Utara,Cabai Rawit,85000.0,False
2021-12,Maluku Utara,Cabai Rawit,70000.0,False
2022-01,Maluku Utara,Cabai Rawit,135000.0,False
2022-02,Maluku Utara,Cabai Rawit,117500.0,True
2022-03,Maluku Utara,Cabai Rawit,100000.0,False
2022-04,Maluku Utara,Cabai Rawit,100000.0,False
2022-05,Maluku Utara,Cabai Rawit,106666.66666666669,True
2022-06,Maluku Utara,Cabai Rawit,113333.33333333331,True
2022-07,Maluku Utara,Cabai Rawit,120000.0,False
2022-08,Maluku Utara,Cabai Rawit,70000.0,False
2022-09,Maluku Utara,Cabai Rawit,155000.0,False
2022-10,Maluku Utara,Cabai Rawit,110000.0,False
2022-11,Maluku Utara,Cabai Rawit,90000.0,False
2022-12,Maluku Utara,Cabai Rawit,70000.0,False
2023-01,Maluku Utara,Cabai Rawit,95000.0,False
2023-02,Maluku Utara,Cabai Rawit,80000.0,False
2023-03,Maluku Utara,Cabai Rawit,70000.0,False
2023-04,Maluku Utara,Cabai Rawit,90000.0,False
2023-05,Maluku Utara,Cabai Rawit,55000.0,False
2023-06,Maluku Utara,Cabai Rawit,70000.0,False
2023-07,Maluku Utara,Cabai Rawit,75000.0,False
2023-08,Maluku Utara,Cabai Rawit,47500.0,False
2023-09,Maluku Utara,Cabai Rawit,50000.0,False
2023-10,Maluku Utara,Cabai Rawit,50000.0,False
2023-11,Maluku Utara,Cabai Rawit,85000.0,False
2023-12,Maluku Utara,Cabai Rawit,100000.0,False
2024-01,Maluku Utara,Cabai Rawit,75000.0,True
2024-02,Maluku Utara,Cabai Rawit,50000.0,False
2024-03,Maluku Utara,Cabai Rawit,75000.0,False
2024-04,Maluku Utara,Cabai Rawit,62500.0,False
2024-05,Maluku Utara,Cabai Rawit,80000.0,False
2024-06,Maluku Utara,Cabai Rawit,80000.0,False
2024-07,Maluku Utara,Cabai Rawit,100000.0,False
2024-08,Maluku Utara,Cabai Rawit,80000.0,False
2024-09,Maluku Utara,Cabai Rawit,75000.0,False
2024-10,Maluku Utara,Cabai Rawit,80000.0,False
2024-11,Maluku Utara,Cabai Rawit,90000.0,False
2024-12,Maluku Utara,Cabai Rawit,90000.0,False
2025-01,Maluku Utara,Cabai Rawit,86250.0,True
2025-02,Maluku Utara,Cabai Rawit,82500.0,False
2025-03,Maluku Utara,Cabai Rawit,117500.0,False
2025-04,Maluku Utara,Cabai Rawit,117500.0,False
2025-05,Maluku Utara,Cabai Rawit,120000.0,False
2025-06,Maluku Utara,Cabai Rawit,150000.0,False
2025-07,Maluku Utara,Cabai Rawit,100000.0,False
2025-08,Maluku Utara,Cabai Rawit,150000.0,False
2025-09,Maluku Utara,Cabai Rawit,120000.0,False
2025-10,Maluku Utara,Cabai Rawit,100000.0,False
2025-11,Maluku Utara,Cabai Rawit,100000.0,False
2025-12,Maluku Utara,Cabai Rawit,75000.0,False
2026-01,Maluku Utara,Cabai Rawit,95000.0,False
2026-02,Maluku Utara,Cabai Rawit,95000.0,False
2026-03,Maluku Utara,Cabai Rawit,95000.0,False
2026-04,Maluku Utara,Cabai Rawit,175000.0,False
2026-05,Maluku Utara,Cabai Rawit,100000.0,False
2026-06,Maluku Utara,Cabai Rawit,100000.0,False
2026-07,Maluku Utara,Cabai Rawit,100000.0,False
2020-02,Nusa Tenggara Barat,Bawang Merah,33400.0,False
2020-03,Nusa Tenggara Barat,Bawang Merah,28950.0,False
2020-04,Nusa Tenggara Barat,Bawang Merah,27750.0,False
2020-05,Nusa Tenggara Barat,Bawang Merah,27833.33333333333,True
2020-06,Nusa Tenggara Barat,Bawang Merah,27916.666666666668,True
2020-07,Nusa Tenggara Barat,Bawang Merah,28000.0,False
2020-08,Nusa Tenggara Barat,Bawang Merah,21550.0,False
2020-09,Nusa Tenggara Barat,Bawang Merah,22250.0,False
2020-10,Nusa Tenggara Barat,Bawang Merah,20450.0,False
2020-11,Nusa Tenggara Barat,Bawang Merah,25300.0,False
2020-12,Nusa Tenggara Barat,Bawang Merah,29000.0,False
2021-01,Nusa Tenggara Barat,Bawang Merah,28475.0,True
2021-02,Nusa Tenggara Barat,Bawang Merah,27950.0,False
2021-03,Nusa Tenggara Barat,Bawang Merah,29050.0,False
2021-04,Nusa Tenggara Barat,Bawang Merah,25200.0,False
2021-05,Nusa Tenggara Barat,Bawang Merah,23750.0,False
2021-06,Nusa Tenggara Barat,Bawang Merah,22825.0,True
2021-07,Nusa Tenggara Barat,Bawang Merah,21900.0,False
2021-08,Nusa Tenggara Barat,Bawang Merah,24700.0,False
2021-09,Nusa Tenggara Barat,Bawang Merah,21450.0,False
2021-10,Nusa Tenggara Barat,Bawang Merah,19200.0,False
2021-11,Nusa Tenggara Barat,Bawang Merah,20000.0,False
2021-12,Nusa Tenggara Barat,Bawang Merah,16900.0,False
2022-01,Nusa Tenggara Barat,Bawang Merah,16500.0,False
2022-02,Nusa Tenggara Barat,Bawang Merah,20775.0,True
2022-03,Nusa Tenggara Barat,Bawang Merah,25050.0,False
2022-04,Nusa Tenggara Barat,Bawang Merah,29050.0,False
2022-05,Nusa Tenggara Barat,Bawang Merah,31666.666666666668,True
2022-06,Nusa Tenggara Barat,Bawang Merah,34283.333333333336,True
2022-07,Nusa Tenggara Barat,Bawang Merah,36900.0,False
2022-08,Nusa Tenggara Barat,Bawang Merah,36950.0,False
2022-09,Nusa Tenggara Barat,Bawang Merah,25450.0,False
2022-10,Nusa Tenggara Barat,Bawang Merah,21800.0,False
2022-11,Nusa Tenggara Barat,Bawang Merah,24950.0,False
2022-12,Nusa Tenggara Barat,Bawang Merah,32750.0,False
2023-01,Nusa Tenggara Barat,Bawang Merah,36200.0,False
2023-02,Nusa Tenggara Barat,Bawang Merah,36800.0,False
2023-03,Nusa Tenggara Barat,Bawang Merah,29700.0,False
2023-04,Nusa Tenggara Barat,Bawang Merah,35500.0,False
2023-05,Nusa Tenggara Barat,Bawang Merah,36150.0,False
2023-06,Nusa Tenggara Barat,Bawang Merah,31750.0,False
2023-07,Nusa Tenggara Barat,Bawang Merah,33450.0,False
2023-08,Nusa Tenggara Barat,Bawang Merah,26250.0,False
2023-09,Nusa Tenggara Barat,Bawang Merah,19700.0,False
2023-10,Nusa Tenggara Barat,Bawang Merah,17950.0,False
2023-11,Nusa Tenggara Barat,Bawang Merah,17400.0,False
2023-12,Nusa Tenggara Barat,Bawang Merah,22400.0,False
2024-01,Nusa Tenggara Barat,Bawang Merah,32250.0,False
2024-02,Nusa Tenggara Barat,Bawang Merah,33400.0,False
2024-03,Nusa Tenggara Barat,Bawang Merah,30250.0,False
2024-04,Nusa Tenggara Barat,Bawang Merah,29500.0,False
2024-05,Nusa Tenggara Barat,Bawang Merah,38800.0,False
2024-06,Nusa Tenggara Barat,Bawang Merah,36450.0,False
2024-07,Nusa Tenggara Barat,Bawang Merah,28750.0,False
2024-08,Nusa Tenggara Barat,Bawang Merah,18550.0,False
2024-09,Nusa Tenggara Barat,Bawang Merah,18000.0,False
2024-10,Nusa Tenggara Barat,Bawang Merah,18550.0,False
2024-11,Nusa Tenggara Barat,Bawang Merah,24000.0,False
2024-12,Nusa Tenggara Barat,Bawang Merah,34300.0,False
2025-01,Nusa Tenggara Barat,Bawang Merah,38000.0,False
2025-02,Nusa Tenggara Barat,Bawang Merah,35700.0,False
2025-03,Nusa Tenggara Barat,Bawang Merah,36700.0,False
2025-04,Nusa Tenggara Barat,Bawang Merah,45450.0,False
2025-05,Nusa Tenggara Barat,Bawang Merah,40000.0,False
2025-06,Nusa Tenggara Barat,Bawang Merah,30300.0,False
2025-07,Nusa Tenggara Barat,Bawang Merah,31900.0,False
2025-08,Nusa Tenggara Barat,Bawang Merah,43450.0,False
2025-09,Nusa Tenggara Barat,Bawang Merah,31050.0,False
2025-10,Nusa Tenggara Barat,Bawang Merah,26950.0,False
2025-11,Nusa Tenggara Barat,Bawang Merah,32550.0,False
2025-12,Nusa Tenggara Barat,Bawang Merah,40000.0,False
2026-01,Nusa Tenggara Barat,Bawang Merah,48650.0,False
2026-02,Nusa Tenggara Barat,Bawang Merah,37450.0,False
2026-03,Nusa Tenggara Barat,Bawang Merah,42150.0,False
2026-04,Nusa Tenggara Barat,Bawang Merah,42500.0,False
2026-05,Nusa Tenggara Barat,Bawang Merah,39150.0,False
2026-06,Nusa Tenggara Barat,Bawang Merah,45250.0,False
2026-07,Nusa Tenggara Barat,Bawang Merah,37000.0,False
2020-02,Nusa Tenggara Barat,Beras,9450.0,False
2020-03,Nusa Tenggara Barat,Beras,9450.0,False
2020-04,Nusa Tenggara Barat,Beras,9500.0,False
2020-05,Nusa Tenggara Barat,Beras,9066.666666666666,True
2020-06,Nusa Tenggara Barat,Beras,8633.333333333334,True
2020-07,Nusa Tenggara Barat,Beras,8200.0,False
2020-08,Nusa Tenggara Barat,Beras,9100.0,False
2020-09,Nusa Tenggara Barat,Beras,9150.0,False
2020-10,Nusa Tenggara Barat,Beras,9150.0,False
2020-11,Nusa Tenggara Barat,Beras,9350.0,False
2020-12,Nusa Tenggara Barat,Beras,9200.0,False
2021-01,Nusa Tenggara Barat,Beras,9275.0,True
2021-02,Nusa Tenggara Barat,Beras,9350.0,False
2021-03,Nusa Tenggara Barat,Beras,9350.0,False
2021-04,Nusa Tenggara Barat,Beras,8700.0,False
2021-05,Nusa Tenggara Barat,Beras,8600.0,False
2021-06,Nusa Tenggara Barat,Beras,8725.0,True
2021-07,Nusa Tenggara Barat,Beras,8850.0,False
2021-08,Nusa Tenggara Barat,Beras,8850.0,False
2021-09,Nusa Tenggara Barat,Beras,8850.0,False
2021-10,Nusa Tenggara Barat,Beras,8350.0,False
2021-11,Nusa Tenggara Barat,Beras,8350.0,False
2021-12,Nusa Tenggara Barat,Beras,8350.0,False
2022-01,Nusa Tenggara Barat,Beras,8600.0,False
2022-02,Nusa Tenggara Barat,Beras,8725.0,True
2022-03,Nusa Tenggara Barat,Beras,8850.0,False
2022-04,Nusa Tenggara Barat,Beras,8450.0,False
2022-05,Nusa Tenggara Barat,Beras,8366.666666666666,True
2022-06,Nusa Tenggara Barat,Beras,8283.333333333334,True
2022-07,Nusa Tenggara Barat,Beras,8200.0,False
2022-08,Nusa Tenggara Barat,Beras,8200.0,False
2022-09,Nusa Tenggara Barat,Beras,9150.0,False
2022-10,Nusa Tenggara Barat,Beras,9400.0,False
2022-11,Nusa Tenggara Barat,Beras,9600.0,False
2022-12,Nusa Tenggara Barat,Beras,9600.0,False
2023-01,Nusa Tenggara Barat,Beras,9650.0,False
2023-02,Nusa Tenggara Barat,Beras,10200.0,False
2023-03,Nusa Tenggara Barat,Beras,9350.0,False
2023-04,Nusa Tenggara Barat,Beras,10000.0,False
2023-05,Nusa Tenggara Barat,Beras,9900.0,False
2023-06,Nusa Tenggara Barat,Beras,9900.0,False
2023-07,Nusa Tenggara Barat,Beras,9950.0,False
2023-08,Nusa Tenggara Barat,Beras,9950.0,False
2023-09,Nusa Tenggara Barat,Beras,11250.0,False
2023-10,Nusa Tenggara Barat,Beras,12000.0,False
2023-11,Nusa Tenggara Barat,Beras,11950.0,False
2023-12,Nusa Tenggara Barat,Beras,12000.0,False
2024-01,Nusa Tenggara Barat,Beras,12000.0,False
2024-02,Nusa Tenggara Barat,Beras,12000.0,False
2024-03,Nusa Tenggara Barat,Beras,12000.0,False
2024-04,Nusa Tenggara Barat,Beras,12000.0,False
2024-05,Nusa Tenggara Barat,Beras,11000.0,False
2024-06,Nusa Tenggara Barat,Beras,11850.0,False
2024-07,Nusa Tenggara Barat,Beras,12100.0,False
2024-08,Nusa Tenggara Barat,Beras,12200.0,False
2024-09,Nusa Tenggara Barat,Beras,12200.0,False
2024-10,Nusa Tenggara Barat,Beras,12700.0,False
2024-11,Nusa Tenggara Barat,Beras,12750.0,False
2024-12,Nusa Tenggara Barat,Beras,12600.0,False
2025-01,Nusa Tenggara Barat,Beras,12600.0,False
2025-02,Nusa Tenggara Barat,Beras,12900.0,False
2025-03,Nusa Tenggara Barat,Beras,12900.0,False
2025-04,Nusa Tenggara Barat,Beras,12900.0,False
2025-05,Nusa Tenggara Barat,Beras,12900.0,False
2025-06,Nusa Tenggara Barat,Beras,12900.0,False
2025-07,Nusa Tenggara Barat,Beras,13150.0,False
2025-08,Nusa Tenggara Barat,Beras,13400.0,False
2025-09,Nusa Tenggara Barat,Beras,13650.0,False
2025-10,Nusa Tenggara Barat,Beras,13400.0,False
2025-11,Nusa Tenggara Barat,Beras,13650.0,False
2025-12,Nusa Tenggara Barat,Beras,13650.0,False
2026-01,Nusa Tenggara Barat,Beras,13650.0,False
2026-02,Nusa Tenggara Barat,Beras,13650.0,False
2026-03,Nusa Tenggara Barat,Beras,13650.0,False
2026-04,Nusa Tenggara Barat,Beras,13650.0,False
2026-05,Nusa Tenggara Barat,Beras,13650.0,False
2026-06,Nusa Tenggara Barat,Beras,13650.0,False
2026-07,Nusa Tenggara Barat,Beras,13650.0,False
2020-02,Nusa Tenggara Barat,Cabai Besar,57500.0,False
2020-03,Nusa Tenggara Barat,Cabai Besar,47200.0,False
2020-04,Nusa Tenggara Barat,Cabai Besar,30200.0,False
2020-05,Nusa Tenggara Barat,Cabai Besar,26550.0,True
2020-06,Nusa Tenggara Barat,Cabai Besar,22900.0,True
2020-07,Nusa Tenggara Barat,Cabai Besar,19250.0,False
2020-08,Nusa Tenggara Barat,Cabai Besar,20250.0,False
2020-09,Nusa Tenggara Barat,Cabai Besar,15450.0,False
2020-10,Nusa Tenggara Barat,Cabai Besar,21950.0,False
2020-11,Nusa Tenggara Barat,Cabai Besar,30450.0,False
2020-12,Nusa Tenggara Barat,Cabai Besar,32650.0,False
2021-01,Nusa Tenggara Barat,Cabai Besar,38700.0,True
2021-02,Nusa Tenggara Barat,Cabai Besar,44750.0,False
2021-03,Nusa Tenggara Barat,Cabai Besar,42300.0,False
2021-04,Nusa Tenggara Barat,Cabai Besar,38950.0,False
2021-05,Nusa Tenggara Barat,Cabai Besar,39250.0,False
2021-06,Nusa Tenggara Barat,Cabai Besar,30700.0,True
2021-07,Nusa Tenggara Barat,Cabai Besar,22150.0,False
2021-08,Nusa Tenggara Barat,Cabai Besar,21750.0,False
2021-09,Nusa Tenggara Barat,Cabai Besar,17500.0,False
2021-10,Nusa Tenggara Barat,Cabai Besar,16800.0,False
2021-11,Nusa Tenggara Barat,Cabai Besar,19250.0,False
2021-12,Nusa Tenggara Barat,Cabai Besar,25000.0,False
2022-01,Nusa Tenggara Barat,Cabai Besar,23650.0,False
2022-02,Nusa Tenggara Barat,Cabai Besar,27150.0,True
2022-03,Nusa Tenggara Barat,Cabai Besar,30650.0,False
2022-04,Nusa Tenggara Barat,Cabai Besar,39700.0,False
2022-05,Nusa Tenggara Barat,Cabai Besar,45850.0,True
2022-06,Nusa Tenggara Barat,Cabai Besar,52000.0,True
2022-07,Nusa Tenggara Barat,Cabai Besar,58150.0,False
2022-08,Nusa Tenggara Barat,Cabai Besar,60650.0,False
2022-09,Nusa Tenggara Barat,Cabai Besar,44150.0,False
2022-10,Nusa Tenggara Barat,Cabai Besar,36000.0,False
2022-11,Nusa Tenggara Barat,Cabai Besar,26050.0,False
2022-12,Nusa Tenggara Barat,Cabai Besar,22300.0,False
2023-01,Nusa Tenggara Barat,Cabai Besar,33150.0,False
2023-02,Nusa Tenggara Barat,Cabai Besar,32550.0,False
2023-03,Nusa Tenggara Barat,Cabai Besar,34400.0,False
2023-04,Nusa Tenggara Barat,Cabai Besar,31050.0,False
2023-05,Nusa Tenggara Barat,Cabai Besar,29050.0,False
2023-06,Nusa Tenggara Barat,Cabai Besar,31150.0,False
2023-07,Nusa Tenggara Barat,Cabai Besar,33150.0,False
2023-08,Nusa Tenggara Barat,Cabai Besar,27550.0,False
2023-09,Nusa Tenggara Barat,Cabai Besar,36300.0,False
2023-10,Nusa Tenggara Barat,Cabai Besar,29300.0,False
2023-11,Nusa Tenggara Barat,Cabai Besar,33200.0,False
2023-12,Nusa Tenggara Barat,Cabai Besar,60050.0,False
2024-01,Nusa Tenggara Barat,Cabai Besar,56250.0,False
2024-02,Nusa Tenggara Barat,Cabai Besar,62200.0,False
2024-03,Nusa Tenggara Barat,Cabai Besar,68150.0,False
2024-04,Nusa Tenggara Barat,Cabai Besar,41250.0,False
2024-05,Nusa Tenggara Barat,Cabai Besar,44050.0,False
2024-06,Nusa Tenggara Barat,Cabai Besar,42400.0,False
2024-07,Nusa Tenggara Barat,Cabai Besar,38300.0,False
2024-08,Nusa Tenggara Barat,Cabai Besar,33200.0,False
2024-09,Nusa Tenggara Barat,Cabai Besar,27500.0,False
2024-10,Nusa Tenggara Barat,Cabai Besar,20650.0,False
2024-11,Nusa Tenggara Barat,Cabai Besar,18900.0,False
2024-12,Nusa Tenggara Barat,Cabai Besar,27000.0,False
2025-01,Nusa Tenggara Barat,Cabai Besar,65000.0,False
2025-02,Nusa Tenggara Barat,Cabai Besar,73150.0,False
2025-03,Nusa Tenggara Barat,Cabai Besar,69700.0,False
2025-04,Nusa Tenggara Barat,Cabai Besar,48550.0,False
2025-05,Nusa Tenggara Barat,Cabai Besar,25950.0,False
2025-06,Nusa Tenggara Barat,Cabai Besar,24200.0,False
2025-07,Nusa Tenggara Barat,Cabai Besar,26700.0,False
2025-08,Nusa Tenggara Barat,Cabai Besar,33050.0,False
2025-09,Nusa Tenggara Barat,Cabai Besar,30300.0,False
2025-10,Nusa Tenggara Barat,Cabai Besar,42500.0,False
2025-11,Nusa Tenggara Barat,Cabai Besar,40650.0,False
2025-12,Nusa Tenggara Barat,Cabai Besar,44400.0,False
2026-01,Nusa Tenggara Barat,Cabai Besar,32500.0,False
2026-02,Nusa Tenggara Barat,Cabai Besar,32800.0,False
2026-03,Nusa Tenggara Barat,Cabai Besar,41500.0,False
2026-04,Nusa Tenggara Barat,Cabai Besar,45950.0,False
2026-05,Nusa Tenggara Barat,Cabai Besar,41050.0,False
2026-06,Nusa Tenggara Barat,Cabai Besar,48500.0,False
2026-07,Nusa Tenggara Barat,Cabai Besar,28250.0,False
2020-02,Nusa Tenggara Barat,Cabai Rawit,64500.0,False
2020-03,Nusa Tenggara Barat,Cabai Rawit,24050.0,False
2020-04,Nusa Tenggara Barat,Cabai Rawit,64300.0,False
2020-05,Nusa Tenggara Barat,Cabai Rawit,50083.333333333336,True
2020-06,Nusa Tenggara Barat,Cabai Rawit,35866.66666666667,True
2020-07,Nusa Tenggara Barat,Cabai Rawit,21650.0,False
2020-08,Nusa Tenggara Barat,Cabai Rawit,16650.0,False
2020-09,Nusa Tenggara Barat,Cabai Rawit,14000.0,False
2020-10,Nusa Tenggara Barat,Cabai Rawit,13700.0,False
2020-11,Nusa Tenggara Barat,Cabai Rawit,14950.0,False
2020-12,Nusa Tenggara Barat,Cabai Rawit,28450.0,False
2021-01,Nusa Tenggara Barat,Cabai Rawit,45325.0,True
2021-02,Nusa Tenggara Barat,Cabai Rawit,62200.0,False
2021-03,Nusa Tenggara Barat,Cabai Rawit,83750.0,False
2021-04,Nusa Tenggara Barat,Cabai Rawit,127500.0,False
2021-05,Nusa Tenggara Barat,Cabai Rawit,70000.0,False
2021-06,Nusa Tenggara Barat,Cabai Rawit,57200.0,True
2021-07,Nusa Tenggara Barat,Cabai Rawit,44400.0,False
2021-08,Nusa Tenggara Barat,Cabai Rawit,41400.0,False
2021-09,Nusa Tenggara Barat,Cabai Rawit,17650.0,False
2021-10,Nusa Tenggara Barat,Cabai Rawit,15300.0,False
2021-11,Nusa Tenggara Barat,Cabai Rawit,13950.0,False
2021-12,Nusa Tenggara Barat,Cabai Rawit,28650.0,False
2022-01,Nusa Tenggara Barat,Cabai Rawit,60650.0,False
2022-02,Nusa Tenggara Barat,Cabai Rawit,64825.0,True
2022-03,Nusa Tenggara Barat,Cabai Rawit,69000.0,False
2022-04,Nusa Tenggara Barat,Cabai Rawit,57800.0,False
2022-05,Nusa Tenggara Barat,Cabai Rawit,66450.0,True
2022-06,Nusa Tenggara Barat,Cabai Rawit,75100.0,True
2022-07,Nusa Tenggara Barat,Cabai Rawit,83750.0,False
2022-08,Nusa Tenggara Barat,Cabai Rawit,51550.0,False
2022-09,Nusa Tenggara Barat,Cabai Rawit,39700.0,False
2022-10,Nusa Tenggara Barat,Cabai Rawit,44650.0,False
2022-11,Nusa Tenggara Barat,Cabai Rawit,24050.0,False
2022-12,Nusa Tenggara Barat,Cabai Rawit,22900.0,False
2023-01,Nusa Tenggara Barat,Cabai Rawit,74400.0,False
2023-02,Nusa Tenggara Barat,Cabai Rawit,52000.0,False
2023-03,Nusa Tenggara Barat,Cabai Rawit,70300.0,False
2023-04,Nusa Tenggara Barat,Cabai Rawit,56550.0,False
2023-05,Nusa Tenggara Barat,Cabai Rawit,35150.0,False
2023-06,Nusa Tenggara Barat,Cabai Rawit,44800.0,False
2023-07,Nusa Tenggara Barat,Cabai Rawit,33450.0,False
2023-08,Nusa Tenggara Barat,Cabai Rawit,39700.0,False
2023-09,Nusa Tenggara Barat,Cabai Rawit,27200.0,False
2023-10,Nusa Tenggara Barat,Cabai Rawit,25900.0,False
2023-11,Nusa Tenggara Barat,Cabai Rawit,58450.0,False
2023-12,Nusa Tenggara Barat,Cabai Rawit,67550.0,False
2024-01,Nusa Tenggara Barat,Cabai Rawit,64750.0,False
2024-02,Nusa Tenggara Barat,Cabai Rawit,25900.0,False
2024-03,Nusa Tenggara Barat,Cabai Rawit,52400.0,False
2024-04,Nusa Tenggara Barat,Cabai Rawit,36550.0,False
2024-05,Nusa Tenggara Barat,Cabai Rawit,38750.0,False
2024-06,Nusa Tenggara Barat,Cabai Rawit,34150.0,False
2024-07,Nusa Tenggara Barat,Cabai Rawit,34400.0,False
2024-08,Nusa Tenggara Barat,Cabai Rawit,62900.0,False
2024-09,Nusa Tenggara Barat,Cabai Rawit,29050.0,False
2024-10,Nusa Tenggara Barat,Cabai Rawit,28550.0,False
2024-11,Nusa Tenggara Barat,Cabai Rawit,25950.0,False
2024-12,Nusa Tenggara Barat,Cabai Rawit,22900.0,False
2025-01,Nusa Tenggara Barat,Cabai Rawit,59200.0,False
2025-02,Nusa Tenggara Barat,Cabai Rawit,60950.0,False
2025-03,Nusa Tenggara Barat,Cabai Rawit,148750.0,False
2025-04,Nusa Tenggara Barat,Cabai Rawit,119700.0,False
2025-05,Nusa Tenggara Barat,Cabai Rawit,60300.0,False
2025-06,Nusa Tenggara Barat,Cabai Rawit,40000.0,False
2025-07,Nusa Tenggara Barat,Cabai Rawit,64400.0,False
2025-08,Nusa Tenggara Barat,Cabai Rawit,32750.0,False
2025-09,Nusa Tenggara Barat,Cabai Rawit,29300.0,False
2025-10,Nusa Tenggara Barat,Cabai Rawit,24950.0,False
2025-11,Nusa Tenggara Barat,Cabai Rawit,19750.0,False
2025-12,Nusa Tenggara Barat,Cabai Rawit,53750.0,False
2026-01,Nusa Tenggara Barat,Cabai Rawit,61500.0,False
2026-02,Nusa Tenggara Barat,Cabai Rawit,69450.0,False
2026-03,Nusa Tenggara Barat,Cabai Rawit,108750.0,False
2026-04,Nusa Tenggara Barat,Cabai Rawit,93750.0,False
2026-05,Nusa Tenggara Barat,Cabai Rawit,65400.0,False
2026-06,Nusa Tenggara Barat,Cabai Rawit,86250.0,False
2026-07,Nusa Tenggara Barat,Cabai Rawit,42950.0,False
2020-02,Nusa Tenggara Timur,Bawang Merah,33750.0,False
2020-03,Nusa Tenggara Timur,Bawang Merah,38150.0,False
2020-04,Nusa Tenggara Timur,Bawang Merah,33150.0,False
2020-05,Nusa Tenggara Timur,Bawang Merah,32316.666666666668,True
2020-06,Nusa Tenggara Timur,Bawang Merah,31483.33333333333,True
2020-07,Nusa Tenggara Timur,Bawang Merah,30650.0,False
2020-08,Nusa Tenggara Timur,Bawang Merah,23750.0,False
2020-09,Nusa Tenggara Timur,Bawang Merah,24400.0,False
2020-10,Nusa Tenggara Timur,Bawang Merah,23150.0,False
2020-11,Nusa Tenggara Timur,Bawang Merah,30000.0,False
2020-12,Nusa Tenggara Timur,Bawang Merah,33150.0,False
2021-01,Nusa Tenggara Timur,Bawang Merah,32200.0,True
2021-02,Nusa Tenggara Timur,Bawang Merah,31250.0,False
2021-03,Nusa Tenggara Timur,Bawang Merah,31650.0,False
2021-04,Nusa Tenggara Timur,Bawang Merah,30000.0,False
2021-05,Nusa Tenggara Timur,Bawang Merah,30400.0,False
2021-06,Nusa Tenggara Timur,Bawang Merah,29775.0,True
2021-07,Nusa Tenggara Timur,Bawang Merah,29150.0,False
2021-08,Nusa Tenggara Timur,Bawang Merah,27100.0,False
2021-09,Nusa Tenggara Timur,Bawang Merah,26250.0,False
2021-10,Nusa Tenggara Timur,Bawang Merah,24150.0,False
2021-11,Nusa Tenggara Timur,Bawang Merah,23750.0,False
2021-12,Nusa Tenggara Timur,Bawang Merah,23350.0,False
2022-01,Nusa Tenggara Timur,Bawang Merah,24600.0,False
2022-02,Nusa Tenggara Timur,Bawang Merah,25225.0,True
2022-03,Nusa Tenggara Timur,Bawang Merah,25850.0,False
2022-04,Nusa Tenggara Timur,Bawang Merah,28750.0,False
2022-05,Nusa Tenggara Timur,Bawang Merah,32783.333333333336,True
2022-06,Nusa Tenggara Timur,Bawang Merah,36816.66666666666,True
2022-07,Nusa Tenggara Timur,Bawang Merah,40850.0,False
2022-08,Nusa Tenggara Timur,Bawang Merah,48750.0,False
2022-09,Nusa Tenggara Timur,Bawang Merah,34600.0,False
2022-10,Nusa Tenggara Timur,Bawang Merah,27100.0,False
2022-11,Nusa Tenggara Timur,Bawang Merah,27700.0,False
2022-12,Nusa Tenggara Timur,Bawang Merah,29600.0,False
2023-01,Nusa Tenggara Timur,Bawang Merah,35400.0,False
2023-02,Nusa Tenggara Timur,Bawang Merah,36250.0,False
2023-03,Nusa Tenggara Timur,Bawang Merah,37900.0,False
2023-04,Nusa Tenggara Timur,Bawang Merah,36650.0,False
2023-05,Nusa Tenggara Timur,Bawang Merah,38750.0,True
2023-06,Nusa Tenggara Timur,Bawang Merah,40850.0,False
2023-07,Nusa Tenggara Timur,Bawang Merah,36250.0,False
2023-08,Nusa Tenggara Timur,Bawang Merah,31250.0,False
2023-09,Nusa Tenggara Timur,Bawang Merah,25850.0,False
2023-10,Nusa Tenggara Timur,Bawang Merah,22500.0,False
2023-11,Nusa Tenggara Timur,Bawang Merah,23350.0,False
2023-12,Nusa Tenggara Timur,Bawang Merah,25400.0,False
2024-01,Nusa Tenggara Timur,Bawang Merah,29575.0,True
2024-02,Nusa Tenggara Timur,Bawang Merah,33750.0,False
2024-03,Nusa Tenggara Timur,Bawang Merah,33750.0,False
2024-04,Nusa Tenggara Timur,Bawang Merah,33350.0,False
2024-05,Nusa Tenggara Timur,Bawang Merah,46650.0,False
2024-06,Nusa Tenggara Timur,Bawang Merah,48750.0,False
2024-07,Nusa Tenggara Timur,Bawang Merah,42100.0,False
2024-08,Nusa Tenggara Timur,Bawang Merah,24600.0,False
2024-09,Nusa Tenggara Timur,Bawang Merah,21650.0,False
2024-10,Nusa Tenggara Timur,Bawang Merah,21650.0,False
2024-11,Nusa Tenggara Timur,Bawang Merah,25400.0,False
2024-12,Nusa Tenggara Timur,Bawang Merah,33350.0,False
2025-01,Nusa Tenggara Timur,Bawang Merah,39150.0,False
2025-02,Nusa Tenggara Timur,Bawang Merah,40400.0,False
2025-03,Nusa Tenggara Timur,Bawang Merah,40000.0,False
2025-04,Nusa Tenggara Timur,Bawang Merah,42500.0,False
2025-05,Nusa Tenggara Timur,Bawang Merah,49150.0,False
2025-06,Nusa Tenggara Timur,Bawang Merah,42500.0,False
2025-07,Nusa Tenggara Timur,Bawang Merah,45850.0,False
2025-08,Nusa Tenggara Timur,Bawang Merah,44600.0,False
2025-09,Nusa Tenggara Timur,Bawang Merah,41650.0,False
2025-10,Nusa Tenggara Timur,Bawang Merah,35850.0,False
2025-11,Nusa Tenggara Timur,Bawang Merah,36250.0,False
2025-12,Nusa Tenggara Timur,Bawang Merah,36650.0,False
2026-01,Nusa Tenggara Timur,Bawang Merah,48350.0,False
2026-02,Nusa Tenggara Timur,Bawang Merah,47100.0,False
2026-03,Nusa Tenggara Timur,Bawang Merah,44150.0,False
2026-04,Nusa Tenggara Timur,Bawang Merah,43750.0,False
2026-05,Nusa Tenggara Timur,Bawang Merah,45850.0,False
2026-06,Nusa Tenggara Timur,Bawang Merah,44150.0,False
2026-07,Nusa Tenggara Timur,Bawang Merah,44150.0,False
2020-02,Nusa Tenggara Timur,Beras,11200.0,False
2020-03,Nusa Tenggara Timur,Beras,11200.0,False
2020-04,Nusa Tenggara Timur,Beras,11200.0,False
2020-05,Nusa Tenggara Timur,Beras,11200.0,True
2020-06,Nusa Tenggara Timur,Beras,11200.0,True
2020-07,Nusa Tenggara Timur,Beras,11200.0,False
2020-08,Nusa Tenggara Timur,Beras,11200.0,False
2020-09,Nusa Tenggara Timur,Beras,11200.0,False
2020-10,Nusa Tenggara Timur,Beras,11200.0,False
2020-11,Nusa Tenggara Timur,Beras,11200.0,False
2020-12,Nusa Tenggara Timur,Beras,11200.0,False
2021-01,Nusa Tenggara Timur,Beras,10850.0,True
2021-02,Nusa Tenggara Timur,Beras,10500.0,False
2021-03,Nusa Tenggara Timur,Beras,10650.0,False
2021-04,Nusa Tenggara Timur,Beras,10650.0,False
2021-05,Nusa Tenggara Timur,Beras,10600.0,False
2021-06,Nusa Tenggara Timur,Beras,10550.0,True
2021-07,Nusa Tenggara Timur,Beras,10500.0,False
2021-08,Nusa Tenggara Timur,Beras,10500.0,False
2021-09,Nusa Tenggara Timur,Beras,10500.0,False
2021-10,Nusa Tenggara Timur,Beras,10500.0,False
2021-11,Nusa Tenggara Timur,Beras,10500.0,False
2021-12,Nusa Tenggara Timur,Beras,10500.0,False
2022-01,Nusa Tenggara Timur,Beras,10350.0,False
2022-02,Nusa Tenggara Timur,Beras,10425.0,True
2022-03,Nusa Tenggara Timur,Beras,10500.0,False
2022-04,Nusa Tenggara Timur,Beras,10500.0,False
2022-05,Nusa Tenggara Timur,Beras,10500.0,True
2022-06,Nusa Tenggara Timur,Beras,10500.0,True
2022-07,Nusa Tenggara Timur,Beras,10500.0,False
2022-08,Nusa Tenggara Timur,Beras,10500.0,False
2022-09,Nusa Tenggara Timur,Beras,10500.0,False
2022-10,Nusa Tenggara Timur,Beras,10500.0,False
2022-11,Nusa Tenggara Timur,Beras,11000.0,False
2022-12,Nusa Tenggara Timur,Beras,11000.0,False
2023-01,Nusa Tenggara Timur,Beras,11000.0,False
2023-02,Nusa Tenggara Timur,Beras,11300.0,False
2023-03,Nusa Tenggara Timur,Beras,12550.0,False
2023-04,Nusa Tenggara Timur,Beras,13500.0,False
2023-05,Nusa Tenggara Timur,Beras,13425.0,True
2023-06,Nusa Tenggara Timur,Beras,13350.0,False
2023-07,Nusa Tenggara Timur,Beras,13400.0,False
2023-08,Nusa Tenggara Timur,Beras,13400.0,False
2023-09,Nusa Tenggara Timur,Beras,13350.0,False
2023-10,Nusa Tenggara Timur,Beras,13900.0,False
2023-11,Nusa Tenggara Timur,Beras,14150.0,False
2023-12,Nusa Tenggara Timur,Beras,14250.0,False
2024-01,Nusa Tenggara Timur,Beras,14300.0,True
2024-02,Nusa Tenggara Timur,Beras,14350.0,False
2024-03,Nusa Tenggara Timur,Beras,15450.0,False
2024-04,Nusa Tenggara Timur,Beras,15800.0,False
2024-05,Nusa Tenggara Timur,Beras,15700.0,False
2024-06,Nusa Tenggara Timur,Beras,15150.0,False
2024-07,Nusa Tenggara Timur,Beras,15000.0,False
2024-08,Nusa Tenggara Timur,Beras,14650.0,False
2024-09,Nusa Tenggara Timur,Beras,14650.0,False
2024-10,Nusa Tenggara Timur,Beras,14650.0,False
2024-11,Nusa Tenggara Timur,Beras,14650.0,False
2024-12,Nusa Tenggara Timur,Beras,14650.0,False
2025-01,Nusa Tenggara Timur,Beras,14650.0,False
2025-02,Nusa Tenggara Timur,Beras,14500.0,False
2025-03,Nusa Tenggara Timur,Beras,14500.0,False
2025-04,Nusa Tenggara Timur,Beras,14500.0,False
2025-05,Nusa Tenggara Timur,Beras,14600.0,False
2025-06,Nusa Tenggara Timur,Beras,14650.0,False
2025-07,Nusa Tenggara Timur,Beras,14600.0,False
2025-08,Nusa Tenggara Timur,Beras,14650.0,False
2025-09,Nusa Tenggara Timur,Beras,14750.0,False
2025-10,Nusa Tenggara Timur,Beras,14750.0,False
2025-11,Nusa Tenggara Timur,Beras,14750.0,False
2025-12,Nusa Tenggara Timur,Beras,14750.0,False
2026-01,Nusa Tenggara Timur,Beras,14750.0,False
2026-02,Nusa Tenggara Timur,Beras,14750.0,False
2026-03,Nusa Tenggara Timur,Beras,14750.0,False
2026-04,Nusa Tenggara Timur,Beras,14750.0,False
2026-05,Nusa Tenggara Timur,Beras,14850.0,False
2026-06,Nusa Tenggara Timur,Beras,14850.0,False
2026-07,Nusa Tenggara Timur,Beras,14850.0,False
2020-02,Nusa Tenggara Timur,Cabai Besar,67050.0,False
2020-03,Nusa Tenggara Timur,Cabai Besar,57400.0,False
2020-04,Nusa Tenggara Timur,Cabai Besar,38150.0,False
2020-05,Nusa Tenggara Timur,Cabai Besar,36733.333333333336,True
2020-06,Nusa Tenggara Timur,Cabai Besar,35316.666666666664,True
2020-07,Nusa Tenggara Timur,Cabai Besar,33900.0,False
2020-08,Nusa Tenggara Timur,Cabai Besar,29450.0,False
2020-09,Nusa Tenggara Timur,Cabai Besar,29700.0,False
2020-10,Nusa Tenggara Timur,Cabai Besar,44150.0,False
2020-11,Nusa Tenggara Timur,Cabai Besar,62550.0,False
2020-12,Nusa Tenggara Timur,Cabai Besar,49100.0,False
2021-01,Nusa Tenggara Timur,Cabai Besar,63300.0,True
2021-02,Nusa Tenggara Timur,Cabai Besar,77500.0,False
2021-03,Nusa Tenggara Timur,Cabai Besar,66250.0,False
2021-04,Nusa Tenggara Timur,Cabai Besar,65000.0,False
2021-05,Nusa Tenggara Timur,Cabai Besar,64600.0,False
2021-06,Nusa Tenggara Timur,Cabai Besar,59800.0,True
2021-07,Nusa Tenggara Timur,Cabai Besar,55000.0,False
2021-08,Nusa Tenggara Timur,Cabai Besar,59150.0,False
2021-09,Nusa Tenggara Timur,Cabai Besar,43350.0,False
2021-10,Nusa Tenggara Timur,Cabai Besar,22900.0,False
2021-11,Nusa Tenggara Timur,Cabai Besar,23750.0,False
2021-12,Nusa Tenggara Timur,Cabai Besar,25400.0,False
2022-01,Nusa Tenggara Timur,Cabai Besar,45000.0,False
2022-02,Nusa Tenggara Timur,Cabai Besar,42300.0,True
2022-03,Nusa Tenggara Timur,Cabai Besar,39600.0,False
2022-04,Nusa Tenggara Timur,Cabai Besar,56250.0,False
2022-05,Nusa Tenggara Timur,Cabai Besar,62500.0,True
2022-06,Nusa Tenggara Timur,Cabai Besar,68750.0,True
2022-07,Nusa Tenggara Timur,Cabai Besar,75000.0,False
2022-08,Nusa Tenggara Timur,Cabai Besar,78750.0,False
2022-09,Nusa Tenggara Timur,Cabai Besar,60400.0,False
2022-10,Nusa Tenggara Timur,Cabai Besar,59000.0,False
2022-11,Nusa Tenggara Timur,Cabai Besar,56650.0,False
2022-12,Nusa Tenggara Timur,Cabai Besar,55000.0,False
2023-01,Nusa Tenggara Timur,Cabai Besar,50000.0,False
2023-02,Nusa Tenggara Timur,Cabai Besar,45400.0,False
2023-03,Nusa Tenggara Timur,Cabai Besar,65000.0,False
2023-04,Nusa Tenggara Timur,Cabai Besar,60400.0,False
2023-05,Nusa Tenggara Timur,Cabai Besar,57275.0,True
2023-06,Nusa Tenggara Timur,Cabai Besar,54150.0,False
2023-07,Nusa Tenggara Timur,Cabai Besar,55000.0,False
2023-08,Nusa Tenggara Timur,Cabai Besar,53750.0,False
2023-09,Nusa Tenggara Timur,Cabai Besar,42500.0,False
2023-10,Nusa Tenggara Timur,Cabai Besar,43750.0,False
2023-11,Nusa Tenggara Timur,Cabai Besar,48350.0,False
2023-12,Nusa Tenggara Timur,Cabai Besar,63350.0,False
2024-01,Nusa Tenggara Timur,Cabai Besar,64175.0,True
2024-02,Nusa Tenggara Timur,Cabai Besar,65000.0,False
2024-03,Nusa Tenggara Timur,Cabai Besar,65400.0,False
2024-04,Nusa Tenggara Timur,Cabai Besar,53750.0,False
2024-05,Nusa Tenggara Timur,Cabai Besar,53750.0,False
2024-06,Nusa Tenggara Timur,Cabai Besar,60850.0,False
2024-07,Nusa Tenggara Timur,Cabai Besar,57500.0,False
2024-08,Nusa Tenggara Timur,Cabai Besar,50000.0,False
2024-09,Nusa Tenggara Timur,Cabai Besar,48350.0,False
2024-10,Nusa Tenggara Timur,Cabai Besar,46650.0,False
2024-11,Nusa Tenggara Timur,Cabai Besar,42900.0,False
2024-12,Nusa Tenggara Timur,Cabai Besar,37900.0,False
2025-01,Nusa Tenggara Timur,Cabai Besar,52500.0,False
2025-02,Nusa Tenggara Timur,Cabai Besar,62500.0,False
2025-03,Nusa Tenggara Timur,Cabai Besar,60400.0,False
2025-04,Nusa Tenggara Timur,Cabai Besar,58750.0,False
2025-05,Nusa Tenggara Timur,Cabai Besar,71650.0,False
2025-06,Nusa Tenggara Timur,Cabai Besar,62500.0,False
2025-07,Nusa Tenggara Timur,Cabai Besar,60850.0,False
2025-08,Nusa Tenggara Timur,Cabai Besar,60400.0,False
2025-09,Nusa Tenggara Timur,Cabai Besar,58450.0,False
2025-10,Nusa Tenggara Timur,Cabai Besar,47900.0,False
2025-11,Nusa Tenggara Timur,Cabai Besar,44150.0,False
2025-12,Nusa Tenggara Timur,Cabai Besar,45850.0,False
2026-01,Nusa Tenggara Timur,Cabai Besar,57500.0,False
2026-02,Nusa Tenggara Timur,Cabai Besar,49600.0,False
2026-03,Nusa Tenggara Timur,Cabai Besar,50000.0,False
2026-04,Nusa Tenggara Timur,Cabai Besar,62500.0,False
2026-05,Nusa Tenggara Timur,Cabai Besar,58350.0,False
2026-06,Nusa Tenggara Timur,Cabai Besar,52500.0,False
2026-07,Nusa Tenggara Timur,Cabai Besar,62900.0,False
2020-02,Nusa Tenggara Timur,Cabai Rawit,125500.0,False
2020-03,Nusa Tenggara Timur,Cabai Rawit,78550.0,False
2020-04,Nusa Tenggara Timur,Cabai Rawit,48950.0,False
2020-05,Nusa Tenggara Timur,Cabai Rawit,52566.66666666666,True
2020-06,Nusa Tenggara Timur,Cabai Rawit,56183.333333333336,True
2020-07,Nusa Tenggara Timur,Cabai Rawit,59800.0,False
2020-08,Nusa Tenggara Timur,Cabai Rawit,53500.0,False
2020-09,Nusa Tenggara Timur,Cabai Rawit,36750.0,False
2020-10,Nusa Tenggara Timur,Cabai Rawit,35050.0,False
2020-11,Nusa Tenggara Timur,Cabai Rawit,47850.0,False
2020-12,Nusa Tenggara Timur,Cabai Rawit,48350.0,False
2021-01,Nusa Tenggara Timur,Cabai Rawit,56775.0,True
2021-02,Nusa Tenggara Timur,Cabai Rawit,65200.0,False
2021-03,Nusa Tenggara Timur,Cabai Rawit,69700.0,False
2021-04,Nusa Tenggara Timur,Cabai Rawit,72050.0,False
2021-05,Nusa Tenggara Timur,Cabai Rawit,83250.0,False
2021-06,Nusa Tenggara Timur,Cabai Rawit,88575.0,True
2021-07,Nusa Tenggara Timur,Cabai Rawit,93900.0,False
2021-08,Nusa Tenggara Timur,Cabai Rawit,95000.0,False
2021-09,Nusa Tenggara Timur,Cabai Rawit,72500.0,False
2021-10,Nusa Tenggara Timur,Cabai Rawit,56650.0,False
2021-11,Nusa Tenggara Timur,Cabai Rawit,51100.0,False
2021-12,Nusa Tenggara Timur,Cabai Rawit,39700.0,False
2022-01,Nusa Tenggara Timur,Cabai Rawit,75800.0,False
2022-02,Nusa Tenggara Timur,Cabai Rawit,71375.0,True
2022-03,Nusa Tenggara Timur,Cabai Rawit,66950.0,False
2022-04,Nusa Tenggara Timur,Cabai Rawit,80850.0,False
2022-05,Nusa Tenggara Timur,Cabai Rawit,78616.66666666667,True
2022-06,Nusa Tenggara Timur,Cabai Rawit,76383.33333333333,True
2022-07,Nusa Tenggara Timur,Cabai Rawit,74150.0,False
2022-08,Nusa Tenggara Timur,Cabai Rawit,76250.0,False
2022-09,Nusa Tenggara Timur,Cabai Rawit,72500.0,False
2022-10,Nusa Tenggara Timur,Cabai Rawit,64600.0,False
2022-11,Nusa Tenggara Timur,Cabai Rawit,62900.0,False
2022-12,Nusa Tenggara Timur,Cabai Rawit,60400.0,False
2023-01,Nusa Tenggara Timur,Cabai Rawit,79600.0,False
2023-02,Nusa Tenggara Timur,Cabai Rawit,73350.0,False
2023-03,Nusa Tenggara Timur,Cabai Rawit,85850.0,False
2023-04,Nusa Tenggara Timur,Cabai Rawit,85400.0,False
2023-05,Nusa Tenggara Timur,Cabai Rawit,81025.0,True
2023-06,Nusa Tenggara Timur,Cabai Rawit,76650.0,False
2023-07,Nusa Tenggara Timur,Cabai Rawit,73350.0,False
2023-08,Nusa Tenggara Timur,Cabai Rawit,70000.0,False
2023-09,Nusa Tenggara Timur,Cabai Rawit,72100.0,False
2023-10,Nusa Tenggara Timur,Cabai Rawit,67100.0,False
2023-11,Nusa Tenggara Timur,Cabai Rawit,75850.0,False
2023-12,Nusa Tenggara Timur,Cabai Rawit,106650.0,False
2024-01,Nusa Tenggara Timur,Cabai Rawit,88625.0,True
2024-02,Nusa Tenggara Timur,Cabai Rawit,70600.0,False
2024-03,Nusa Tenggara Timur,Cabai Rawit,75100.0,False
2024-04,Nusa Tenggara Timur,Cabai Rawit,80950.0,False
2024-05,Nusa Tenggara Timur,Cabai Rawit,76700.0,False
2024-06,Nusa Tenggara Timur,Cabai Rawit,71900.0,False
2024-07,Nusa Tenggara Timur,Cabai Rawit,56200.0,False
2024-08,Nusa Tenggara Timur,Cabai Rawit,74250.0,False
2024-09,Nusa Tenggara Timur,Cabai Rawit,57150.0,False
2024-10,Nusa Tenggara Timur,Cabai Rawit,52550.0,False
2024-11,Nusa Tenggara Timur,Cabai Rawit,56400.0,False
2024-12,Nusa Tenggara Timur,Cabai Rawit,54100.0,False
2025-01,Nusa Tenggara Timur,Cabai Rawit,71150.0,False
2025-02,Nusa Tenggara Timur,Cabai Rawit,90650.0,False
2025-03,Nusa Tenggara Timur,Cabai Rawit,79950.0,False
2025-04,Nusa Tenggara Timur,Cabai Rawit,86200.0,False
2025-05,Nusa Tenggara Timur,Cabai Rawit,110850.0,False
2025-06,Nusa Tenggara Timur,Cabai Rawit,86250.0,False
2025-07,Nusa Tenggara Timur,Cabai Rawit,81650.0,False
2025-08,Nusa Tenggara Timur,Cabai Rawit,79150.0,False
2025-09,Nusa Tenggara Timur,Cabai Rawit,67100.0,False
2025-10,Nusa Tenggara Timur,Cabai Rawit,63750.0,False
2025-11,Nusa Tenggara Timur,Cabai Rawit,60900.0,False
2025-12,Nusa Tenggara Timur,Cabai Rawit,47050.0,False
2026-01,Nusa Tenggara Timur,Cabai Rawit,60400.0,False
2026-02,Nusa Tenggara Timur,Cabai Rawit,72050.0,False
2026-03,Nusa Tenggara Timur,Cabai Rawit,71650.0,False
2026-04,Nusa Tenggara Timur,Cabai Rawit,88750.0,False
2026-05,Nusa Tenggara Timur,Cabai Rawit,90000.0,False
2026-06,Nusa Tenggara Timur,Cabai Rawit,75850.0,False
2026-07,Nusa Tenggara Timur,Cabai Rawit,75000.0,False
2020-02,Papua,Bawang Merah,52600.0,False
2020-03,Papua,Bawang Merah,56700.0,False
2020-04,Papua,Bawang Merah,68350.0,False
2020-05,Papua,Bawang Merah,90000.0,False
2020-06,Papua,Bawang Merah,73750.0,False
2020-07,Papua,Bawang Merah,73400.0,False
2020-08,Papua,Bawang Merah,53250.0,False
2020-09,Papua,Bawang Merah,46600.0,False
2020-10,Papua,Bawang Merah,44750.0,False
2020-11,Papua,Bawang Merah,46600.0,False
2020-12,Papua,Bawang Merah,46400.0,False
2021-01,Papua,Bawang Merah,47800.0,True
2021-02,Papua,Bawang Merah,49200.0,False
2021-03,Papua,Bawang Merah,47450.0,False
2021-04,Papua,Bawang Merah,52000.0,False
2021-05,Papua,Bawang Merah,49750.0,False
2021-06,Papua,Bawang Merah,52500.0,False
2021-07,Papua,Bawang Merah,48150.0,False
2021-08,Papua,Bawang Merah,47800.0,False
2021-09,Papua,Bawang Merah,48550.0,False
2021-10,Papua,Bawang Merah,44550.0,False
2021-11,Papua,Bawang Merah,42900.0,False
2021-12,Papua,Bawang Merah,43750.0,False
2022-01,Papua,Bawang Merah,43150.0,False
2022-02,Papua,Bawang Merah,45425.0,True
2022-03,Papua,Bawang Merah,47700.0,False
2022-04,Papua,Bawang Merah,50400.0,False
2022-05,Papua,Bawang Merah,56933.333333333336,True
2022-06,Papua,Bawang Merah,63466.66666666666,True
2022-07,Papua,Bawang Merah,70000.0,False
2022-08,Papua,Bawang Merah,75850.0,False
2022-09,Papua,Bawang Merah,57450.0,False
2022-10,Papua,Bawang Merah,47300.0,False
2022-11,Papua,Bawang Merah,48400.0,False
2022-12,Papua,Bawang Merah,51900.0,False
2023-01,Papua,Bawang Merah,57400.0,False
2023-02,Papua,Bawang Merah,55000.0,False
2023-03,Papua,Bawang Merah,60400.0,False
2023-04,Papua,Bawang Merah,53950.0,False
2023-05,Papua,Bawang Merah,55725.0,True
2023-06,Papua,Bawang Merah,57500.0,False
2023-07,Papua,Bawang Merah,58150.0,False
2023-08,Papua,Bawang Merah,55400.0,False
2023-09,Papua,Bawang Merah,47150.0,False
2023-10,Papua,Bawang Merah,43150.0,False
2023-11,Papua,Bawang Merah,40400.0,False
2023-12,Papua,Bawang Merah,42600.0,False
2024-01,Papua,Bawang Merah,48275.0,True
2024-02,Papua,Bawang Merah,53950.0,False
2024-03,Papua,Bawang Merah,51050.0,False
2024-04,Papua,Bawang Merah,51900.0,False
2024-05,Papua,Bawang Merah,55650.0,True
2024-06,Papua,Bawang Merah,59400.0,False
2024-07,Papua,Bawang Merah,57900.0,False
2024-08,Papua,Bawang Merah,47100.0,False
2024-09,Papua,Bawang Merah,45000.0,False
2024-10,Papua,Bawang Merah,43750.0,False
2024-11,Papua,Bawang Merah,45850.0,False
2024-12,Papua,Bawang Merah,53950.0,False
2025-01,Papua,Bawang Merah,60400.0,False
2025-02,Papua,Bawang Merah,56450.0,False
2025-03,Papua,Bawang Merah,55650.0,False
2025-04,Papua,Bawang Merah,63650.0,False
2025-05,Papua,Bawang Merah,65950.0,False
2025-06,Papua,Bawang Merah,59000.0,False
2025-07,Papua,Bawang Merah,68200.0,False
2025-08,Papua,Bawang Merah,66400.0,False
2025-09,Papua,Bawang Merah,77900.0,False
2025-10,Papua,Bawang Merah,63900.0,False
2025-11,Papua,Bawang Merah,60400.0,False
2025-12,Papua,Bawang Merah,63750.0,False
2026-01,Papua,Bawang Merah,75900.0,False
2026-02,Papua,Bawang Merah,72000.0,False
2026-03,Papua,Bawang Merah,64750.0,False
2026-04,Papua,Bawang Merah,70500.0,False
2026-05,Papua,Bawang Merah,70000.0,False
2026-06,Papua,Bawang Merah,68500.0,False
2026-07,Papua,Bawang Merah,80750.0,False
2020-02,Papua,Beras,12250.0,False
2020-03,Papua,Beras,12250.0,False
2020-04,Papua,Beras,12350.0,False
2020-05,Papua,Beras,11000.0,False
2020-06,Papua,Beras,11000.0,False
2020-07,Papua,Beras,12400.0,False
2020-08,Papua,Beras,12400.0,False
2020-09,Papua,Beras,12400.0,False
2020-10,Papua,Beras,12400.0,False
2020-11,Papua,Beras,12400.0,False
2020-12,Papua,Beras,12400.0,False
2021-01,Papua,Beras,12375.0,True
2021-02,Papua,Beras,12350.0,False
2021-03,Papua,Beras,12300.0,False
2021-04,Papua,Beras,12350.0,False
2021-05,Papua,Beras,12350.0,False
2021-06,Papua,Beras,11000.0,False
2021-07,Papua,Beras,12350.0,False
2021-08,Papua,Beras,12350.0,False
2021-09,Papua,Beras,12350.0,False
2021-10,Papua,Beras,12500.0,False
2021-11,Papua,Beras,12500.0,False
2021-12,Papua,Beras,12500.0,False
2022-01,Papua,Beras,12500.0,False
2022-02,Papua,Beras,12500.0,True
2022-03,Papua,Beras,12500.0,False
2022-04,Papua,Beras,12600.0,False
2022-05,Papua,Beras,12533.333333333334,True
2022-06,Papua,Beras,12466.666666666666,True
2022-07,Papua,Beras,12400.0,False
2022-08,Papua,Beras,12400.0,False
2022-09,Papua,Beras,12450.0,False
2022-10,Papua,Beras,12400.0,False
2022-11,Papua,Beras,12500.0,False
2022-12,Papua,Beras,12500.0,False
2023-01,Papua,Beras,12900.0,False
2023-02,Papua,Beras,13600.0,False
2023-03,Papua,Beras,13650.0,False
2023-04,Papua,Beras,13650.0,False
2023-05,Papua,Beras,14150.0,True
2023-06,Papua,Beras,14650.0,False
2023-07,Papua,Beras,14650.0,False
2023-08,Papua,Beras,14550.0,False
2023-09,Papua,Beras,14650.0,False
2023-10,Papua,Beras,14750.0,False
2023-11,Papua,Beras,15100.0,False
2023-12,Papua,Beras,15150.0,False
2024-01,Papua,Beras,15175.0,True
2024-02,Papua,Beras,15200.0,False
2024-03,Papua,Beras,17100.0,False
2024-04,Papua,Beras,16950.0,False
2024-05,Papua,Beras,17050.0,True
2024-06,Papua,Beras,17150.0,False
2024-07,Papua,Beras,17150.0,False
2024-08,Papua,Beras,17150.0,False
2024-09,Papua,Beras,17150.0,False
2024-10,Papua,Beras,16900.0,False
2024-11,Papua,Beras,16800.0,False
2024-12,Papua,Beras,16800.0,False
2025-01,Papua,Beras,16850.0,False
2025-02,Papua,Beras,16850.0,False
2025-03,Papua,Beras,16850.0,False
2025-04,Papua,Beras,17850.0,False
2025-05,Papua,Beras,17950.0,False
2025-06,Papua,Beras,18150.0,False
2025-07,Papua,Beras,18100.0,False
2025-08,Papua,Beras,18750.0,False
2025-09,Papua,Beras,19100.0,False
2025-10,Papua,Beras,19150.0,False
2025-11,Papua,Beras,19200.0,False
2025-12,Papua,Beras,19150.0,False
2026-01,Papua,Beras,19250.0,False
2026-02,Papua,Beras,19150.0,False
2026-03,Papua,Beras,19200.0,False
2026-04,Papua,Beras,19200.0,False
2026-05,Papua,Beras,19100.0,False
2026-06,Papua,Beras,18950.0,False
2026-07,Papua,Beras,19050.0,False
2020-02,Papua,Cabai Besar,99200.0,False
2020-03,Papua,Cabai Besar,71750.0,False
2020-04,Papua,Cabai Besar,56900.0,False
2020-05,Papua,Cabai Besar,65000.0,False
2020-06,Papua,Cabai Besar,47500.0,False
2020-07,Papua,Cabai Besar,56450.0,False
2020-08,Papua,Cabai Besar,84200.0,False
2020-09,Papua,Cabai Besar,43900.0,False
2020-10,Papua,Cabai Besar,58150.0,False
2020-11,Papua,Cabai Besar,59450.0,False
2020-12,Papua,Cabai Besar,50650.0,False
2021-01,Papua,Cabai Besar,53650.0,True
2021-02,Papua,Cabai Besar,56650.0,False
2021-03,Papua,Cabai Besar,78300.0,False
2021-04,Papua,Cabai Besar,79000.0,False
2021-05,Papua,Cabai Besar,71350.0,False
2021-06,Papua,Cabai Besar,35000.0,False
2021-07,Papua,Cabai Besar,64100.0,False
2021-08,Papua,Cabai Besar,60400.0,False
2021-09,Papua,Cabai Besar,46650.0,False
2021-10,Papua,Cabai Besar,48750.0,False
2021-11,Papua,Cabai Besar,52500.0,False
2021-12,Papua,Cabai Besar,60200.0,False
2022-01,Papua,Cabai Besar,77500.0,False
2022-02,Papua,Cabai Besar,92650.0,True
2022-03,Papua,Cabai Besar,107800.0,False
2022-04,Papua,Cabai Besar,90650.0,False
2022-05,Papua,Cabai Besar,80483.33333333333,True
2022-06,Papua,Cabai Besar,70316.66666666667,True
2022-07,Papua,Cabai Besar,60150.0,False
2022-08,Papua,Cabai Besar,73750.0,False
2022-09,Papua,Cabai Besar,68650.0,False
2022-10,Papua,Cabai Besar,68350.0,False
2022-11,Papua,Cabai Besar,66650.0,False
2022-12,Papua,Cabai Besar,64350.0,False
2023-01,Papua,Cabai Besar,83350.0,False
2023-02,Papua,Cabai Besar,67150.0,False
2023-03,Papua,Cabai Besar,76250.0,False
2023-04,Papua,Cabai Besar,79150.0,False
2023-05,Papua,Cabai Besar,91450.0,True
2023-06,Papua,Cabai Besar,103750.0,False
2023-07,Papua,Cabai Besar,96450.0,False
2023-08,Papua,Cabai Besar,75000.0,False
2023-09,Papua,Cabai Besar,70850.0,False
2023-10,Papua,Cabai Besar,54800.0,False
2023-11,Papua,Cabai Besar,46250.0,False
2023-12,Papua,Cabai Besar,53150.0,False
2024-01,Papua,Cabai Besar,64175.0,True
2024-02,Papua,Cabai Besar,75200.0,False
2024-03,Papua,Cabai Besar,64400.0,False
2024-04,Papua,Cabai Besar,88550.0,False
2024-05,Papua,Cabai Besar,94600.0,True
2024-06,Papua,Cabai Besar,100650.0,False
2024-07,Papua,Cabai Besar,95200.0,False
2024-08,Papua,Cabai Besar,112100.0,False
2024-09,Papua,Cabai Besar,73550.0,False
2024-10,Papua,Cabai Besar,65850.0,False
2024-11,Papua,Cabai Besar,52900.0,False
2024-12,Papua,Cabai Besar,60000.0,False
2025-01,Papua,Cabai Besar,60000.0,False
2025-02,Papua,Cabai Besar,96500.0,False
2025-03,Papua,Cabai Besar,88750.0,False
2025-04,Papua,Cabai Besar,93650.0,False
2025-05,Papua,Cabai Besar,89250.0,False
2025-06,Papua,Cabai Besar,96250.0,False
2025-07,Papua,Cabai Besar,86600.0,False
2025-08,Papua,Cabai Besar,96500.0,False
2025-09,Papua,Cabai Besar,95500.0,False
2025-10,Papua,Cabai Besar,71900.0,False
2025-11,Papua,Cabai Besar,75650.0,False
2025-12,Papua,Cabai Besar,81250.0,False
2026-01,Papua,Cabai Besar,82750.0,False
2026-02,Papua,Cabai Besar,70150.0,False
2026-03,Papua,Cabai Besar,85900.0,False
2026-04,Papua,Cabai Besar,82000.0,False
2026-05,Papua,Cabai Besar,77500.0,False
2026-06,Papua,Cabai Besar,96600.0,False
2026-07,Papua,Cabai Besar,93900.0,False
2020-02,Papua,Cabai Rawit,79700.0,False
2020-03,Papua,Cabai Rawit,37900.0,False
2020-04,Papua,Cabai Rawit,35350.0,False
2020-05,Papua,Cabai Rawit,125000.0,False
2020-06,Papua,Cabai Rawit,67500.0,False
2020-07,Papua,Cabai Rawit,83450.0,False
2020-08,Papua,Cabai Rawit,81250.0,False
2020-09,Papua,Cabai Rawit,75950.0,False
2020-10,Papua,Cabai Rawit,73000.0,False
2020-11,Papua,Cabai Rawit,65350.0,False
2020-12,Papua,Cabai Rawit,76150.0,False
2021-01,Papua,Cabai Rawit,74525.0,True
2021-02,Papua,Cabai Rawit,72900.0,False
2021-03,Papua,Cabai Rawit,100900.0,False
2021-04,Papua,Cabai Rawit,124500.0,False
2021-05,Papua,Cabai Rawit,113350.0,False
2021-06,Papua,Cabai Rawit,70000.0,False
2021-07,Papua,Cabai Rawit,96250.0,False
2021-08,Papua,Cabai Rawit,90000.0,False
2021-09,Papua,Cabai Rawit,75000.0,False
2021-10,Papua,Cabai Rawit,61050.0,False
2021-11,Papua,Cabai Rawit,58750.0,False
2021-12,Papua,Cabai Rawit,69900.0,False
2022-01,Papua,Cabai Rawit,92900.0,False
2022-02,Papua,Cabai Rawit,107175.0,True
2022-03,Papua,Cabai Rawit,121450.0,False
2022-04,Papua,Cabai Rawit,107700.0,False
2022-05,Papua,Cabai Rawit,105483.33333333331,True
2022-06,Papua,Cabai Rawit,103266.66666666669,True
2022-07,Papua,Cabai Rawit,101050.0,False
2022-08,Papua,Cabai Rawit,114150.0,False
2022-09,Papua,Cabai Rawit,76400.0,False
2022-10,Papua,Cabai Rawit,81750.0,False
2022-11,Papua,Cabai Rawit,73250.0,False
2022-12,Papua,Cabai Rawit,63650.0,False
2023-01,Papua,Cabai Rawit,105800.0,False
2023-02,Papua,Cabai Rawit,68750.0,False
2023-03,Papua,Cabai Rawit,67900.0,False
2023-04,Papua,Cabai Rawit,79400.0,False
2023-05,Papua,Cabai Rawit,85325.0,True
2023-06,Papua,Cabai Rawit,91250.0,False
2023-07,Papua,Cabai Rawit,109600.0,False
2023-08,Papua,Cabai Rawit,98750.0,False
2023-09,Papua,Cabai Rawit,77500.0,False
2023-10,Papua,Cabai Rawit,65950.0,False
2023-11,Papua,Cabai Rawit,66750.0,False
2023-12,Papua,Cabai Rawit,70200.0,False
2024-01,Papua,Cabai Rawit,70925.0,True
2024-02,Papua,Cabai Rawit,71650.0,False
2024-03,Papua,Cabai Rawit,42300.0,False
2024-04,Papua,Cabai Rawit,44400.0,False
2024-05,Papua,Cabai Rawit,71600.0,True
2024-06,Papua,Cabai Rawit,98800.0,False
2024-07,Papua,Cabai Rawit,93950.0,False
2024-08,Papua,Cabai Rawit,124400.0,False
2024-09,Papua,Cabai Rawit,87700.0,False
2024-10,Papua,Cabai Rawit,69800.0,False
2024-11,Papua,Cabai Rawit,55200.0,False
2024-12,Papua,Cabai Rawit,64600.0,False
2025-01,Papua,Cabai Rawit,63150.0,False
2025-02,Papua,Cabai Rawit,66450.0,False
2025-03,Papua,Cabai Rawit,87850.0,False
2025-04,Papua,Cabai Rawit,99900.0,False
2025-05,Papua,Cabai Rawit,107900.0,False
2025-06,Papua,Cabai Rawit,86650.0,False
2025-07,Papua,Cabai Rawit,100500.0,False
2025-08,Papua,Cabai Rawit,116250.0,False
2025-09,Papua,Cabai Rawit,98900.0,False
2025-10,Papua,Cabai Rawit,102150.0,False
2025-11,Papua,Cabai Rawit,80400.0,False
2025-12,Papua,Cabai Rawit,92400.0,False
2026-01,Papua,Cabai Rawit,106400.0,False
2026-02,Papua,Cabai Rawit,81250.0,False
2026-03,Papua,Cabai Rawit,95900.0,False
2026-04,Papua,Cabai Rawit,118250.0,False
2026-05,Papua,Cabai Rawit,84000.0,False
2026-06,Papua,Cabai Rawit,86750.0,False
2026-07,Papua,Cabai Rawit,105150.0,False
2020-02,Papua Barat,Bawang Merah,56250.0,False
2020-03,Papua Barat,Bawang Merah,52500.0,False
2020-04,Papua Barat,Bawang Merah,44750.0,False
2020-05,Papua Barat,Bawang Merah,51500.0,True
2020-06,Papua Barat,Bawang Merah,58250.0,True
2020-07,Papua Barat,Bawang Merah,65000.0,False
2020-08,Papua Barat,Bawang Merah,46250.0,False
2020-09,Papua Barat,Bawang Merah,46250.0,False
2020-10,Papua Barat,Bawang Merah,45000.0,False
2020-11,Papua Barat,Bawang Merah,46250.0,False
2020-12,Papua Barat,Bawang Merah,53750.0,False
2021-01,Papua Barat,Bawang Merah,48750.0,True
2021-02,Papua Barat,Bawang Merah,43750.0,False
2021-03,Papua Barat,Bawang Merah,47500.0,False
2021-04,Papua Barat,Bawang Merah,47500.0,False
2021-05,Papua Barat,Bawang Merah,47500.0,False
2021-06,Papua Barat,Bawang Merah,47500.0,False
2021-07,Papua Barat,Bawang Merah,46250.0,False
2021-08,Papua Barat,Bawang Merah,52500.0,False
2021-09,Papua Barat,Bawang Merah,46250.0,False
2021-10,Papua Barat,Bawang Merah,45000.0,False
2021-11,Papua Barat,Bawang Merah,45000.0,False
2021-12,Papua Barat,Bawang Merah,43750.0,False
2022-01,Papua Barat,Bawang Merah,46250.0,False
2022-02,Papua Barat,Bawang Merah,47500.0,True
2022-03,Papua Barat,Bawang Merah,48750.0,False
2022-04,Papua Barat,Bawang Merah,48750.0,False
2022-05,Papua Barat,Bawang Merah,57916.66666666666,True
2022-06,Papua Barat,Bawang Merah,67083.33333333333,True
2022-07,Papua Barat,Bawang Merah,76250.0,False
2022-08,Papua Barat,Bawang Merah,85000.0,False
2022-09,Papua Barat,Bawang Merah,55000.0,False
2022-10,Papua Barat,Bawang Merah,52500.0,False
2022-11,Papua Barat,Bawang Merah,46250.0,False
2022-12,Papua Barat,Bawang Merah,56250.0,False
2023-01,Papua Barat,Bawang Merah,55000.0,False
2023-02,Papua Barat,Bawang Merah,53750.0,False
2023-03,Papua Barat,Bawang Merah,53750.0,False
2023-04,Papua Barat,Bawang Merah,50000.0,False
2023-05,Papua Barat,Bawang Merah,50000.0,False
2023-06,Papua Barat,Bawang Merah,56250.0,False
2023-07,Papua Barat,Bawang Merah,56250.0,False
2023-08,Papua Barat,Bawang Merah,50000.0,False
2023-09,Papua Barat,Bawang Merah,45000.0,False
2023-10,Papua Barat,Bawang Merah,38750.0,False
2023-11,Papua Barat,Bawang Merah,40000.0,False
2023-12,Papua Barat,Bawang Merah,43750.0,False
2024-01,Papua Barat,Bawang Merah,56250.0,False
2024-02,Papua Barat,Bawang Merah,57500.0,False
2024-03,Papua Barat,Bawang Merah,51250.0,False
2024-04,Papua Barat,Bawang Merah,51250.0,False
2024-05,Papua Barat,Bawang Merah,65000.0,False
2024-06,Papua Barat,Bawang Merah,58750.0,False
2024-07,Papua Barat,Bawang Merah,57500.0,False
2024-08,Papua Barat,Bawang Merah,47500.0,False
2024-09,Papua Barat,Bawang Merah,40000.0,False
2024-10,Papua Barat,Bawang Merah,46250.0,False
2024-11,Papua Barat,Bawang Merah,48750.0,False
2024-12,Papua Barat,Bawang Merah,56250.0,False
2025-01,Papua Barat,Bawang Merah,60000.0,False
2025-02,Papua Barat,Bawang Merah,51250.0,False
2025-03,Papua Barat,Bawang Merah,52500.0,False
2025-04,Papua Barat,Bawang Merah,58750.0,False
2025-05,Papua Barat,Bawang Merah,57500.0,False
2025-06,Papua Barat,Bawang Merah,50000.0,False
2025-07,Papua Barat,Bawang Merah,60000.0,False
2025-08,Papua Barat,Bawang Merah,60000.0,False
2025-09,Papua Barat,Bawang Merah,71250.0,False
2025-10,Papua Barat,Bawang Merah,52500.0,False
2025-11,Papua Barat,Bawang Merah,55000.0,False
2025-12,Papua Barat,Bawang Merah,58750.0,False
2026-01,Papua Barat,Bawang Merah,67500.0,False
2026-02,Papua Barat,Bawang Merah,58750.0,False
2026-03,Papua Barat,Bawang Merah,58750.0,False
2026-04,Papua Barat,Bawang Merah,66250.0,False
2026-05,Papua Barat,Bawang Merah,58750.0,False
2026-06,Papua Barat,Bawang Merah,61250.0,False
2026-07,Papua Barat,Bawang Merah,68750.0,False
2020-02,Papua Barat,Beras,13500.0,False
2020-03,Papua Barat,Beras,13500.0,False
2020-04,Papua Barat,Beras,13750.0,False
2020-05,Papua Barat,Beras,13666.666666666666,True
2020-06,Papua Barat,Beras,13583.333333333334,True
2020-07,Papua Barat,Beras,13500.0,False
2020-08,Papua Barat,Beras,13250.0,False
2020-09,Papua Barat,Beras,13250.0,False
2020-10,Papua Barat,Beras,13250.0,False
2020-11,Papua Barat,Beras,13250.0,False
2020-12,Papua Barat,Beras,13250.0,False
2021-01,Papua Barat,Beras,13325.0,True
2021-02,Papua Barat,Beras,13400.0,False
2021-03,Papua Barat,Beras,13750.0,False
2021-04,Papua Barat,Beras,13750.0,False
2021-05,Papua Barat,Beras,13750.0,False
2021-06,Papua Barat,Beras,13750.0,False
2021-07,Papua Barat,Beras,13750.0,False
2021-08,Papua Barat,Beras,13500.0,False
2021-09,Papua Barat,Beras,13500.0,False
2021-10,Papua Barat,Beras,13500.0,False
2021-11,Papua Barat,Beras,13500.0,False
2021-12,Papua Barat,Beras,13500.0,False
2022-01,Papua Barat,Beras,13500.0,False
2022-02,Papua Barat,Beras,13625.0,True
2022-03,Papua Barat,Beras,13750.0,False
2022-04,Papua Barat,Beras,13750.0,False
2022-05,Papua Barat,Beras,13750.0,True
2022-06,Papua Barat,Beras,13750.0,True
2022-07,Papua Barat,Beras,13750.0,False
2022-08,Papua Barat,Beras,13750.0,False
2022-09,Papua Barat,Beras,13750.0,False
2022-10,Papua Barat,Beras,13750.0,False
2022-11,Papua Barat,Beras,13750.0,False
2022-12,Papua Barat,Beras,13750.0,False
2023-01,Papua Barat,Beras,14000.0,False
2023-02,Papua Barat,Beras,14000.0,False
2023-03,Papua Barat,Beras,14500.0,False
2023-04,Papua Barat,Beras,14750.0,False
2023-05,Papua Barat,Beras,15000.0,False
2023-06,Papua Barat,Beras,15150.0,False
2023-07,Papua Barat,Beras,15400.0,False
2023-08,Papua Barat,Beras,15500.0,False
2023-09,Papua Barat,Beras,15500.0,False
2023-10,Papua Barat,Beras,16000.0,False
2023-11,Papua Barat,Beras,16000.0,False
2023-12,Papua Barat,Beras,15750.0,False
2024-01,Papua Barat,Beras,16000.0,False
2024-02,Papua Barat,Beras,16250.0,False
2024-03,Papua Barat,Beras,16500.0,False
2024-04,Papua Barat,Beras,17650.0,False
2024-05,Papua Barat,Beras,17400.0,False
2024-06,Papua Barat,Beras,18000.0,False
2024-07,Papua Barat,Beras,17750.0,False
2024-08,Papua Barat,Beras,17500.0,False
2024-09,Papua Barat,Beras,17500.0,False
2024-10,Papua Barat,Beras,17400.0,False
2024-11,Papua Barat,Beras,17250.0,False
2024-12,Papua Barat,Beras,17250.0,False
2025-01,Papua Barat,Beras,17400.0,False
2025-02,Papua Barat,Beras,16950.0,False
2025-03,Papua Barat,Beras,16950.0,False
2025-04,Papua Barat,Beras,16950.0,False
2025-05,Papua Barat,Beras,17100.0,False
2025-06,Papua Barat,Beras,17250.0,False
2025-07,Papua Barat,Beras,17350.0,False
2025-08,Papua Barat,Beras,17600.0,False
2025-09,Papua Barat,Beras,17650.0,False
2025-10,Papua Barat,Beras,17650.0,False
2025-11,Papua Barat,Beras,17900.0,False
2025-12,Papua Barat,Beras,17650.0,False
2026-01,Papua Barat,Beras,17700.0,False
2026-02,Papua Barat,Beras,17700.0,False
2026-03,Papua Barat,Beras,17700.0,False
2026-04,Papua Barat,Beras,17700.0,False
2026-05,Papua Barat,Beras,17600.0,False
2026-06,Papua Barat,Beras,17850.0,False
2026-07,Papua Barat,Beras,17950.0,False
2020-02,Papua Barat,Cabai Besar,57500.0,False
2020-03,Papua Barat,Cabai Besar,41250.0,False
2020-04,Papua Barat,Cabai Besar,56250.0,False
2020-05,Papua Barat,Cabai Besar,60000.0,True
2020-06,Papua Barat,Cabai Besar,63750.0,True
2020-07,Papua Barat,Cabai Besar,67500.0,False
2020-08,Papua Barat,Cabai Besar,51250.0,False
2020-09,Papua Barat,Cabai Besar,45000.0,False
2020-10,Papua Barat,Cabai Besar,57500.0,False
2020-11,Papua Barat,Cabai Besar,55000.0,False
2020-12,Papua Barat,Cabai Besar,45750.0,False
2021-01,Papua Barat,Cabai Besar,46625.0,True
2021-02,Papua Barat,Cabai Besar,47500.0,False
2021-03,Papua Barat,Cabai Besar,40000.0,False
2021-04,Papua Barat,Cabai Besar,56250.0,False
2021-05,Papua Barat,Cabai Besar,45000.0,False
2021-06,Papua Barat,Cabai Besar,50000.0,False
2021-07,Papua Barat,Cabai Besar,60000.0,False
2021-08,Papua Barat,Cabai Besar,55000.0,False
2021-09,Papua Barat,Cabai Besar,57500.0,False
2021-10,Papua Barat,Cabai Besar,43750.0,False
2021-11,Papua Barat,Cabai Besar,45000.0,False
2021-12,Papua Barat,Cabai Besar,50000.0,False
2022-01,Papua Barat,Cabai Besar,72500.0,False
2022-02,Papua Barat,Cabai Besar,67500.0,True
2022-03,Papua Barat,Cabai Besar,62500.0,False
2022-04,Papua Barat,Cabai Besar,73750.0,False
2022-05,Papua Barat,Cabai Besar,72500.0,True
2022-06,Papua Barat,Cabai Besar,71250.0,True
2022-07,Papua Barat,Cabai Besar,70000.0,False
2022-08,Papua Barat,Cabai Besar,65000.0,False
2022-09,Papua Barat,Cabai Besar,70000.0,False
2022-10,Papua Barat,Cabai Besar,67500.0,False
2022-11,Papua Barat,Cabai Besar,60000.0,False
2022-12,Papua Barat,Cabai Besar,67500.0,False
2023-01,Papua Barat,Cabai Besar,58750.0,False
2023-02,Papua Barat,Cabai Besar,46250.0,False
2023-03,Papua Barat,Cabai Besar,48750.0,False
2023-04,Papua Barat,Cabai Besar,62500.0,False
2023-05,Papua Barat,Cabai Besar,67500.0,False
2023-06,Papua Barat,Cabai Besar,85000.0,False
2023-07,Papua Barat,Cabai Besar,70000.0,False
2023-08,Papua Barat,Cabai Besar,60000.0,False
2023-09,Papua Barat,Cabai Besar,46250.0,False
2023-10,Papua Barat,Cabai Besar,45000.0,False
2023-11,Papua Barat,Cabai Besar,47500.0,False
2023-12,Papua Barat,Cabai Besar,48750.0,False
2024-01,Papua Barat,Cabai Besar,77500.0,False
2024-02,Papua Barat,Cabai Besar,55000.0,False
2024-03,Papua Barat,Cabai Besar,46250.0,False
2024-04,Papua Barat,Cabai Besar,65000.0,False
2024-05,Papua Barat,Cabai Besar,77500.0,False
2024-06,Papua Barat,Cabai Besar,67500.0,False
2024-07,Papua Barat,Cabai Besar,70000.0,False
2024-08,Papua Barat,Cabai Besar,68750.0,False
2024-09,Papua Barat,Cabai Besar,60000.0,False
2024-10,Papua Barat,Cabai Besar,46250.0,False
2024-11,Papua Barat,Cabai Besar,42500.0,False
2024-12,Papua Barat,Cabai Besar,45000.0,False
2025-01,Papua Barat,Cabai Besar,55000.0,False
2025-02,Papua Barat,Cabai Besar,52500.0,False
2025-03,Papua Barat,Cabai Besar,55000.0,False
2025-04,Papua Barat,Cabai Besar,56250.0,False
2025-05,Papua Barat,Cabai Besar,61250.0,False
2025-06,Papua Barat,Cabai Besar,61875.0,True
2025-07,Papua Barat,Cabai Besar,62500.0,False
2025-08,Papua Barat,Cabai Besar,67500.0,False
2025-09,Papua Barat,Cabai Besar,68750.0,False
2025-10,Papua Barat,Cabai Besar,66250.0,False
2025-11,Papua Barat,Cabai Besar,66250.0,False
2025-12,Papua Barat,Cabai Besar,66250.0,False
2026-01,Papua Barat,Cabai Besar,87500.0,False
2026-02,Papua Barat,Cabai Besar,57500.0,False
2026-03,Papua Barat,Cabai Besar,67500.0,False
2026-04,Papua Barat,Cabai Besar,68750.0,False
2026-05,Papua Barat,Cabai Besar,66250.0,False
2026-06,Papua Barat,Cabai Besar,62500.0,False
2026-07,Papua Barat,Cabai Besar,65000.0,False
2020-02,Papua Barat,Cabai Rawit,63750.0,False
2020-03,Papua Barat,Cabai Rawit,42500.0,False
2020-04,Papua Barat,Cabai Rawit,57500.0,False
2020-05,Papua Barat,Cabai Rawit,65833.33333333333,True
2020-06,Papua Barat,Cabai Rawit,74166.66666666667,True
2020-07,Papua Barat,Cabai Rawit,82500.0,False
2020-08,Papua Barat,Cabai Rawit,70000.0,False
2020-09,Papua Barat,Cabai Rawit,72500.0,False
2020-10,Papua Barat,Cabai Rawit,40000.0,False
2020-11,Papua Barat,Cabai Rawit,80000.0,False
2020-12,Papua Barat,Cabai Rawit,68750.0,False
2021-01,Papua Barat,Cabai Rawit,71875.0,True
2021-02,Papua Barat,Cabai Rawit,75000.0,False
2021-03,Papua Barat,Cabai Rawit,105000.0,False
2021-04,Papua Barat,Cabai Rawit,120000.0,False
2021-05,Papua Barat,Cabai Rawit,63750.0,False
2021-06,Papua Barat,Cabai Rawit,78750.0,False
2021-07,Papua Barat,Cabai Rawit,97500.0,False
2021-08,Papua Barat,Cabai Rawit,75000.0,False
2021-09,Papua Barat,Cabai Rawit,85000.0,False
2021-10,Papua Barat,Cabai Rawit,83750.0,False
2021-11,Papua Barat,Cabai Rawit,82500.0,False
2021-12,Papua Barat,Cabai Rawit,88750.0,False
2022-01,Papua Barat,Cabai Rawit,105000.0,False
2022-02,Papua Barat,Cabai Rawit,88750.0,True
2022-03,Papua Barat,Cabai Rawit,72500.0,False
2022-04,Papua Barat,Cabai Rawit,67500.0,False
2022-05,Papua Barat,Cabai Rawit,75000.0,True
2022-06,Papua Barat,Cabai Rawit,82500.0,True
2022-07,Papua Barat,Cabai Rawit,90000.0,False
2022-08,Papua Barat,Cabai Rawit,80000.0,False
2022-09,Papua Barat,Cabai Rawit,82500.0,False
2022-10,Papua Barat,Cabai Rawit,82500.0,False
2022-11,Papua Barat,Cabai Rawit,67500.0,False
2022-12,Papua Barat,Cabai Rawit,70000.0,False
2023-01,Papua Barat,Cabai Rawit,87500.0,False
2023-02,Papua Barat,Cabai Rawit,56250.0,False
2023-03,Papua Barat,Cabai Rawit,53750.0,False
2023-04,Papua Barat,Cabai Rawit,57500.0,False
2023-05,Papua Barat,Cabai Rawit,60000.0,False
2023-06,Papua Barat,Cabai Rawit,75000.0,False
2023-07,Papua Barat,Cabai Rawit,88750.0,False
2023-08,Papua Barat,Cabai Rawit,96250.0,False
2023-09,Papua Barat,Cabai Rawit,66250.0,False
2023-10,Papua Barat,Cabai Rawit,82500.0,False
2023-11,Papua Barat,Cabai Rawit,72500.0,False
2023-12,Papua Barat,Cabai Rawit,60000.0,False
2024-01,Papua Barat,Cabai Rawit,120000.0,False
2024-02,Papua Barat,Cabai Rawit,63750.0,False
2024-03,Papua Barat,Cabai Rawit,56250.0,False
2024-04,Papua Barat,Cabai Rawit,60000.0,False
2024-05,Papua Barat,Cabai Rawit,67500.0,False
2024-06,Papua Barat,Cabai Rawit,76250.0,False
2024-07,Papua Barat,Cabai Rawit,92500.0,False
2024-08,Papua Barat,Cabai Rawit,120000.0,False
2024-09,Papua Barat,Cabai Rawit,80000.0,False
2024-10,Papua Barat,Cabai Rawit,91250.0,False
2024-11,Papua Barat,Cabai Rawit,60000.0,False
2024-12,Papua Barat,Cabai Rawit,71250.0,False
2025-01,Papua Barat,Cabai Rawit,92500.0,False
2025-02,Papua Barat,Cabai Rawit,65000.0,False
2025-03,Papua Barat,Cabai Rawit,55000.0,False
2025-04,Papua Barat,Cabai Rawit,67500.0,False
2025-05,Papua Barat,Cabai Rawit,75000.0,False
2025-06,Papua Barat,Cabai Rawit,55000.0,False
2025-07,Papua Barat,Cabai Rawit,80000.0,False
2025-08,Papua Barat,Cabai Rawit,92500.0,False
2025-09,Papua Barat,Cabai Rawit,75000.0,False
2025-10,Papua Barat,Cabai Rawit,75000.0,False
2025-11,Papua Barat,Cabai Rawit,60000.0,False
2025-12,Papua Barat,Cabai Rawit,92500.0,False
2026-01,Papua Barat,Cabai Rawit,105000.0,False
2026-02,Papua Barat,Cabai Rawit,62500.0,False
2026-03,Papua Barat,Cabai Rawit,75000.0,False
2026-04,Papua Barat,Cabai Rawit,112500.0,False
2026-05,Papua Barat,Cabai Rawit,60000.0,False
2026-06,Papua Barat,Cabai Rawit,62500.0,False
2026-07,Papua Barat,Cabai Rawit,107500.0,False
2020-02,Riau,Bawang Merah,34650.0,False
2020-03,Riau,Bawang Merah,29500.0,False
2020-04,Riau,Bawang Merah,37100.0,False
2020-05,Riau,Bawang Merah,37533.333333333336,True
2020-06,Riau,Bawang Merah,37966.66666666666,True
2020-07,Riau,Bawang Merah,38400.0,False
2020-08,Riau,Bawang Merah,25900.0,False
2020-09,Riau,Bawang Merah,25900.0,False
2020-10,Riau,Bawang Merah,27250.0,False
2020-11,Riau,Bawang Merah,28650.0,False
2020-12,Riau,Bawang Merah,30700.0,False
2021-01,Riau,Bawang Merah,28675.0,True
2021-02,Riau,Bawang Merah,26650.0,False
2021-03,Riau,Bawang Merah,30250.0,False
2021-04,Riau,Bawang Merah,29600.0,False
2021-05,Riau,Bawang Merah,31800.0,False
2021-06,Riau,Bawang Merah,28975.0,True
2021-07,Riau,Bawang Merah,26150.0,False
2021-08,Riau,Bawang Merah,31900.0,False
2021-09,Riau,Bawang Merah,27500.0,False
2021-10,Riau,Bawang Merah,25550.0,False
2021-11,Riau,Bawang Merah,25000.0,False
2021-12,Riau,Bawang Merah,23200.0,False
2022-01,Riau,Bawang Merah,28450.0,False
2022-02,Riau,Bawang Merah,31175.0,True
2022-03,Riau,Bawang Merah,33900.0,False
2022-04,Riau,Bawang Merah,30150.0,False
2022-05,Riau,Bawang Merah,36950.0,True
2022-06,Riau,Bawang Merah,43750.0,True
2022-07,Riau,Bawang Merah,50550.0,False
2022-08,Riau,Bawang Merah,40850.0,False
2022-09,Riau,Bawang Merah,29300.0,False
2022-10,Riau,Bawang Merah,33550.0,False
2022-11,Riau,Bawang Merah,31250.0,False
2022-12,Riau,Bawang Merah,30100.0,False
2023-01,Riau,Bawang Merah,31350.0,False
2023-02,Riau,Bawang Merah,35450.0,False
2023-03,Riau,Bawang Merah,31600.0,False
2023-04,Riau,Bawang Merah,30250.0,False
2023-05,Riau,Bawang Merah,30575.0,True
2023-06,Riau,Bawang Merah,30900.0,False
2023-07,Riau,Bawang Merah,35550.0,False
2023-08,Riau,Bawang Merah,31800.0,False
2023-09,Riau,Bawang Merah,26100.0,False
2023-10,Riau,Bawang Merah,20400.0,False
2023-11,Riau,Bawang Merah,23650.0,False
2023-12,Riau,Bawang Merah,28500.0,False
2024-01,Riau,Bawang Merah,30425.0,True
2024-02,Riau,Bawang Merah,32350.0,False
2024-03,Riau,Bawang Merah,35900.0,False
2024-04,Riau,Bawang Merah,36750.0,False
2024-05,Riau,Bawang Merah,50100.0,False
2024-06,Riau,Bawang Merah,44000.0,False
2024-07,Riau,Bawang Merah,39850.0,False
2024-08,Riau,Bawang Merah,28200.0,False
2024-09,Riau,Bawang Merah,24350.0,False
2024-10,Riau,Bawang Merah,29500.0,False
2024-11,Riau,Bawang Merah,30950.0,False
2024-12,Riau,Bawang Merah,34000.0,False
2025-01,Riau,Bawang Merah,35825.0,True
2025-02,Riau,Bawang Merah,37650.0,False
2025-03,Riau,Bawang Merah,37050.0,False
2025-04,Riau,Bawang Merah,35600.0,False
2025-05,Riau,Bawang Merah,41550.0,False
2025-06,Riau,Bawang Merah,33900.0,False
2025-07,Riau,Bawang Merah,39000.0,False
2025-08,Riau,Bawang Merah,51400.0,False
2025-09,Riau,Bawang Merah,45550.0,False
2025-10,Riau,Bawang Merah,36400.0,False
2025-11,Riau,Bawang Merah,33750.0,False
2025-12,Riau,Bawang Merah,46900.0,False
2026-01,Riau,Bawang Merah,46200.0,False
2026-02,Riau,Bawang Merah,36950.0,False
2026-03,Riau,Bawang Merah,34700.0,False
2026-04,Riau,Bawang Merah,39750.0,False
2026-05,Riau,Bawang Merah,41150.0,False
2026-06,Riau,Bawang Merah,44600.0,False
2026-07,Riau,Bawang Merah,35850.0,False
2020-02,Riau,Beras,12700.0,False
2020-03,Riau,Beras,12750.0,False
2020-04,Riau,Beras,12700.0,False
2020-05,Riau,Beras,12700.0,True
2020-06,Riau,Beras,12700.0,True
2020-07,Riau,Beras,12700.0,False
2020-08,Riau,Beras,12700.0,False
2020-09,Riau,Beras,12600.0,False
2020-10,Riau,Beras,12600.0,False
2020-11,Riau,Beras,12450.0,False
2020-12,Riau,Beras,12450.0,False
2021-01,Riau,Beras,12450.0,True
2021-02,Riau,Beras,12450.0,False
2021-03,Riau,Beras,12450.0,False
2021-04,Riau,Beras,12450.0,False
2021-05,Riau,Beras,12350.0,False
2021-06,Riau,Beras,12375.0,True
2021-07,Riau,Beras,12400.0,False
2021-08,Riau,Beras,12400.0,False
2021-09,Riau,Beras,12350.0,False
2021-10,Riau,Beras,12450.0,False
2021-11,Riau,Beras,12450.0,False
2021-12,Riau,Beras,12450.0,False
2022-01,Riau,Beras,12400.0,False
2022-02,Riau,Beras,12400.0,True
2022-03,Riau,Beras,12400.0,False
2022-04,Riau,Beras,12300.0,False
2022-05,Riau,Beras,12316.666666666666,True
2022-06,Riau,Beras,12333.333333333334,True
2022-07,Riau,Beras,12350.0,False
2022-08,Riau,Beras,12450.0,False
2022-09,Riau,Beras,12900.0,False
2022-10,Riau,Beras,14350.0,False
2022-11,Riau,Beras,14350.0,False
2022-12,Riau,Beras,14350.0,False
2023-01,Riau,Beras,14350.0,False
2023-02,Riau,Beras,14550.0,False
2023-03,Riau,Beras,14500.0,False
2023-04,Riau,Beras,14500.0,False
2023-05,Riau,Beras,14550.0,True
2023-06,Riau,Beras,14600.0,False
2023-07,Riau,Beras,14550.0,False
2023-08,Riau,Beras,14550.0,False
2023-09,Riau,Beras,14850.0,False
2023-10,Riau,Beras,15350.0,False
2023-11,Riau,Beras,15700.0,False
2023-12,Riau,Beras,15700.0,False
2024-01,Riau,Beras,15775.0,True
2024-02,Riau,Beras,15850.0,False
2024-03,Riau,Beras,15850.0,False
2024-04,Riau,Beras,15850.0,False
2024-05,Riau,Beras,15950.0,False
2024-06,Riau,Beras,16300.0,False
2024-07,Riau,Beras,16400.0,False
2024-08,Riau,Beras,16400.0,False
2024-09,Riau,Beras,16400.0,False
2024-10,Riau,Beras,16400.0,False
2024-11,Riau,Beras,16400.0,False
2024-12,Riau,Beras,16400.0,False
2025-01,Riau,Beras,16400.0,True
2025-02,Riau,Beras,16400.0,False
2025-03,Riau,Beras,16550.0,False
2025-04,Riau,Beras,16550.0,False
2025-05,Riau,Beras,16550.0,False
2025-06,Riau,Beras,16550.0,False
2025-07,Riau,Beras,16650.0,False
2025-08,Riau,Beras,16650.0,False
2025-09,Riau,Beras,16650.0,False
2025-10,Riau,Beras,16650.0,False
2025-11,Riau,Beras,16600.0,False
2025-12,Riau,Beras,16650.0,False
2026-01,Riau,Beras,16600.0,False
2026-02,Riau,Beras,16600.0,False
2026-03,Riau,Beras,16600.0,False
2026-04,Riau,Beras,16650.0,False
2026-05,Riau,Beras,16650.0,False
2026-06,Riau,Beras,16650.0,False
2026-07,Riau,Beras,16650.0,False
2020-02,Riau,Cabai Besar,40750.0,False
2020-03,Riau,Cabai Besar,38600.0,False
2020-04,Riau,Cabai Besar,26200.0,False
2020-05,Riau,Cabai Besar,23950.0,True
2020-06,Riau,Cabai Besar,21700.0,True
2020-07,Riau,Cabai Besar,19450.0,False
2020-08,Riau,Cabai Besar,29600.0,False
2020-09,Riau,Cabai Besar,20150.0,False
2020-10,Riau,Cabai Besar,38350.0,False
2020-11,Riau,Cabai Besar,40400.0,False
2020-12,Riau,Cabai Besar,46500.0,False
2021-01,Riau,Cabai Besar,43875.0,True
2021-02,Riau,Cabai Besar,41250.0,False
2021-03,Riau,Cabai Besar,37450.0,False
2021-04,Riau,Cabai Besar,46500.0,False
2021-05,Riau,Cabai Besar,27450.0,False
2021-06,Riau,Cabai Besar,25225.0,True
2021-07,Riau,Cabai Besar,23000.0,False
2021-08,Riau,Cabai Besar,24900.0,False
2021-09,Riau,Cabai Besar,22900.0,False
2021-10,Riau,Cabai Besar,28000.0,False
2021-11,Riau,Cabai Besar,42600.0,False
2021-12,Riau,Cabai Besar,27950.0,False
2022-01,Riau,Cabai Besar,32100.0,False
2022-02,Riau,Cabai Besar,39300.0,True
2022-03,Riau,Cabai Besar,46500.0,False
2022-04,Riau,Cabai Besar,37000.0,False
2022-05,Riau,Cabai Besar,54783.33333333333,True
2022-06,Riau,Cabai Besar,72566.66666666666,True
2022-07,Riau,Cabai Besar,90350.0,False
2022-08,Riau,Cabai Besar,84400.0,False
2022-09,Riau,Cabai Besar,88450.0,False
2022-10,Riau,Cabai Besar,41200.0,False
2022-11,Riau,Cabai Besar,27350.0,False
2022-12,Riau,Cabai Besar,33850.0,False
2023-01,Riau,Cabai Besar,43900.0,False
2023-02,Riau,Cabai Besar,50900.0,False
2023-03,Riau,Cabai Besar,43350.0,False
2023-04,Riau,Cabai Besar,27000.0,False
2023-05,Riau,Cabai Besar,24925.0,True
2023-06,Riau,Cabai Besar,22850.0,False
2023-07,Riau,Cabai Besar,39500.0,False
2023-08,Riau,Cabai Besar,29950.0,False
2023-09,Riau,Cabai Besar,46750.0,False
2023-10,Riau,Cabai Besar,40750.0,False
2023-11,Riau,Cabai Besar,52350.0,False
2023-12,Riau,Cabai Besar,65100.0,False
2024-01,Riau,Cabai Besar,53950.0,True
2024-02,Riau,Cabai Besar,42800.0,False
2024-03,Riau,Cabai Besar,69650.0,False
2024-04,Riau,Cabai Besar,46000.0,False
2024-05,Riau,Cabai Besar,47450.0,False
2024-06,Riau,Cabai Besar,57100.0,False
2024-07,Riau,Cabai Besar,45450.0,False
2024-08,Riau,Cabai Besar,37700.0,False
2024-09,Riau,Cabai Besar,39050.0,False
2024-10,Riau,Cabai Besar,26750.0,False
2024-11,Riau,Cabai Besar,34000.0,False
2024-12,Riau,Cabai Besar,28650.0,False
2025-01,Riau,Cabai Besar,49375.0,True
2025-02,Riau,Cabai Besar,70100.0,False
2025-03,Riau,Cabai Besar,58900.0,False
2025-04,Riau,Cabai Besar,55150.0,False
2025-05,Riau,Cabai Besar,50050.0,False
2025-06,Riau,Cabai Besar,29350.0,False
2025-07,Riau,Cabai Besar,24500.0,False
2025-08,Riau,Cabai Besar,33150.0,False
2025-09,Riau,Cabai Besar,49550.0,False
2025-10,Riau,Cabai Besar,78400.0,False
2025-11,Riau,Cabai Besar,74950.0,False
2025-12,Riau,Cabai Besar,84400.0,False
2026-01,Riau,Cabai Besar,43300.0,False
2026-02,Riau,Cabai Besar,38350.0,False
2026-03,Riau,Cabai Besar,32650.0,False
2026-04,Riau,Cabai Besar,29500.0,False
2026-05,Riau,Cabai Besar,38800.0,False
2026-06,Riau,Cabai Besar,47800.0,False
2026-07,Riau,Cabai Besar,48350.0,False
2020-02,Riau,Cabai Rawit,78750.0,False
2020-03,Riau,Cabai Rawit,50000.0,False
2020-04,Riau,Cabai Rawit,40850.0,False
2020-05,Riau,Cabai Rawit,40283.333333333336,True
2020-06,Riau,Cabai Rawit,39716.66666666666,True
2020-07,Riau,Cabai Rawit,39150.0,False
2020-08,Riau,Cabai Rawit,35000.0,False
2020-09,Riau,Cabai Rawit,28150.0,False
2020-10,Riau,Cabai Rawit,33400.0,False
2020-11,Riau,Cabai Rawit,33400.0,False
2020-12,Riau,Cabai Rawit,62500.0,False
2021-01,Riau,Cabai Rawit,67200.0,True
2021-02,Riau,Cabai Rawit,71900.0,False
2021-03,Riau,Cabai Rawit,78750.0,False
2021-04,Riau,Cabai Rawit,77500.0,False
2021-05,Riau,Cabai Rawit,72500.0,False
2021-06,Riau,Cabai Rawit,67500.0,True
2021-07,Riau,Cabai Rawit,62500.0,False
2021-08,Riau,Cabai Rawit,60000.0,False
2021-09,Riau,Cabai Rawit,33150.0,False
2021-10,Riau,Cabai Rawit,35000.0,False
2021-11,Riau,Cabai Rawit,37000.0,False
2021-12,Riau,Cabai Rawit,42250.0,False
2022-01,Riau,Cabai Rawit,64400.0,False
2022-02,Riau,Cabai Rawit,57525.0,True
2022-03,Riau,Cabai Rawit,50650.0,False
2022-04,Riau,Cabai Rawit,59400.0,False
2022-05,Riau,Cabai Rawit,75300.0,True
2022-06,Riau,Cabai Rawit,91200.0,True
2022-07,Riau,Cabai Rawit,107100.0,False
2022-08,Riau,Cabai Rawit,83150.0,False
2022-09,Riau,Cabai Rawit,58750.0,False
2022-10,Riau,Cabai Rawit,73150.0,False
2022-11,Riau,Cabai Rawit,50000.0,False
2022-12,Riau,Cabai Rawit,43750.0,False
2023-01,Riau,Cabai Rawit,57500.0,False
2023-02,Riau,Cabai Rawit,55000.0,False
2023-03,Riau,Cabai Rawit,60000.0,False
2023-04,Riau,Cabai Rawit,46650.0,False
2023-05,Riau,Cabai Rawit,45525.0,True
2023-06,Riau,Cabai Rawit,44400.0,False
2023-07,Riau,Cabai Rawit,43150.0,False
2023-08,Riau,Cabai Rawit,43000.0,False
2023-09,Riau,Cabai Rawit,43750.0,False
2023-10,Riau,Cabai Rawit,43500.0,False
2023-11,Riau,Cabai Rawit,79400.0,False
2023-12,Riau,Cabai Rawit,81900.0,False
2024-01,Riau,Cabai Rawit,63450.0,True
2024-02,Riau,Cabai Rawit,45000.0,False
2024-03,Riau,Cabai Rawit,73550.0,False
2024-04,Riau,Cabai Rawit,54150.0,False
2024-05,Riau,Cabai Rawit,54750.0,False
2024-06,Riau,Cabai Rawit,47900.0,False
2024-07,Riau,Cabai Rawit,49150.0,False
2024-08,Riau,Cabai Rawit,82100.0,False
2024-09,Riau,Cabai Rawit,53900.0,False
2024-10,Riau,Cabai Rawit,54800.0,False
2024-11,Riau,Cabai Rawit,47300.0,False
2024-12,Riau,Cabai Rawit,33200.0,False
2025-01,Riau,Cabai Rawit,56500.0,True
2025-02,Riau,Cabai Rawit,79800.0,False
2025-03,Riau,Cabai Rawit,86650.0,False
2025-04,Riau,Cabai Rawit,81250.0,False
2025-05,Riau,Cabai Rawit,58600.0,False
2025-06,Riau,Cabai Rawit,41650.0,False
2025-07,Riau,Cabai Rawit,50200.0,False
2025-08,Riau,Cabai Rawit,50650.0,False
2025-09,Riau,Cabai Rawit,47100.0,False
2025-10,Riau,Cabai Rawit,47850.0,False
2025-11,Riau,Cabai Rawit,44700.0,False
2025-12,Riau,Cabai Rawit,100850.0,False
2026-01,Riau,Cabai Rawit,59150.0,False
2026-02,Riau,Cabai Rawit,66250.0,False
2026-03,Riau,Cabai Rawit,63950.0,False
2026-04,Riau,Cabai Rawit,60150.0,False
2026-05,Riau,Cabai Rawit,54400.0,False
2026-06,Riau,Cabai Rawit,68950.0,False
2026-07,Riau,Cabai Rawit,58550.0,False
2020-02,Sulawesi Barat,Bawang Merah,39600.0,False
2020-03,Sulawesi Barat,Bawang Merah,36150.0,False
2020-04,Sulawesi Barat,Bawang Merah,33000.0,False
2020-05,Sulawesi Barat,Bawang Merah,36800.0,True
2020-06,Sulawesi Barat,Bawang Merah,40600.0,True
2020-07,Sulawesi Barat,Bawang Merah,44400.0,False
2020-08,Sulawesi Barat,Bawang Merah,33350.0,False
2020-09,Sulawesi Barat,Bawang Merah,28350.0,False
2020-10,Sulawesi Barat,Bawang Merah,27900.0,False
2020-11,Sulawesi Barat,Bawang Merah,32650.0,False
2020-12,Sulawesi Barat,Bawang Merah,34500.0,False
2021-01,Sulawesi Barat,Bawang Merah,28875.0,True
2021-02,Sulawesi Barat,Bawang Merah,23250.0,False
2021-03,Sulawesi Barat,Bawang Merah,25350.0,False
2021-04,Sulawesi Barat,Bawang Merah,28150.0,False
2021-05,Sulawesi Barat,Bawang Merah,24650.0,False
2021-06,Sulawesi Barat,Bawang Merah,24000.0,True
2021-07,Sulawesi Barat,Bawang Merah,23350.0,False
2021-08,Sulawesi Barat,Bawang Merah,29750.0,False
2021-09,Sulawesi Barat,Bawang Merah,27500.0,False
2021-10,Sulawesi Barat,Bawang Merah,25350.0,False
2021-11,Sulawesi Barat,Bawang Merah,25250.0,False
2021-12,Sulawesi Barat,Bawang Merah,25150.0,False
2022-01,Sulawesi Barat,Bawang Merah,24350.0,False
2022-02,Sulawesi Barat,Bawang Merah,28350.0,True
2022-03,Sulawesi Barat,Bawang Merah,32350.0,False
2022-04,Sulawesi Barat,Bawang Merah,32750.0,False
2022-05,Sulawesi Barat,Bawang Merah,40633.333333333336,True
2022-06,Sulawesi Barat,Bawang Merah,48516.66666666666,True
2022-07,Sulawesi Barat,Bawang Merah,56400.0,False
2022-08,Sulawesi Barat,Bawang Merah,51650.0,False
2022-09,Sulawesi Barat,Bawang Merah,34400.0,False
2022-10,Sulawesi Barat,Bawang Merah,32100.0,False
2022-11,Sulawesi Barat,Bawang Merah,33400.0,False
2022-12,Sulawesi Barat,Bawang Merah,38350.0,False
2023-01,Sulawesi Barat,Bawang Merah,38850.0,False
2023-02,Sulawesi Barat,Bawang Merah,35500.0,False
2023-03,Sulawesi Barat,Bawang Merah,36750.0,False
2023-04,Sulawesi Barat,Bawang Merah,31500.0,False
2023-05,Sulawesi Barat,Bawang Merah,36150.0,False
2023-06,Sulawesi Barat,Bawang Merah,37400.0,False
2023-07,Sulawesi Barat,Bawang Merah,35100.0,False
2023-08,Sulawesi Barat,Bawang Merah,33400.0,False
2023-09,Sulawesi Barat,Bawang Merah,25850.0,False
2023-10,Sulawesi Barat,Bawang Merah,24000.0,False
2023-11,Sulawesi Barat,Bawang Merah,22650.0,False
2023-12,Sulawesi Barat,Bawang Merah,27900.0,False
2024-01,Sulawesi Barat,Bawang Merah,35150.0,False
2024-02,Sulawesi Barat,Bawang Merah,38650.0,False
2024-03,Sulawesi Barat,Bawang Merah,32900.0,False
2024-04,Sulawesi Barat,Bawang Merah,29850.0,False
2024-05,Sulawesi Barat,Bawang Merah,51650.0,False
2024-06,Sulawesi Barat,Bawang Merah,39150.0,False
2024-07,Sulawesi Barat,Bawang Merah,34250.0,False
2024-08,Sulawesi Barat,Bawang Merah,27350.0,False
2024-09,Sulawesi Barat,Bawang Merah,21900.0,False
2024-10,Sulawesi Barat,Bawang Merah,30400.0,False
2024-11,Sulawesi Barat,Bawang Merah,33150.0,False
2024-12,Sulawesi Barat,Bawang Merah,42100.0,False
2025-01,Sulawesi Barat,Bawang Merah,41250.0,False
2025-02,Sulawesi Barat,Bawang Merah,32650.0,False
2025-03,Sulawesi Barat,Bawang Merah,33750.0,False
2025-04,Sulawesi Barat,Bawang Merah,40100.0,False
2025-05,Sulawesi Barat,Bawang Merah,37000.0,False
2025-06,Sulawesi Barat,Bawang Merah,35850.0,False
2025-07,Sulawesi Barat,Bawang Merah,47100.0,False
2025-08,Sulawesi Barat,Bawang Merah,47100.0,False
2025-09,Sulawesi Barat,Bawang Merah,55400.0,False
2025-10,Sulawesi Barat,Bawang Merah,42900.0,False
2025-11,Sulawesi Barat,Bawang Merah,41350.0,False
2025-12,Sulawesi Barat,Bawang Merah,41750.0,False
2026-01,Sulawesi Barat,Bawang Merah,50000.0,False
2026-02,Sulawesi Barat,Bawang Merah,37500.0,False
2026-03,Sulawesi Barat,Bawang Merah,36650.0,False
2026-04,Sulawesi Barat,Bawang Merah,42100.0,False
2026-05,Sulawesi Barat,Bawang Merah,42350.0,False
2026-06,Sulawesi Barat,Bawang Merah,45000.0,False
2026-07,Sulawesi Barat,Bawang Merah,49150.0,False
2020-02,Sulawesi Barat,Beras,9900.0,False
2020-03,Sulawesi Barat,Beras,9900.0,False
2020-04,Sulawesi Barat,Beras,9800.0,False
2020-05,Sulawesi Barat,Beras,9750.0,True
2020-06,Sulawesi Barat,Beras,9700.0,True
2020-07,Sulawesi Barat,Beras,9650.0,False
2020-08,Sulawesi Barat,Beras,9650.0,False
2020-09,Sulawesi Barat,Beras,9700.0,False
2020-10,Sulawesi Barat,Beras,9850.0,False
2020-11,Sulawesi Barat,Beras,9650.0,False
2020-12,Sulawesi Barat,Beras,9600.0,False
2021-01,Sulawesi Barat,Beras,9650.0,True
2021-02,Sulawesi Barat,Beras,9700.0,False
2021-03,Sulawesi Barat,Beras,9700.0,False
2021-04,Sulawesi Barat,Beras,9700.0,False
2021-05,Sulawesi Barat,Beras,9600.0,False
2021-06,Sulawesi Barat,Beras,9650.0,True
2021-07,Sulawesi Barat,Beras,9700.0,False
2021-08,Sulawesi Barat,Beras,9700.0,False
2021-09,Sulawesi Barat,Beras,9700.0,False
2021-10,Sulawesi Barat,Beras,9700.0,False
2021-11,Sulawesi Barat,Beras,9700.0,False
2021-12,Sulawesi Barat,Beras,9750.0,False
2022-01,Sulawesi Barat,Beras,9600.0,False
2022-02,Sulawesi Barat,Beras,9725.0,True
2022-03,Sulawesi Barat,Beras,9850.0,False
2022-04,Sulawesi Barat,Beras,9800.0,False
2022-05,Sulawesi Barat,Beras,9716.666666666666,True
2022-06,Sulawesi Barat,Beras,9633.333333333334,True
2022-07,Sulawesi Barat,Beras,9550.0,False
2022-08,Sulawesi Barat,Beras,9550.0,False
2022-09,Sulawesi Barat,Beras,9650.0,False
2022-10,Sulawesi Barat,Beras,9750.0,False
2022-11,Sulawesi Barat,Beras,9750.0,False
2022-12,Sulawesi Barat,Beras,9850.0,False
2023-01,Sulawesi Barat,Beras,10950.0,False
2023-02,Sulawesi Barat,Beras,10950.0,False
2023-03,Sulawesi Barat,Beras,11650.0,False
2023-04,Sulawesi Barat,Beras,11550.0,False
2023-05,Sulawesi Barat,Beras,11450.0,False
2023-06,Sulawesi Barat,Beras,11450.0,False
2023-07,Sulawesi Barat,Beras,11450.0,False
2023-08,Sulawesi Barat,Beras,11400.0,False
2023-09,Sulawesi Barat,Beras,11550.0,False
2023-10,Sulawesi Barat,Beras,13550.0,False
2023-11,Sulawesi Barat,Beras,13450.0,False
2023-12,Sulawesi Barat,Beras,13200.0,False
2024-01,Sulawesi Barat,Beras,13300.0,False
2024-02,Sulawesi Barat,Beras,14050.0,False
2024-03,Sulawesi Barat,Beras,15200.0,False
2024-04,Sulawesi Barat,Beras,14550.0,False
2024-05,Sulawesi Barat,Beras,13750.0,False
2024-06,Sulawesi Barat,Beras,13600.0,False
2024-07,Sulawesi Barat,Beras,13800.0,False
2024-08,Sulawesi Barat,Beras,13800.0,False
2024-09,Sulawesi Barat,Beras,13650.0,False
2024-10,Sulawesi Barat,Beras,13100.0,False
2024-11,Sulawesi Barat,Beras,13050.0,False
2024-12,Sulawesi Barat,Beras,13100.0,False
2025-01,Sulawesi Barat,Beras,13100.0,False
2025-02,Sulawesi Barat,Beras,13250.0,False
2025-03,Sulawesi Barat,Beras,13250.0,False
2025-04,Sulawesi Barat,Beras,13250.0,False
2025-05,Sulawesi Barat,Beras,13200.0,False
2025-06,Sulawesi Barat,Beras,13600.0,False
2025-07,Sulawesi Barat,Beras,14700.0,False
2025-08,Sulawesi Barat,Beras,15100.0,False
2025-09,Sulawesi Barat,Beras,14950.0,False
2025-10,Sulawesi Barat,Beras,14450.0,False
2025-11,Sulawesi Barat,Beras,14200.0,False
2025-12,Sulawesi Barat,Beras,14150.0,False
2026-01,Sulawesi Barat,Beras,14150.0,False
2026-02,Sulawesi Barat,Beras,14150.0,False
2026-03,Sulawesi Barat,Beras,14200.0,False
2026-04,Sulawesi Barat,Beras,14200.0,False
2026-05,Sulawesi Barat,Beras,14350.0,False
2026-06,Sulawesi Barat,Beras,14650.0,False
2026-07,Sulawesi Barat,Beras,14650.0,False
2020-02,Sulawesi Barat,Cabai Besar,39750.0,False
2020-03,Sulawesi Barat,Cabai Besar,33000.0,False
2020-04,Sulawesi Barat,Cabai Besar,16650.0,False
2020-05,Sulawesi Barat,Cabai Besar,15816.666666666666,True
2020-06,Sulawesi Barat,Cabai Besar,14983.333333333334,True
2020-07,Sulawesi Barat,Cabai Besar,14150.0,False
2020-08,Sulawesi Barat,Cabai Besar,35600.0,False
2020-09,Sulawesi Barat,Cabai Besar,18850.0,False
2020-10,Sulawesi Barat,Cabai Besar,41650.0,False
2020-11,Sulawesi Barat,Cabai Besar,41900.0,False
2020-12,Sulawesi Barat,Cabai Besar,31250.0,False
2021-01,Sulawesi Barat,Cabai Besar,27450.0,True
2021-02,Sulawesi Barat,Cabai Besar,23650.0,False
2021-03,Sulawesi Barat,Cabai Besar,26650.0,False
2021-04,Sulawesi Barat,Cabai Besar,31400.0,False
2021-05,Sulawesi Barat,Cabai Besar,23150.0,False
2021-06,Sulawesi Barat,Cabai Besar,22750.0,True
2021-07,Sulawesi Barat,Cabai Besar,22350.0,False
2021-08,Sulawesi Barat,Cabai Besar,19850.0,False
2021-09,Sulawesi Barat,Cabai Besar,12100.0,False
2021-10,Sulawesi Barat,Cabai Besar,16400.0,False
2021-11,Sulawesi Barat,Cabai Besar,17100.0,False
2021-12,Sulawesi Barat,Cabai Besar,30750.0,False
2022-01,Sulawesi Barat,Cabai Besar,45000.0,False
2022-02,Sulawesi Barat,Cabai Besar,39700.0,True
2022-03,Sulawesi Barat,Cabai Besar,34400.0,False
2022-04,Sulawesi Barat,Cabai Besar,44750.0,False
2022-05,Sulawesi Barat,Cabai Besar,43366.66666666666,True
2022-06,Sulawesi Barat,Cabai Besar,41983.333333333336,True
2022-07,Sulawesi Barat,Cabai Besar,40600.0,False
2022-08,Sulawesi Barat,Cabai Besar,36650.0,False
2022-09,Sulawesi Barat,Cabai Besar,35000.0,False
2022-10,Sulawesi Barat,Cabai Besar,27500.0,False
2022-11,Sulawesi Barat,Cabai Besar,22100.0,False
2022-12,Sulawesi Barat,Cabai Besar,15850.0,False
2023-01,Sulawesi Barat,Cabai Besar,16000.0,False
2023-02,Sulawesi Barat,Cabai Besar,19000.0,False
2023-03,Sulawesi Barat,Cabai Besar,33650.0,False
2023-04,Sulawesi Barat,Cabai Besar,30750.0,False
2023-05,Sulawesi Barat,Cabai Besar,35400.0,False
2023-06,Sulawesi Barat,Cabai Besar,43000.0,False
2023-07,Sulawesi Barat,Cabai Besar,39150.0,False
2023-08,Sulawesi Barat,Cabai Besar,18900.0,False
2023-09,Sulawesi Barat,Cabai Besar,32100.0,False
2023-10,Sulawesi Barat,Cabai Besar,26650.0,False
2023-11,Sulawesi Barat,Cabai Besar,32600.0,False
2023-12,Sulawesi Barat,Cabai Besar,53350.0,False
2024-01,Sulawesi Barat,Cabai Besar,46250.0,False
2024-02,Sulawesi Barat,Cabai Besar,46250.0,False
2024-03,Sulawesi Barat,Cabai Besar,61650.0,False
2024-04,Sulawesi Barat,Cabai Besar,29600.0,False
2024-05,Sulawesi Barat,Cabai Besar,29900.0,False
2024-06,Sulawesi Barat,Cabai Besar,27850.0,False
2024-07,Sulawesi Barat,Cabai Besar,32750.0,False
2024-08,Sulawesi Barat,Cabai Besar,28600.0,False
2024-09,Sulawesi Barat,Cabai Besar,24250.0,False
2024-10,Sulawesi Barat,Cabai Besar,17250.0,False
2024-11,Sulawesi Barat,Cabai Besar,18400.0,False
2024-12,Sulawesi Barat,Cabai Besar,18850.0,False
2025-01,Sulawesi Barat,Cabai Besar,25850.0,False
2025-02,Sulawesi Barat,Cabai Besar,34000.0,False
2025-03,Sulawesi Barat,Cabai Besar,40400.0,False
2025-04,Sulawesi Barat,Cabai Besar,55000.0,False
2025-05,Sulawesi Barat,Cabai Besar,43250.0,False
2025-06,Sulawesi Barat,Cabai Besar,43350.0,False
2025-07,Sulawesi Barat,Cabai Besar,26250.0,False
2025-08,Sulawesi Barat,Cabai Besar,35400.0,False
2025-09,Sulawesi Barat,Cabai Besar,32500.0,False
2025-10,Sulawesi Barat,Cabai Besar,36650.0,False
2025-11,Sulawesi Barat,Cabai Besar,35600.0,False
2025-12,Sulawesi Barat,Cabai Besar,37100.0,False
2026-01,Sulawesi Barat,Cabai Besar,28150.0,False
2026-02,Sulawesi Barat,Cabai Besar,16400.0,False
2026-03,Sulawesi Barat,Cabai Besar,23850.0,False
2026-04,Sulawesi Barat,Cabai Besar,30100.0,False
2026-05,Sulawesi Barat,Cabai Besar,33650.0,False
2026-06,Sulawesi Barat,Cabai Besar,76650.0,False
2026-07,Sulawesi Barat,Cabai Besar,52900.0,False
2020-02,Sulawesi Barat,Cabai Rawit,52400.0,False
2020-03,Sulawesi Barat,Cabai Rawit,34900.0,False
2020-04,Sulawesi Barat,Cabai Rawit,27000.0,False
2020-05,Sulawesi Barat,Cabai Rawit,24216.666666666668,True
2020-06,Sulawesi Barat,Cabai Rawit,21433.33333333333,True
2020-07,Sulawesi Barat,Cabai Rawit,18650.0,False
2020-08,Sulawesi Barat,Cabai Rawit,21750.0,False
2020-09,Sulawesi Barat,Cabai Rawit,19150.0,False
2020-10,Sulawesi Barat,Cabai Rawit,20000.0,False
2020-11,Sulawesi Barat,Cabai Rawit,24500.0,False
2020-12,Sulawesi Barat,Cabai Rawit,28850.0,False
2021-01,Sulawesi Barat,Cabai Rawit,34100.0,True
2021-02,Sulawesi Barat,Cabai Rawit,39350.0,False
2021-03,Sulawesi Barat,Cabai Rawit,49500.0,False
2021-04,Sulawesi Barat,Cabai Rawit,70850.0,False
2021-05,Sulawesi Barat,Cabai Rawit,38150.0,False
2021-06,Sulawesi Barat,Cabai Rawit,42075.0,True
2021-07,Sulawesi Barat,Cabai Rawit,46000.0,False
2021-08,Sulawesi Barat,Cabai Rawit,36250.0,False
2021-09,Sulawesi Barat,Cabai Rawit,22750.0,False
2021-10,Sulawesi Barat,Cabai Rawit,23650.0,False
2021-11,Sulawesi Barat,Cabai Rawit,23750.0,False
2021-12,Sulawesi Barat,Cabai Rawit,36400.0,False
2022-01,Sulawesi Barat,Cabai Rawit,68250.0,False
2022-02,Sulawesi Barat,Cabai Rawit,58700.0,True
2022-03,Sulawesi Barat,Cabai Rawit,49150.0,False
2022-04,Sulawesi Barat,Cabai Rawit,55400.0,False
2022-05,Sulawesi Barat,Cabai Rawit,58600.0,True
2022-06,Sulawesi Barat,Cabai Rawit,61800.0,True
2022-07,Sulawesi Barat,Cabai Rawit,65000.0,False
2022-08,Sulawesi Barat,Cabai Rawit,45850.0,False
2022-09,Sulawesi Barat,Cabai Rawit,47100.0,False
2022-10,Sulawesi Barat,Cabai Rawit,43350.0,False
2022-11,Sulawesi Barat,Cabai Rawit,35400.0,False
2022-12,Sulawesi Barat,Cabai Rawit,31600.0,False
2023-01,Sulawesi Barat,Cabai Rawit,38900.0,False
2023-02,Sulawesi Barat,Cabai Rawit,35600.0,False
2023-03,Sulawesi Barat,Cabai Rawit,39350.0,False
2023-04,Sulawesi Barat,Cabai Rawit,39350.0,False
2023-05,Sulawesi Barat,Cabai Rawit,36650.0,False
2023-06,Sulawesi Barat,Cabai Rawit,22500.0,False
2023-07,Sulawesi Barat,Cabai Rawit,28650.0,False
2023-08,Sulawesi Barat,Cabai Rawit,34000.0,False
2023-09,Sulawesi Barat,Cabai Rawit,32750.0,False
2023-10,Sulawesi Barat,Cabai Rawit,31650.0,False
2023-11,Sulawesi Barat,Cabai Rawit,55000.0,False
2023-12,Sulawesi Barat,Cabai Rawit,77650.0,False
2024-01,Sulawesi Barat,Cabai Rawit,72250.0,False
2024-02,Sulawesi Barat,Cabai Rawit,32250.0,False
2024-03,Sulawesi Barat,Cabai Rawit,42500.0,False
2024-04,Sulawesi Barat,Cabai Rawit,42850.0,False
2024-05,Sulawesi Barat,Cabai Rawit,45400.0,False
2024-06,Sulawesi Barat,Cabai Rawit,37250.0,False
2024-07,Sulawesi Barat,Cabai Rawit,40850.0,False
2024-08,Sulawesi Barat,Cabai Rawit,53750.0,False
2024-09,Sulawesi Barat,Cabai Rawit,37100.0,False
2024-10,Sulawesi Barat,Cabai Rawit,31650.0,False
2024-11,Sulawesi Barat,Cabai Rawit,30000.0,False
2024-12,Sulawesi Barat,Cabai Rawit,33750.0,False
2025-01,Sulawesi Barat,Cabai Rawit,34600.0,False
2025-02,Sulawesi Barat,Cabai Rawit,46250.0,False
2025-03,Sulawesi Barat,Cabai Rawit,72900.0,False
2025-04,Sulawesi Barat,Cabai Rawit,70850.0,False
2025-05,Sulawesi Barat,Cabai Rawit,61650.0,False
2025-06,Sulawesi Barat,Cabai Rawit,44600.0,False
2025-07,Sulawesi Barat,Cabai Rawit,42500.0,False
2025-08,Sulawesi Barat,Cabai Rawit,40400.0,False
2025-09,Sulawesi Barat,Cabai Rawit,35500.0,False
2025-10,Sulawesi Barat,Cabai Rawit,36650.0,False
2025-11,Sulawesi Barat,Cabai Rawit,27900.0,False
2025-12,Sulawesi Barat,Cabai Rawit,29600.0,False
2026-01,Sulawesi Barat,Cabai Rawit,38750.0,False
2026-02,Sulawesi Barat,Cabai Rawit,35400.0,False
2026-03,Sulawesi Barat,Cabai Rawit,40850.0,False
2026-04,Sulawesi Barat,Cabai Rawit,48900.0,False
2026-05,Sulawesi Barat,Cabai Rawit,44150.0,False
2026-06,Sulawesi Barat,Cabai Rawit,53400.0,False
2026-07,Sulawesi Barat,Cabai Rawit,48350.0,False
2020-02,Sulawesi Selatan,Bawang Merah,42350.0,False
2020-03,Sulawesi Selatan,Bawang Merah,37650.0,False
2020-04,Sulawesi Selatan,Bawang Merah,33400.0,False
2020-05,Sulawesi Selatan,Bawang Merah,36766.66666666666,True
2020-06,Sulawesi Selatan,Bawang Merah,40133.333333333336,True
2020-07,Sulawesi Selatan,Bawang Merah,43500.0,False
2020-08,Sulawesi Selatan,Bawang Merah,30350.0,False
2020-09,Sulawesi Selatan,Bawang Merah,26900.0,False
2020-10,Sulawesi Selatan,Bawang Merah,27250.0,False
2020-11,Sulawesi Selatan,Bawang Merah,34100.0,False
2020-12,Sulawesi Selatan,Bawang Merah,35400.0,False
2021-01,Sulawesi Selatan,Bawang Merah,31325.0,True
2021-02,Sulawesi Selatan,Bawang Merah,27250.0,False
2021-03,Sulawesi Selatan,Bawang Merah,27300.0,False
2021-04,Sulawesi Selatan,Bawang Merah,31150.0,False
2021-05,Sulawesi Selatan,Bawang Merah,28150.0,False
2021-06,Sulawesi Selatan,Bawang Merah,27250.0,True
2021-07,Sulawesi Selatan,Bawang Merah,26350.0,False
2021-08,Sulawesi Selatan,Bawang Merah,28000.0,False
2021-09,Sulawesi Selatan,Bawang Merah,28500.0,False
2021-10,Sulawesi Selatan,Bawang Merah,25550.0,False
2021-11,Sulawesi Selatan,Bawang Merah,25800.0,False
2021-12,Sulawesi Selatan,Bawang Merah,24000.0,False
2022-01,Sulawesi Selatan,Bawang Merah,25200.0,False
2022-02,Sulawesi Selatan,Bawang Merah,27425.0,True
2022-03,Sulawesi Selatan,Bawang Merah,29650.0,False
2022-04,Sulawesi Selatan,Bawang Merah,34000.0,False
2022-05,Sulawesi Selatan,Bawang Merah,41783.333333333336,True
2022-06,Sulawesi Selatan,Bawang Merah,49566.66666666666,True
2022-07,Sulawesi Selatan,Bawang Merah,57350.0,False
2022-08,Sulawesi Selatan,Bawang Merah,48250.0,False
2022-09,Sulawesi Selatan,Bawang Merah,34650.0,False
2022-10,Sulawesi Selatan,Bawang Merah,29750.0,False
2022-11,Sulawesi Selatan,Bawang Merah,31350.0,False
2022-12,Sulawesi Selatan,Bawang Merah,38050.0,False
2023-01,Sulawesi Selatan,Bawang Merah,33400.0,False
2023-02,Sulawesi Selatan,Bawang Merah,35100.0,False
2023-03,Sulawesi Selatan,Bawang Merah,34900.0,False
2023-04,Sulawesi Selatan,Bawang Merah,34100.0,False
2023-05,Sulawesi Selatan,Bawang Merah,33750.0,False
2023-06,Sulawesi Selatan,Bawang Merah,33550.0,False
2023-07,Sulawesi Selatan,Bawang Merah,35750.0,False
2023-08,Sulawesi Selatan,Bawang Merah,29800.0,False
2023-09,Sulawesi Selatan,Bawang Merah,25750.0,False
2023-10,Sulawesi Selatan,Bawang Merah,22050.0,False
2023-11,Sulawesi Selatan,Bawang Merah,23150.0,False
2023-12,Sulawesi Selatan,Bawang Merah,27600.0,False
2024-01,Sulawesi Selatan,Bawang Merah,39400.0,False
2024-02,Sulawesi Selatan,Bawang Merah,38400.0,False
2024-03,Sulawesi Selatan,Bawang Merah,32750.0,False
2024-04,Sulawesi Selatan,Bawang Merah,32250.0,False
2024-05,Sulawesi Selatan,Bawang Merah,51750.0,False
2024-06,Sulawesi Selatan,Bawang Merah,40300.0,False
2024-07,Sulawesi Selatan,Bawang Merah,36350.0,False
2024-08,Sulawesi Selatan,Bawang Merah,26150.0,False
2024-09,Sulawesi Selatan,Bawang Merah,23350.0,False
2024-10,Sulawesi Selatan,Bawang Merah,28050.0,False
2024-11,Sulawesi Selatan,Bawang Merah,31600.0,False
2024-12,Sulawesi Selatan,Bawang Merah,42250.0,False
2025-01,Sulawesi Selatan,Bawang Merah,39950.0,False
2025-02,Sulawesi Selatan,Bawang Merah,31000.0,False
2025-03,Sulawesi Selatan,Bawang Merah,36000.0,False
2025-04,Sulawesi Selatan,Bawang Merah,41250.0,False
2025-05,Sulawesi Selatan,Bawang Merah,37350.0,False
2025-06,Sulawesi Selatan,Bawang Merah,34000.0,False
2025-07,Sulawesi Selatan,Bawang Merah,45500.0,False
2025-08,Sulawesi Selatan,Bawang Merah,46250.0,False
2025-09,Sulawesi Selatan,Bawang Merah,45000.0,False
2025-10,Sulawesi Selatan,Bawang Merah,38500.0,False
2025-11,Sulawesi Selatan,Bawang Merah,38500.0,False
2025-12,Sulawesi Selatan,Bawang Merah,45150.0,False
2026-01,Sulawesi Selatan,Bawang Merah,47050.0,False
2026-02,Sulawesi Selatan,Bawang Merah,38500.0,False
2026-03,Sulawesi Selatan,Bawang Merah,37750.0,False
2026-04,Sulawesi Selatan,Bawang Merah,43500.0,False
2026-05,Sulawesi Selatan,Bawang Merah,38900.0,False
2026-06,Sulawesi Selatan,Bawang Merah,41000.0,False
2026-07,Sulawesi Selatan,Bawang Merah,42250.0,False
2020-02,Sulawesi Selatan,Beras,10050.0,False
2020-03,Sulawesi Selatan,Beras,10050.0,False
2020-04,Sulawesi Selatan,Beras,10050.0,False
2020-05,Sulawesi Selatan,Beras,10133.333333333334,True
2020-06,Sulawesi Selatan,Beras,10216.666666666666,True
2020-07,Sulawesi Selatan,Beras,10300.0,False
2020-08,Sulawesi Selatan,Beras,10300.0,False
2020-09,Sulawesi Selatan,Beras,10250.0,False
2020-10,Sulawesi Selatan,Beras,10250.0,False
2020-11,Sulawesi Selatan,Beras,10250.0,False
2020-12,Sulawesi Selatan,Beras,10250.0,False
2021-01,Sulawesi Selatan,Beras,10250.0,True
2021-02,Sulawesi Selatan,Beras,10250.0,False
2021-03,Sulawesi Selatan,Beras,10150.0,False
2021-04,Sulawesi Selatan,Beras,10150.0,False
2021-05,Sulawesi Selatan,Beras,9850.0,False
2021-06,Sulawesi Selatan,Beras,9850.0,True
2021-07,Sulawesi Selatan,Beras,9850.0,False
2021-08,Sulawesi Selatan,Beras,9850.0,False
2021-09,Sulawesi Selatan,Beras,9950.0,False
2021-10,Sulawesi Selatan,Beras,9900.0,False
2021-11,Sulawesi Selatan,Beras,9850.0,False
2021-12,Sulawesi Selatan,Beras,9850.0,False
2022-01,Sulawesi Selatan,Beras,9950.0,False
2022-02,Sulawesi Selatan,Beras,10000.0,True
2022-03,Sulawesi Selatan,Beras,10050.0,False
2022-04,Sulawesi Selatan,Beras,9900.0,False
2022-05,Sulawesi Selatan,Beras,9900.0,True
2022-06,Sulawesi Selatan,Beras,9900.0,True
2022-07,Sulawesi Selatan,Beras,9900.0,False
2022-08,Sulawesi Selatan,Beras,9900.0,False
2022-09,Sulawesi Selatan,Beras,9950.0,False
2022-10,Sulawesi Selatan,Beras,10000.0,False
2022-11,Sulawesi Selatan,Beras,9950.0,False
2022-12,Sulawesi Selatan,Beras,10200.0,False
2023-01,Sulawesi Selatan,Beras,10800.0,False
2023-02,Sulawesi Selatan,Beras,10800.0,False
2023-03,Sulawesi Selatan,Beras,11850.0,False
2023-04,Sulawesi Selatan,Beras,11800.0,False
2023-05,Sulawesi Selatan,Beras,11800.0,False
2023-06,Sulawesi Selatan,Beras,11800.0,False
2023-07,Sulawesi Selatan,Beras,11800.0,False
2023-08,Sulawesi Selatan,Beras,11850.0,False
2023-09,Sulawesi Selatan,Beras,11950.0,False
2023-10,Sulawesi Selatan,Beras,12550.0,False
2023-11,Sulawesi Selatan,Beras,12950.0,False
2023-12,Sulawesi Selatan,Beras,13000.0,False
2024-01,Sulawesi Selatan,Beras,13100.0,False
2024-02,Sulawesi Selatan,Beras,13100.0,False
2024-03,Sulawesi Selatan,Beras,14600.0,False
2024-04,Sulawesi Selatan,Beras,14500.0,False
2024-05,Sulawesi Selatan,Beras,14100.0,False
2024-06,Sulawesi Selatan,Beras,13900.0,False
2024-07,Sulawesi Selatan,Beras,13950.0,False
2024-08,Sulawesi Selatan,Beras,13400.0,False
2024-09,Sulawesi Selatan,Beras,13900.0,False
2024-10,Sulawesi Selatan,Beras,13900.0,False
2024-11,Sulawesi Selatan,Beras,13900.0,False
2024-12,Sulawesi Selatan,Beras,13450.0,False
2025-01,Sulawesi Selatan,Beras,13500.0,False
2025-02,Sulawesi Selatan,Beras,13550.0,False
2025-03,Sulawesi Selatan,Beras,13650.0,False
2025-04,Sulawesi Selatan,Beras,13650.0,False
2025-05,Sulawesi Selatan,Beras,13750.0,False
2025-06,Sulawesi Selatan,Beras,13950.0,False
2025-07,Sulawesi Selatan,Beras,14150.0,False
2025-08,Sulawesi Selatan,Beras,15150.0,False
2025-09,Sulawesi Selatan,Beras,14950.0,False
2025-10,Sulawesi Selatan,Beras,14900.0,False
2025-11,Sulawesi Selatan,Beras,14800.0,False
2025-12,Sulawesi Selatan,Beras,14550.0,False
2026-01,Sulawesi Selatan,Beras,14850.0,False
2026-02,Sulawesi Selatan,Beras,14600.0,False
2026-03,Sulawesi Selatan,Beras,14550.0,False
2026-04,Sulawesi Selatan,Beras,14650.0,False
2026-05,Sulawesi Selatan,Beras,14700.0,False
2026-06,Sulawesi Selatan,Beras,14700.0,False
2026-07,Sulawesi Selatan,Beras,14750.0,False
2020-02,Sulawesi Selatan,Cabai Besar,39500.0,False
2020-03,Sulawesi Selatan,Cabai Besar,32250.0,False
2020-04,Sulawesi Selatan,Cabai Besar,13250.0,False
2020-05,Sulawesi Selatan,Cabai Besar,13433.333333333334,True
2020-06,Sulawesi Selatan,Cabai Besar,13616.666666666666,True
2020-07,Sulawesi Selatan,Cabai Besar,13800.0,False
2020-08,Sulawesi Selatan,Cabai Besar,26900.0,False
2020-09,Sulawesi Selatan,Cabai Besar,17150.0,False
2020-10,Sulawesi Selatan,Cabai Besar,38150.0,False
2020-11,Sulawesi Selatan,Cabai Besar,38400.0,False
2020-12,Sulawesi Selatan,Cabai Besar,30450.0,False
2021-01,Sulawesi Selatan,Cabai Besar,24375.0,True
2021-02,Sulawesi Selatan,Cabai Besar,18300.0,False
2021-03,Sulawesi Selatan,Cabai Besar,22550.0,False
2021-04,Sulawesi Selatan,Cabai Besar,29900.0,False
2021-05,Sulawesi Selatan,Cabai Besar,23500.0,False
2021-06,Sulawesi Selatan,Cabai Besar,22100.0,True
2021-07,Sulawesi Selatan,Cabai Besar,20700.0,False
2021-08,Sulawesi Selatan,Cabai Besar,15800.0,False
2021-09,Sulawesi Selatan,Cabai Besar,11100.0,False
2021-10,Sulawesi Selatan,Cabai Besar,14250.0,False
2021-11,Sulawesi Selatan,Cabai Besar,15050.0,False
2021-12,Sulawesi Selatan,Cabai Besar,33600.0,False
2022-01,Sulawesi Selatan,Cabai Besar,31900.0,False
2022-02,Sulawesi Selatan,Cabai Besar,32000.0,True
2022-03,Sulawesi Selatan,Cabai Besar,32100.0,False
2022-04,Sulawesi Selatan,Cabai Besar,39300.0,False
2022-05,Sulawesi Selatan,Cabai Besar,38033.333333333336,True
2022-06,Sulawesi Selatan,Cabai Besar,36766.66666666666,True
2022-07,Sulawesi Selatan,Cabai Besar,35500.0,False
2022-08,Sulawesi Selatan,Cabai Besar,34700.0,False
2022-09,Sulawesi Selatan,Cabai Besar,29050.0,False
2022-10,Sulawesi Selatan,Cabai Besar,25700.0,False
2022-11,Sulawesi Selatan,Cabai Besar,19400.0,False
2022-12,Sulawesi Selatan,Cabai Besar,12150.0,False
2023-01,Sulawesi Selatan,Cabai Besar,13200.0,False
2023-02,Sulawesi Selatan,Cabai Besar,17400.0,False
2023-03,Sulawesi Selatan,Cabai Besar,33500.0,False
2023-04,Sulawesi Selatan,Cabai Besar,25250.0,False
2023-05,Sulawesi Selatan,Cabai Besar,28800.0,False
2023-06,Sulawesi Selatan,Cabai Besar,34400.0,False
2023-07,Sulawesi Selatan,Cabai Besar,30750.0,False
2023-08,Sulawesi Selatan,Cabai Besar,15650.0,False
2023-09,Sulawesi Selatan,Cabai Besar,25850.0,False
2023-10,Sulawesi Selatan,Cabai Besar,22100.0,False
2023-11,Sulawesi Selatan,Cabai Besar,30550.0,False
2023-12,Sulawesi Selatan,Cabai Besar,50600.0,False
2024-01,Sulawesi Selatan,Cabai Besar,44150.0,False
2024-02,Sulawesi Selatan,Cabai Besar,41850.0,False
2024-03,Sulawesi Selatan,Cabai Besar,60650.0,False
2024-04,Sulawesi Selatan,Cabai Besar,28200.0,False
2024-05,Sulawesi Selatan,Cabai Besar,23750.0,False
2024-06,Sulawesi Selatan,Cabai Besar,28150.0,False
2024-07,Sulawesi Selatan,Cabai Besar,27350.0,False
2024-08,Sulawesi Selatan,Cabai Besar,24100.0,False
2024-09,Sulawesi Selatan,Cabai Besar,23200.0,False
2024-10,Sulawesi Selatan,Cabai Besar,17400.0,False
2024-11,Sulawesi Selatan,Cabai Besar,17350.0,False
2024-12,Sulawesi Selatan,Cabai Besar,17850.0,False
2025-01,Sulawesi Selatan,Cabai Besar,24550.0,False
2025-02,Sulawesi Selatan,Cabai Besar,29800.0,False
2025-03,Sulawesi Selatan,Cabai Besar,38400.0,False
2025-04,Sulawesi Selatan,Cabai Besar,50400.0,False
2025-05,Sulawesi Selatan,Cabai Besar,43400.0,False
2025-06,Sulawesi Selatan,Cabai Besar,39500.0,False
2025-07,Sulawesi Selatan,Cabai Besar,21600.0,False
2025-08,Sulawesi Selatan,Cabai Besar,33750.0,False
2025-09,Sulawesi Selatan,Cabai Besar,30050.0,False
2025-10,Sulawesi Selatan,Cabai Besar,35150.0,False
2025-11,Sulawesi Selatan,Cabai Besar,33350.0,False
2025-12,Sulawesi Selatan,Cabai Besar,37900.0,False
2026-01,Sulawesi Selatan,Cabai Besar,23100.0,False
2026-02,Sulawesi Selatan,Cabai Besar,16800.0,False
2026-03,Sulawesi Selatan,Cabai Besar,20200.0,False
2026-04,Sulawesi Selatan,Cabai Besar,22500.0,False
2026-05,Sulawesi Selatan,Cabai Besar,29700.0,False
2026-06,Sulawesi Selatan,Cabai Besar,57850.0,False
2026-07,Sulawesi Selatan,Cabai Besar,46650.0,False
2020-02,Sulawesi Selatan,Cabai Rawit,51500.0,False
2020-03,Sulawesi Selatan,Cabai Rawit,25150.0,False
2020-04,Sulawesi Selatan,Cabai Rawit,31050.0,False
2020-05,Sulawesi Selatan,Cabai Rawit,26400.0,True
2020-06,Sulawesi Selatan,Cabai Rawit,21750.0,True
2020-07,Sulawesi Selatan,Cabai Rawit,17100.0,False
2020-08,Sulawesi Selatan,Cabai Rawit,16400.0,False
2020-09,Sulawesi Selatan,Cabai Rawit,14700.0,False
2020-10,Sulawesi Selatan,Cabai Rawit,14550.0,False
2020-11,Sulawesi Selatan,Cabai Rawit,25050.0,False
2020-12,Sulawesi Selatan,Cabai Rawit,29550.0,False
2021-01,Sulawesi Selatan,Cabai Rawit,42225.0,True
2021-02,Sulawesi Selatan,Cabai Rawit,54900.0,False
2021-03,Sulawesi Selatan,Cabai Rawit,66150.0,False
2021-04,Sulawesi Selatan,Cabai Rawit,75900.0,False
2021-05,Sulawesi Selatan,Cabai Rawit,41850.0,False
2021-06,Sulawesi Selatan,Cabai Rawit,48900.0,True
2021-07,Sulawesi Selatan,Cabai Rawit,55950.0,False
2021-08,Sulawesi Selatan,Cabai Rawit,29600.0,False
2021-09,Sulawesi Selatan,Cabai Rawit,17700.0,False
2021-10,Sulawesi Selatan,Cabai Rawit,17950.0,False
2021-11,Sulawesi Selatan,Cabai Rawit,17850.0,False
2021-12,Sulawesi Selatan,Cabai Rawit,40300.0,False
2022-01,Sulawesi Selatan,Cabai Rawit,64000.0,False
2022-02,Sulawesi Selatan,Cabai Rawit,54700.0,True
2022-03,Sulawesi Selatan,Cabai Rawit,45400.0,False
2022-04,Sulawesi Selatan,Cabai Rawit,54000.0,False
2022-05,Sulawesi Selatan,Cabai Rawit,58666.66666666666,True
2022-06,Sulawesi Selatan,Cabai Rawit,63333.333333333336,True
2022-07,Sulawesi Selatan,Cabai Rawit,68000.0,False
2022-08,Sulawesi Selatan,Cabai Rawit,45500.0,False
2022-09,Sulawesi Selatan,Cabai Rawit,41400.0,False
2022-10,Sulawesi Selatan,Cabai Rawit,39500.0,False
2022-11,Sulawesi Selatan,Cabai Rawit,27200.0,False
2022-12,Sulawesi Selatan,Cabai Rawit,30600.0,False
2023-01,Sulawesi Selatan,Cabai Rawit,35550.0,False
2023-02,Sulawesi Selatan,Cabai Rawit,31400.0,False
2023-03,Sulawesi Selatan,Cabai Rawit,42300.0,False
2023-04,Sulawesi Selatan,Cabai Rawit,36150.0,False
2023-05,Sulawesi Selatan,Cabai Rawit,33950.0,False
2023-06,Sulawesi Selatan,Cabai Rawit,23550.0,False
2023-07,Sulawesi Selatan,Cabai Rawit,28600.0,False
2023-08,Sulawesi Selatan,Cabai Rawit,35000.0,False
2023-09,Sulawesi Selatan,Cabai Rawit,25800.0,False
2023-10,Sulawesi Selatan,Cabai Rawit,21050.0,False
2023-11,Sulawesi Selatan,Cabai Rawit,52350.0,False
2023-12,Sulawesi Selatan,Cabai Rawit,79650.0,False
2024-01,Sulawesi Selatan,Cabai Rawit,78500.0,False
2024-02,Sulawesi Selatan,Cabai Rawit,26100.0,False
2024-03,Sulawesi Selatan,Cabai Rawit,41750.0,False
2024-04,Sulawesi Selatan,Cabai Rawit,41250.0,False
2024-05,Sulawesi Selatan,Cabai Rawit,38500.0,False
2024-06,Sulawesi Selatan,Cabai Rawit,39500.0,False
2024-07,Sulawesi Selatan,Cabai Rawit,33500.0,False
2024-08,Sulawesi Selatan,Cabai Rawit,55550.0,False
2024-09,Sulawesi Selatan,Cabai Rawit,29000.0,False
2024-10,Sulawesi Selatan,Cabai Rawit,26450.0,False
2024-11,Sulawesi Selatan,Cabai Rawit,28250.0,False
2024-12,Sulawesi Selatan,Cabai Rawit,31750.0,False
2025-01,Sulawesi Selatan,Cabai Rawit,41500.0,False
2025-02,Sulawesi Selatan,Cabai Rawit,44850.0,False
2025-03,Sulawesi Selatan,Cabai Rawit,74000.0,False
2025-04,Sulawesi Selatan,Cabai Rawit,79250.0,False
2025-05,Sulawesi Selatan,Cabai Rawit,57350.0,False
2025-06,Sulawesi Selatan,Cabai Rawit,37500.0,False
2025-07,Sulawesi Selatan,Cabai Rawit,42750.0,False
2025-08,Sulawesi Selatan,Cabai Rawit,45500.0,False
2025-09,Sulawesi Selatan,Cabai Rawit,26100.0,False
2025-10,Sulawesi Selatan,Cabai Rawit,28100.0,False
2025-11,Sulawesi Selatan,Cabai Rawit,21950.0,False
2025-12,Sulawesi Selatan,Cabai Rawit,36150.0,False
2026-01,Sulawesi Selatan,Cabai Rawit,35650.0,False
2026-02,Sulawesi Selatan,Cabai Rawit,33750.0,False
2026-03,Sulawesi Selatan,Cabai Rawit,54000.0,False
2026-04,Sulawesi Selatan,Cabai Rawit,58000.0,False
2026-05,Sulawesi Selatan,Cabai Rawit,41500.0,False
2026-06,Sulawesi Selatan,Cabai Rawit,59000.0,False
2026-07,Sulawesi Selatan,Cabai Rawit,37250.0,False
2020-02,Sulawesi Tengah,Bawang Merah,43000.0,False
2020-03,Sulawesi Tengah,Bawang Merah,39000.0,False
2020-04,Sulawesi Tengah,Bawang Merah,35750.0,False
2020-05,Sulawesi Tengah,Bawang Merah,39250.0,True
2020-06,Sulawesi Tengah,Bawang Merah,42750.0,True
2020-07,Sulawesi Tengah,Bawang Merah,46250.0,False
2020-08,Sulawesi Tengah,Bawang Merah,35000.0,False
2020-09,Sulawesi Tengah,Bawang Merah,33500.0,False
2020-10,Sulawesi Tengah,Bawang Merah,30250.0,False
2020-11,Sulawesi Tengah,Bawang Merah,39000.0,False
2020-12,Sulawesi Tengah,Bawang Merah,41250.0,False
2021-01,Sulawesi Tengah,Bawang Merah,35375.0,True
2021-02,Sulawesi Tengah,Bawang Merah,29500.0,False
2021-03,Sulawesi Tengah,Bawang Merah,30250.0,False
2021-04,Sulawesi Tengah,Bawang Merah,33250.0,False
2021-05,Sulawesi Tengah,Bawang Merah,32250.0,False
2021-06,Sulawesi Tengah,Bawang Merah,30875.0,True
2021-07,Sulawesi Tengah,Bawang Merah,29500.0,False
2021-08,Sulawesi Tengah,Bawang Merah,37000.0,False
2021-09,Sulawesi Tengah,Bawang Merah,33750.0,False
2021-10,Sulawesi Tengah,Bawang Merah,32000.0,False
2021-11,Sulawesi Tengah,Bawang Merah,29000.0,False
2021-12,Sulawesi Tengah,Bawang Merah,24750.0,False
2022-01,Sulawesi Tengah,Bawang Merah,33250.0,False
2022-02,Sulawesi Tengah,Bawang Merah,33700.0,True
2022-03,Sulawesi Tengah,Bawang Merah,34150.0,False
2022-04,Sulawesi Tengah,Bawang Merah,35000.0,False
2022-05,Sulawesi Tengah,Bawang Merah,43583.333333333336,True
2022-06,Sulawesi Tengah,Bawang Merah,52166.66666666667,True
2022-07,Sulawesi Tengah,Bawang Merah,60750.0,False
2022-08,Sulawesi Tengah,Bawang Merah,60000.0,False
2022-09,Sulawesi Tengah,Bawang Merah,37500.0,False
2022-10,Sulawesi Tengah,Bawang Merah,35000.0,False
2022-11,Sulawesi Tengah,Bawang Merah,36250.0,False
2022-12,Sulawesi Tengah,Bawang Merah,43000.0,False
2023-01,Sulawesi Tengah,Bawang Merah,39750.0,False
2023-02,Sulawesi Tengah,Bawang Merah,42900.0,False
2023-03,Sulawesi Tengah,Bawang Merah,38400.0,False
2023-04,Sulawesi Tengah,Bawang Merah,34650.0,False
2023-05,Sulawesi Tengah,Bawang Merah,34650.0,False
2023-06,Sulawesi Tengah,Bawang Merah,43150.0,False
2023-07,Sulawesi Tengah,Bawang Merah,41900.0,False
2023-08,Sulawesi Tengah,Bawang Merah,37650.0,False
2023-09,Sulawesi Tengah,Bawang Merah,29400.0,False
2023-10,Sulawesi Tengah,Bawang Merah,28150.0,False
2023-11,Sulawesi Tengah,Bawang Merah,27250.0,False
2023-12,Sulawesi Tengah,Bawang Merah,30400.0,False
2024-01,Sulawesi Tengah,Bawang Merah,39150.0,True
2024-02,Sulawesi Tengah,Bawang Merah,47900.0,False
2024-03,Sulawesi Tengah,Bawang Merah,36000.0,False
2024-04,Sulawesi Tengah,Bawang Merah,39000.0,False
2024-05,Sulawesi Tengah,Bawang Merah,51650.0,False
2024-06,Sulawesi Tengah,Bawang Merah,45000.0,False
2024-07,Sulawesi Tengah,Bawang Merah,43500.0,False
2024-08,Sulawesi Tengah,Bawang Merah,30150.0,False
2024-09,Sulawesi Tengah,Bawang Merah,29400.0,False
2024-10,Sulawesi Tengah,Bawang Merah,33150.0,False
2024-11,Sulawesi Tengah,Bawang Merah,35900.0,False
2024-12,Sulawesi Tengah,Bawang Merah,43650.0,False
2025-01,Sulawesi Tengah,Bawang Merah,42250.0,False
2025-02,Sulawesi Tengah,Bawang Merah,36650.0,False
2025-03,Sulawesi Tengah,Bawang Merah,40500.0,False
2025-04,Sulawesi Tengah,Bawang Merah,48750.0,False
2025-05,Sulawesi Tengah,Bawang Merah,40950.0,False
2025-06,Sulawesi Tengah,Bawang Merah,40950.0,False
2025-07,Sulawesi Tengah,Bawang Merah,50650.0,False
2025-08,Sulawesi Tengah,Bawang Merah,60000.0,False
2025-09,Sulawesi Tengah,Bawang Merah,58750.0,False
2025-10,Sulawesi Tengah,Bawang Merah,43500.0,False
2025-11,Sulawesi Tengah,Bawang Merah,40900.0,False
2025-12,Sulawesi Tengah,Bawang Merah,52000.0,False
2026-01,Sulawesi Tengah,Bawang Merah,58150.0,False
2026-02,Sulawesi Tengah,Bawang Merah,43750.0,False
2026-03,Sulawesi Tengah,Bawang Merah,44750.0,False
2026-04,Sulawesi Tengah,Bawang Merah,54900.0,False
2026-05,Sulawesi Tengah,Bawang Merah,45250.0,False
2026-06,Sulawesi Tengah,Bawang Merah,48750.0,False
2026-07,Sulawesi Tengah,Bawang Merah,54400.0,False
2020-02,Sulawesi Tengah,Beras,11000.0,False
2020-03,Sulawesi Tengah,Beras,11000.0,False
2020-04,Sulawesi Tengah,Beras,11000.0,False
2020-05,Sulawesi Tengah,Beras,11000.0,True
2020-06,Sulawesi Tengah,Beras,11000.0,True
2020-07,Sulawesi Tengah,Beras,11000.0,False
2020-08,Sulawesi Tengah,Beras,11000.0,False
2020-09,Sulawesi Tengah,Beras,11000.0,False
2020-10,Sulawesi Tengah,Beras,11000.0,False
2020-11,Sulawesi Tengah,Beras,11000.0,False
2020-12,Sulawesi Tengah,Beras,11000.0,False
2021-01,Sulawesi Tengah,Beras,11000.0,True
2021-02,Sulawesi Tengah,Beras,11000.0,False
2021-03,Sulawesi Tengah,Beras,11000.0,False
2021-04,Sulawesi Tengah,Beras,11000.0,False
2021-05,Sulawesi Tengah,Beras,11000.0,False
2021-06,Sulawesi Tengah,Beras,10750.0,True
2021-07,Sulawesi Tengah,Beras,10500.0,False
2021-08,Sulawesi Tengah,Beras,10500.0,False
2021-09,Sulawesi Tengah,Beras,10250.0,False
2021-10,Sulawesi Tengah,Beras,10250.0,False
2021-11,Sulawesi Tengah,Beras,10250.0,False
2021-12,Sulawesi Tengah,Beras,10250.0,False
2022-01,Sulawesi Tengah,Beras,10250.0,False
2022-02,Sulawesi Tengah,Beras,10250.0,True
2022-03,Sulawesi Tengah,Beras,10250.0,False
2022-04,Sulawesi Tengah,Beras,10400.0,False
2022-05,Sulawesi Tengah,Beras,10350.0,True
2022-06,Sulawesi Tengah,Beras,10300.0,True
2022-07,Sulawesi Tengah,Beras,10250.0,False
2022-08,Sulawesi Tengah,Beras,10400.0,False
2022-09,Sulawesi Tengah,Beras,10650.0,False
2022-10,Sulawesi Tengah,Beras,10400.0,False
2022-11,Sulawesi Tengah,Beras,10900.0,False
2022-12,Sulawesi Tengah,Beras,10900.0,False
2023-01,Sulawesi Tengah,Beras,11150.0,False
2023-02,Sulawesi Tengah,Beras,11850.0,False
2023-03,Sulawesi Tengah,Beras,12900.0,False
2023-04,Sulawesi Tengah,Beras,13450.0,False
2023-05,Sulawesi Tengah,Beras,12950.0,False
2023-06,Sulawesi Tengah,Beras,12750.0,False
2023-07,Sulawesi Tengah,Beras,12950.0,False
2023-08,Sulawesi Tengah,Beras,12950.0,False
2023-09,Sulawesi Tengah,Beras,12950.0,False
2023-10,Sulawesi Tengah,Beras,13500.0,False
2023-11,Sulawesi Tengah,Beras,13650.0,False
2023-12,Sulawesi Tengah,Beras,13600.0,False
2024-01,Sulawesi Tengah,Beras,13875.0,True
2024-02,Sulawesi Tengah,Beras,14150.0,False
2024-03,Sulawesi Tengah,Beras,15400.0,False
2024-04,Sulawesi Tengah,Beras,16450.0,False
2024-05,Sulawesi Tengah,Beras,14750.0,False
2024-06,Sulawesi Tengah,Beras,14300.0,False
2024-07,Sulawesi Tengah,Beras,14500.0,False
2024-08,Sulawesi Tengah,Beras,14800.0,False
2024-09,Sulawesi Tengah,Beras,14500.0,False
2024-10,Sulawesi Tengah,Beras,14350.0,False
2024-11,Sulawesi Tengah,Beras,14350.0,False
2024-12,Sulawesi Tengah,Beras,14500.0,False
2025-01,Sulawesi Tengah,Beras,14500.0,False
2025-02,Sulawesi Tengah,Beras,14150.0,False
2025-03,Sulawesi Tengah,Beras,14150.0,False
2025-04,Sulawesi Tengah,Beras,14150.0,False
2025-05,Sulawesi Tengah,Beras,14050.0,False
2025-06,Sulawesi Tengah,Beras,14150.0,False
2025-07,Sulawesi Tengah,Beras,14300.0,False
2025-08,Sulawesi Tengah,Beras,16400.0,False
2025-09,Sulawesi Tengah,Beras,16400.0,False
2025-10,Sulawesi Tengah,Beras,16100.0,False
2025-11,Sulawesi Tengah,Beras,15150.0,False
2025-12,Sulawesi Tengah,Beras,15150.0,False
2026-01,Sulawesi Tengah,Beras,15150.0,False
2026-02,Sulawesi Tengah,Beras,15000.0,False
2026-03,Sulawesi Tengah,Beras,15000.0,False
2026-04,Sulawesi Tengah,Beras,15000.0,False
2026-05,Sulawesi Tengah,Beras,15000.0,False
2026-06,Sulawesi Tengah,Beras,15150.0,False
2026-07,Sulawesi Tengah,Beras,15950.0,False
2020-02,Sulawesi Tengah,Cabai Besar,25000.0,True
2020-03,Sulawesi Tengah,Cabai Besar,25000.0,True
2020-04,Sulawesi Tengah,Cabai Besar,25000.0,False
2020-05,Sulawesi Tengah,Cabai Besar,25000.0,True
2020-06,Sulawesi Tengah,Cabai Besar,25000.0,True
2020-07,Sulawesi Tengah,Cabai Besar,25000.0,False
2020-08,Sulawesi Tengah,Cabai Besar,36250.0,False
2020-09,Sulawesi Tengah,Cabai Besar,26250.0,False
2020-10,Sulawesi Tengah,Cabai Besar,30000.0,False
2020-11,Sulawesi Tengah,Cabai Besar,36250.0,True
2020-12,Sulawesi Tengah,Cabai Besar,42500.0,False
2021-01,Sulawesi Tengah,Cabai Besar,38750.0,True
2021-02,Sulawesi Tengah,Cabai Besar,35000.0,False
2021-03,Sulawesi Tengah,Cabai Besar,31250.0,False
2021-04,Sulawesi Tengah,Cabai Besar,35000.0,False
2021-05,Sulawesi Tengah,Cabai Besar,33750.0,False
2021-06,Sulawesi Tengah,Cabai Besar,29375.0,True
2021-07,Sulawesi Tengah,Cabai Besar,25000.0,False
2021-08,Sulawesi Tengah,Cabai Besar,30000.0,False
2021-09,Sulawesi Tengah,Cabai Besar,20000.0,False
2021-10,Sulawesi Tengah,Cabai Besar,22500.0,False
2021-11,Sulawesi Tengah,Cabai Besar,23750.0,False
2021-12,Sulawesi Tengah,Cabai Besar,37500.0,False
2022-01,Sulawesi Tengah,Cabai Besar,45000.0,False
2022-02,Sulawesi Tengah,Cabai Besar,46875.0,True
2022-03,Sulawesi Tengah,Cabai Besar,48750.0,False
2022-04,Sulawesi Tengah,Cabai Besar,65000.0,False
2022-05,Sulawesi Tengah,Cabai Besar,63750.0,True
2022-06,Sulawesi Tengah,Cabai Besar,62500.0,True
2022-07,Sulawesi Tengah,Cabai Besar,61250.0,False
2022-08,Sulawesi Tengah,Cabai Besar,63750.0,False
2022-09,Sulawesi Tengah,Cabai Besar,57500.0,False
2022-10,Sulawesi Tengah,Cabai Besar,50000.0,False
2022-11,Sulawesi Tengah,Cabai Besar,30900.0,False
2022-12,Sulawesi Tengah,Cabai Besar,31800.0,False
2023-01,Sulawesi Tengah,Cabai Besar,22850.0,False
2023-02,Sulawesi Tengah,Cabai Besar,25750.0,False
2023-03,Sulawesi Tengah,Cabai Besar,38250.0,False
2023-04,Sulawesi Tengah,Cabai Besar,40500.0,False
2023-05,Sulawesi Tengah,Cabai Besar,43800.0,False
2023-06,Sulawesi Tengah,Cabai Besar,47550.0,False
2023-07,Sulawesi Tengah,Cabai Besar,55050.0,False
2023-08,Sulawesi Tengah,Cabai Besar,45900.0,False
2023-09,Sulawesi Tengah,Cabai Besar,40300.0,False
2023-10,Sulawesi Tengah,Cabai Besar,43900.0,False
2023-11,Sulawesi Tengah,Cabai Besar,51400.0,False
2023-12,Sulawesi Tengah,Cabai Besar,54750.0,False
2024-01,Sulawesi Tengah,Cabai Besar,46550.0,True
2024-02,Sulawesi Tengah,Cabai Besar,38350.0,False
2024-03,Sulawesi Tengah,Cabai Besar,40900.0,False
2024-04,Sulawesi Tengah,Cabai Besar,41000.0,False
2024-05,Sulawesi Tengah,Cabai Besar,42900.0,False
2024-06,Sulawesi Tengah,Cabai Besar,49700.0,False
2024-07,Sulawesi Tengah,Cabai Besar,50500.0,False
2024-08,Sulawesi Tengah,Cabai Besar,42950.0,False
2024-09,Sulawesi Tengah,Cabai Besar,46050.0,False
2024-10,Sulawesi Tengah,Cabai Besar,32350.0,False
2024-11,Sulawesi Tengah,Cabai Besar,30600.0,False
2024-12,Sulawesi Tengah,Cabai Besar,28450.0,False
2025-01,Sulawesi Tengah,Cabai Besar,29350.0,False
2025-02,Sulawesi Tengah,Cabai Besar,37450.0,False
2025-03,Sulawesi Tengah,Cabai Besar,43700.0,False
2025-04,Sulawesi Tengah,Cabai Besar,43050.0,False
2025-05,Sulawesi Tengah,Cabai Besar,58050.0,False
2025-06,Sulawesi Tengah,Cabai Besar,48050.0,False
2025-07,Sulawesi Tengah,Cabai Besar,35200.0,False
2025-08,Sulawesi Tengah,Cabai Besar,43200.0,False
2025-09,Sulawesi Tengah,Cabai Besar,39550.0,False
2025-10,Sulawesi Tengah,Cabai Besar,31950.0,False
2025-11,Sulawesi Tengah,Cabai Besar,26950.0,False
2025-12,Sulawesi Tengah,Cabai Besar,32050.0,False
2026-01,Sulawesi Tengah,Cabai Besar,27950.0,False
2026-02,Sulawesi Tengah,Cabai Besar,30450.0,False
2026-03,Sulawesi Tengah,Cabai Besar,32050.0,False
2026-04,Sulawesi Tengah,Cabai Besar,37550.0,False
2026-05,Sulawesi Tengah,Cabai Besar,31700.0,False
2026-06,Sulawesi Tengah,Cabai Besar,55900.0,False
2026-07,Sulawesi Tengah,Cabai Besar,42150.0,False
2020-02,Sulawesi Tengah,Cabai Rawit,66250.0,False
2020-03,Sulawesi Tengah,Cabai Rawit,37000.0,False
2020-04,Sulawesi Tengah,Cabai Rawit,44500.0,False
2020-05,Sulawesi Tengah,Cabai Rawit,41083.333333333336,True
2020-06,Sulawesi Tengah,Cabai Rawit,37666.66666666666,True
2020-07,Sulawesi Tengah,Cabai Rawit,34250.0,False
2020-08,Sulawesi Tengah,Cabai Rawit,42500.0,False
2020-09,Sulawesi Tengah,Cabai Rawit,35000.0,False
2020-10,Sulawesi Tengah,Cabai Rawit,40000.0,False
2020-11,Sulawesi Tengah,Cabai Rawit,43250.0,False
2020-12,Sulawesi Tengah,Cabai Rawit,40000.0,False
2021-01,Sulawesi Tengah,Cabai Rawit,55625.0,True
2021-02,Sulawesi Tengah,Cabai Rawit,71250.0,False
2021-03,Sulawesi Tengah,Cabai Rawit,85000.0,False
2021-04,Sulawesi Tengah,Cabai Rawit,91250.0,False
2021-05,Sulawesi Tengah,Cabai Rawit,73750.0,False
2021-06,Sulawesi Tengah,Cabai Rawit,79375.0,True
2021-07,Sulawesi Tengah,Cabai Rawit,85000.0,False
2021-08,Sulawesi Tengah,Cabai Rawit,70000.0,False
2021-09,Sulawesi Tengah,Cabai Rawit,47500.0,False
2021-10,Sulawesi Tengah,Cabai Rawit,43250.0,False
2021-11,Sulawesi Tengah,Cabai Rawit,40000.0,False
2021-12,Sulawesi Tengah,Cabai Rawit,54500.0,False
2022-01,Sulawesi Tengah,Cabai Rawit,78750.0,False
2022-02,Sulawesi Tengah,Cabai Rawit,74375.0,True
2022-03,Sulawesi Tengah,Cabai Rawit,70000.0,False
2022-04,Sulawesi Tengah,Cabai Rawit,68750.0,False
2022-05,Sulawesi Tengah,Cabai Rawit,75833.33333333333,True
2022-06,Sulawesi Tengah,Cabai Rawit,82916.66666666667,True
2022-07,Sulawesi Tengah,Cabai Rawit,90000.0,False
2022-08,Sulawesi Tengah,Cabai Rawit,57500.0,False
2022-09,Sulawesi Tengah,Cabai Rawit,72500.0,False
2022-10,Sulawesi Tengah,Cabai Rawit,62500.0,False
2022-11,Sulawesi Tengah,Cabai Rawit,56250.0,False
2022-12,Sulawesi Tengah,Cabai Rawit,53750.0,False
2023-01,Sulawesi Tengah,Cabai Rawit,57500.0,False
2023-02,Sulawesi Tengah,Cabai Rawit,31900.0,False
2023-03,Sulawesi Tengah,Cabai Rawit,53150.0,False
2023-04,Sulawesi Tengah,Cabai Rawit,34400.0,False
2023-05,Sulawesi Tengah,Cabai Rawit,33150.0,False
2023-06,Sulawesi Tengah,Cabai Rawit,32500.0,False
2023-07,Sulawesi Tengah,Cabai Rawit,53150.0,False
2023-08,Sulawesi Tengah,Cabai Rawit,46250.0,False
2023-09,Sulawesi Tengah,Cabai Rawit,36250.0,False
2023-10,Sulawesi Tengah,Cabai Rawit,41900.0,False
2023-11,Sulawesi Tengah,Cabai Rawit,75650.0,False
2023-12,Sulawesi Tengah,Cabai Rawit,103750.0,False
2024-01,Sulawesi Tengah,Cabai Rawit,68500.0,True
2024-02,Sulawesi Tengah,Cabai Rawit,33250.0,False
2024-03,Sulawesi Tengah,Cabai Rawit,41250.0,False
2024-04,Sulawesi Tengah,Cabai Rawit,50650.0,False
2024-05,Sulawesi Tengah,Cabai Rawit,58150.0,False
2024-06,Sulawesi Tengah,Cabai Rawit,55000.0,False
2024-07,Sulawesi Tengah,Cabai Rawit,58750.0,False
2024-08,Sulawesi Tengah,Cabai Rawit,68150.0,False
2024-09,Sulawesi Tengah,Cabai Rawit,50650.0,False
2024-10,Sulawesi Tengah,Cabai Rawit,48150.0,False
2024-11,Sulawesi Tengah,Cabai Rawit,46250.0,False
2024-12,Sulawesi Tengah,Cabai Rawit,61900.0,False
2025-01,Sulawesi Tengah,Cabai Rawit,55000.0,False
2025-02,Sulawesi Tengah,Cabai Rawit,45650.0,False
2025-03,Sulawesi Tengah,Cabai Rawit,81900.0,False
2025-04,Sulawesi Tengah,Cabai Rawit,81900.0,False
2025-05,Sulawesi Tengah,Cabai Rawit,76900.0,False
2025-06,Sulawesi Tengah,Cabai Rawit,55650.0,False
2025-07,Sulawesi Tengah,Cabai Rawit,69400.0,False
2025-08,Sulawesi Tengah,Cabai Rawit,56900.0,False
2025-09,Sulawesi Tengah,Cabai Rawit,45650.0,False
2025-10,Sulawesi Tengah,Cabai Rawit,48150.0,False
2025-11,Sulawesi Tengah,Cabai Rawit,33250.0,False
2025-12,Sulawesi Tengah,Cabai Rawit,53750.0,False
2026-01,Sulawesi Tengah,Cabai Rawit,51900.0,False
2026-02,Sulawesi Tengah,Cabai Rawit,39400.0,False
2026-03,Sulawesi Tengah,Cabai Rawit,52500.0,False
2026-04,Sulawesi Tengah,Cabai Rawit,90000.0,False
2026-05,Sulawesi Tengah,Cabai Rawit,45650.0,False
2026-06,Sulawesi Tengah,Cabai Rawit,73750.0,False
2026-07,Sulawesi Tengah,Cabai Rawit,72500.0,False
2020-02,Sulawesi Tenggara,Bawang Merah,46650.0,False
2020-03,Sulawesi Tenggara,Bawang Merah,48150.0,False
2020-04,Sulawesi Tenggara,Bawang Merah,43750.0,False
2020-05,Sulawesi Tenggara,Bawang Merah,46883.333333333336,True
2020-06,Sulawesi Tenggara,Bawang Merah,50016.66666666666,True
2020-07,Sulawesi Tenggara,Bawang Merah,53150.0,False
2020-08,Sulawesi Tenggara,Bawang Merah,41900.0,False
2020-09,Sulawesi Tenggara,Bawang Merah,39400.0,False
2020-10,Sulawesi Tenggara,Bawang Merah,37200.0,False
2020-11,Sulawesi Tenggara,Bawang Merah,36900.0,False
2020-12,Sulawesi Tenggara,Bawang Merah,40400.0,False
2021-01,Sulawesi Tenggara,Bawang Merah,39275.0,True
2021-02,Sulawesi Tenggara,Bawang Merah,38150.0,False
2021-03,Sulawesi Tenggara,Bawang Merah,35750.0,False
2021-04,Sulawesi Tenggara,Bawang Merah,36900.0,False
2021-05,Sulawesi Tenggara,Bawang Merah,37150.0,False
2021-06,Sulawesi Tenggara,Bawang Merah,35150.0,True
2021-07,Sulawesi Tenggara,Bawang Merah,33150.0,False
2021-08,Sulawesi Tenggara,Bawang Merah,38750.0,False
2021-09,Sulawesi Tenggara,Bawang Merah,37000.0,False
2021-10,Sulawesi Tenggara,Bawang Merah,33150.0,False
2021-11,Sulawesi Tenggara,Bawang Merah,33150.0,False
2021-12,Sulawesi Tenggara,Bawang Merah,31900.0,False
2022-01,Sulawesi Tenggara,Bawang Merah,32150.0,False
2022-02,Sulawesi Tenggara,Bawang Merah,35075.0,True
2022-03,Sulawesi Tenggara,Bawang Merah,38000.0,False
2022-04,Sulawesi Tenggara,Bawang Merah,39500.0,False
2022-05,Sulawesi Tenggara,Bawang Merah,49666.66666666666,True
2022-06,Sulawesi Tenggara,Bawang Merah,59833.33333333333,True
2022-07,Sulawesi Tenggara,Bawang Merah,70000.0,False
2022-08,Sulawesi Tenggara,Bawang Merah,72500.0,False
2022-09,Sulawesi Tenggara,Bawang Merah,48750.0,False
2022-10,Sulawesi Tenggara,Bawang Merah,37650.0,False
2022-11,Sulawesi Tenggara,Bawang Merah,37500.0,False
2022-12,Sulawesi Tenggara,Bawang Merah,44000.0,False
2023-01,Sulawesi Tenggara,Bawang Merah,44900.0,False
2023-02,Sulawesi Tenggara,Bawang Merah,42900.0,False
2023-03,Sulawesi Tenggara,Bawang Merah,41000.0,False
2023-04,Sulawesi Tenggara,Bawang Merah,40000.0,False
2023-05,Sulawesi Tenggara,Bawang Merah,41650.0,False
2023-06,Sulawesi Tenggara,Bawang Merah,46250.0,False
2023-07,Sulawesi Tenggara,Bawang Merah,40650.0,False
2023-08,Sulawesi Tenggara,Bawang Merah,36900.0,False
2023-09,Sulawesi Tenggara,Bawang Merah,33750.0,False
2023-10,Sulawesi Tenggara,Bawang Merah,31250.0,False
2023-11,Sulawesi Tenggara,Bawang Merah,28150.0,False
2023-12,Sulawesi Tenggara,Bawang Merah,32500.0,False
2024-01,Sulawesi Tenggara,Bawang Merah,40650.0,False
2024-02,Sulawesi Tenggara,Bawang Merah,47500.0,False
2024-03,Sulawesi Tenggara,Bawang Merah,41900.0,False
2024-04,Sulawesi Tenggara,Bawang Merah,43500.0,False
2024-05,Sulawesi Tenggara,Bawang Merah,58150.0,False
2024-06,Sulawesi Tenggara,Bawang Merah,50900.0,False
2024-07,Sulawesi Tenggara,Bawang Merah,43150.0,False
2024-08,Sulawesi Tenggara,Bawang Merah,35500.0,False
2024-09,Sulawesi Tenggara,Bawang Merah,32000.0,False
2024-10,Sulawesi Tenggara,Bawang Merah,31500.0,False
2024-11,Sulawesi Tenggara,Bawang Merah,35000.0,False
2024-12,Sulawesi Tenggara,Bawang Merah,43150.0,False
2025-01,Sulawesi Tenggara,Bawang Merah,45650.0,False
2025-02,Sulawesi Tenggara,Bawang Merah,42000.0,False
2025-03,Sulawesi Tenggara,Bawang Merah,44400.0,False
2025-04,Sulawesi Tenggara,Bawang Merah,49400.0,False
2025-05,Sulawesi Tenggara,Bawang Merah,46000.0,False
2025-06,Sulawesi Tenggara,Bawang Merah,42500.0,False
2025-07,Sulawesi Tenggara,Bawang Merah,52500.0,False
2025-08,Sulawesi Tenggara,Bawang Merah,52500.0,False
2025-09,Sulawesi Tenggara,Bawang Merah,56900.0,False
2025-10,Sulawesi Tenggara,Bawang Merah,47250.0,False
2025-11,Sulawesi Tenggara,Bawang Merah,44150.0,False
2025-12,Sulawesi Tenggara,Bawang Merah,48750.0,False
2026-01,Sulawesi Tenggara,Bawang Merah,58000.0,False
2026-02,Sulawesi Tenggara,Bawang Merah,46500.0,False
2026-03,Sulawesi Tenggara,Bawang Merah,44750.0,False
2026-04,Sulawesi Tenggara,Bawang Merah,50650.0,False
2026-05,Sulawesi Tenggara,Bawang Merah,51900.0,True
2026-06,Sulawesi Tenggara,Bawang Merah,53150.0,False
2026-07,Sulawesi Tenggara,Bawang Merah,58750.0,False
2020-02,Sulawesi Tenggara,Beras,10300.0,False
2020-03,Sulawesi Tenggara,Beras,10350.0,False
2020-04,Sulawesi Tenggara,Beras,11200.0,False
2020-05,Sulawesi Tenggara,Beras,10983.333333333334,True
2020-06,Sulawesi Tenggara,Beras,10766.666666666666,True
2020-07,Sulawesi Tenggara,Beras,10550.0,False
2020-08,Sulawesi Tenggara,Beras,10600.0,False
2020-09,Sulawesi Tenggara,Beras,10550.0,False
2020-10,Sulawesi Tenggara,Beras,10400.0,False
2020-11,Sulawesi Tenggara,Beras,10400.0,False
2020-12,Sulawesi Tenggara,Beras,10400.0,False
2021-01,Sulawesi Tenggara,Beras,10400.0,True
2021-02,Sulawesi Tenggara,Beras,10400.0,False
2021-03,Sulawesi Tenggara,Beras,10400.0,False
2021-04,Sulawesi Tenggara,Beras,10750.0,False
2021-05,Sulawesi Tenggara,Beras,10900.0,False
2021-06,Sulawesi Tenggara,Beras,10825.0,True
2021-07,Sulawesi Tenggara,Beras,10750.0,False
2021-08,Sulawesi Tenggara,Beras,10700.0,False
2021-09,Sulawesi Tenggara,Beras,10700.0,False
2021-10,Sulawesi Tenggara,Beras,10750.0,False
2021-11,Sulawesi Tenggara,Beras,10750.0,False
2021-12,Sulawesi Tenggara,Beras,10750.0,False
2022-01,Sulawesi Tenggara,Beras,10750.0,False
2022-02,Sulawesi Tenggara,Beras,10750.0,True
2022-03,Sulawesi Tenggara,Beras,10750.0,False
2022-04,Sulawesi Tenggara,Beras,10750.0,False
2022-05,Sulawesi Tenggara,Beras,10750.0,True
2022-06,Sulawesi Tenggara,Beras,10750.0,True
2022-07,Sulawesi Tenggara,Beras,10750.0,False
2022-08,Sulawesi Tenggara,Beras,10750.0,False
2022-09,Sulawesi Tenggara,Beras,10750.0,False
2022-10,Sulawesi Tenggara,Beras,10800.0,False
2022-11,Sulawesi Tenggara,Beras,10850.0,False
2022-12,Sulawesi Tenggara,Beras,10950.0,False
2023-01,Sulawesi Tenggara,Beras,11350.0,False
2023-02,Sulawesi Tenggara,Beras,11450.0,False
2023-03,Sulawesi Tenggara,Beras,11750.0,False
2023-04,Sulawesi Tenggara,Beras,12850.0,False
2023-05,Sulawesi Tenggara,Beras,12750.0,False
2023-06,Sulawesi Tenggara,Beras,12950.0,False
2023-07,Sulawesi Tenggara,Beras,12950.0,False
2023-08,Sulawesi Tenggara,Beras,12750.0,False
2023-09,Sulawesi Tenggara,Beras,12850.0,False
2023-10,Sulawesi Tenggara,Beras,13550.0,False
2023-11,Sulawesi Tenggara,Beras,13950.0,False
2023-12,Sulawesi Tenggara,Beras,13900.0,False
2024-01,Sulawesi Tenggara,Beras,14000.0,False
2024-02,Sulawesi Tenggara,Beras,14050.0,False
2024-03,Sulawesi Tenggara,Beras,16100.0,False
2024-04,Sulawesi Tenggara,Beras,16000.0,False
2024-05,Sulawesi Tenggara,Beras,15300.0,False
2024-06,Sulawesi Tenggara,Beras,15250.0,False
2024-07,Sulawesi Tenggara,Beras,15200.0,False
2024-08,Sulawesi Tenggara,Beras,15300.0,False
2024-09,Sulawesi Tenggara,Beras,14800.0,False
2024-10,Sulawesi Tenggara,Beras,14800.0,False
2024-11,Sulawesi Tenggara,Beras,14800.0,False
2024-12,Sulawesi Tenggara,Beras,14700.0,False
2025-01,Sulawesi Tenggara,Beras,14700.0,False
2025-02,Sulawesi Tenggara,Beras,14800.0,False
2025-03,Sulawesi Tenggara,Beras,14900.0,False
2025-04,Sulawesi Tenggara,Beras,15150.0,False
2025-05,Sulawesi Tenggara,Beras,15200.0,False
2025-06,Sulawesi Tenggara,Beras,15650.0,False
2025-07,Sulawesi Tenggara,Beras,16050.0,False
2025-08,Sulawesi Tenggara,Beras,16600.0,False
2025-09,Sulawesi Tenggara,Beras,16400.0,False
2025-10,Sulawesi Tenggara,Beras,16400.0,False
2025-11,Sulawesi Tenggara,Beras,15900.0,False
2025-12,Sulawesi Tenggara,Beras,15800.0,False
2026-01,Sulawesi Tenggara,Beras,15800.0,False
2026-02,Sulawesi Tenggara,Beras,15800.0,False
2026-03,Sulawesi Tenggara,Beras,15700.0,False
2026-04,Sulawesi Tenggara,Beras,15800.0,False
2026-05,Sulawesi Tenggara,Beras,15850.0,True
2026-06,Sulawesi Tenggara,Beras,15900.0,False
2026-07,Sulawesi Tenggara,Beras,15900.0,False
2020-02,Sulawesi Tenggara,Cabai Besar,41900.0,False
2020-03,Sulawesi Tenggara,Cabai Besar,35650.0,False
2020-04,Sulawesi Tenggara,Cabai Besar,33750.0,False
2020-05,Sulawesi Tenggara,Cabai Besar,29883.33333333333,True
2020-06,Sulawesi Tenggara,Cabai Besar,26016.666666666668,True
2020-07,Sulawesi Tenggara,Cabai Besar,22150.0,False
2020-08,Sulawesi Tenggara,Cabai Besar,47500.0,False
2020-09,Sulawesi Tenggara,Cabai Besar,33150.0,False
2020-10,Sulawesi Tenggara,Cabai Besar,50650.0,False
2020-11,Sulawesi Tenggara,Cabai Besar,43150.0,False
2020-12,Sulawesi Tenggara,Cabai Besar,29700.0,False
2021-01,Sulawesi Tenggara,Cabai Besar,32850.0,True
2021-02,Sulawesi Tenggara,Cabai Besar,36000.0,False
2021-03,Sulawesi Tenggara,Cabai Besar,33250.0,False
2021-04,Sulawesi Tenggara,Cabai Besar,35650.0,False
2021-05,Sulawesi Tenggara,Cabai Besar,33250.0,False
2021-06,Sulawesi Tenggara,Cabai Besar,36625.0,True
2021-07,Sulawesi Tenggara,Cabai Besar,40000.0,False
2021-08,Sulawesi Tenggara,Cabai Besar,33750.0,False
2021-09,Sulawesi Tenggara,Cabai Besar,22250.0,False
2021-10,Sulawesi Tenggara,Cabai Besar,25900.0,False
2021-11,Sulawesi Tenggara,Cabai Besar,27500.0,False
2021-12,Sulawesi Tenggara,Cabai Besar,39400.0,False
2022-01,Sulawesi Tenggara,Cabai Besar,52500.0,False
2022-02,Sulawesi Tenggara,Cabai Besar,48950.0,True
2022-03,Sulawesi Tenggara,Cabai Besar,45400.0,False
2022-04,Sulawesi Tenggara,Cabai Besar,66900.0,False
2022-05,Sulawesi Tenggara,Cabai Besar,64150.0,True
2022-06,Sulawesi Tenggara,Cabai Besar,61400.0,True
2022-07,Sulawesi Tenggara,Cabai Besar,58650.0,False
2022-08,Sulawesi Tenggara,Cabai Besar,62500.0,False
2022-09,Sulawesi Tenggara,Cabai Besar,44400.0,False
2022-10,Sulawesi Tenggara,Cabai Besar,42500.0,False
2022-11,Sulawesi Tenggara,Cabai Besar,27900.0,False
2022-12,Sulawesi Tenggara,Cabai Besar,28150.0,False
2023-01,Sulawesi Tenggara,Cabai Besar,28500.0,False
2023-02,Sulawesi Tenggara,Cabai Besar,28500.0,False
2023-03,Sulawesi Tenggara,Cabai Besar,48750.0,False
2023-04,Sulawesi Tenggara,Cabai Besar,38150.0,False
2023-05,Sulawesi Tenggara,Cabai Besar,50650.0,False
2023-06,Sulawesi Tenggara,Cabai Besar,59400.0,False
2023-07,Sulawesi Tenggara,Cabai Besar,59400.0,False
2023-08,Sulawesi Tenggara,Cabai Besar,33150.0,False
2023-09,Sulawesi Tenggara,Cabai Besar,39400.0,False
2023-10,Sulawesi Tenggara,Cabai Besar,28750.0,False
2023-11,Sulawesi Tenggara,Cabai Besar,31900.0,False
2023-12,Sulawesi Tenggara,Cabai Besar,60000.0,False
2024-01,Sulawesi Tenggara,Cabai Besar,68150.0,False
2024-02,Sulawesi Tenggara,Cabai Besar,50650.0,False
2024-03,Sulawesi Tenggara,Cabai Besar,76900.0,False
2024-04,Sulawesi Tenggara,Cabai Besar,51250.0,False
2024-05,Sulawesi Tenggara,Cabai Besar,48150.0,False
2024-06,Sulawesi Tenggara,Cabai Besar,53500.0,False
2024-07,Sulawesi Tenggara,Cabai Besar,63150.0,False
2024-08,Sulawesi Tenggara,Cabai Besar,40650.0,False
2024-09,Sulawesi Tenggara,Cabai Besar,42250.0,False
2024-10,Sulawesi Tenggara,Cabai Besar,30650.0,False
2024-11,Sulawesi Tenggara,Cabai Besar,27900.0,False
2024-12,Sulawesi Tenggara,Cabai Besar,25400.0,False
2025-01,Sulawesi Tenggara,Cabai Besar,65000.0,False
2025-02,Sulawesi Tenggara,Cabai Besar,45000.0,False
2025-03,Sulawesi Tenggara,Cabai Besar,71250.0,False
2025-04,Sulawesi Tenggara,Cabai Besar,85000.0,False
2025-05,Sulawesi Tenggara,Cabai Besar,64400.0,False
2025-06,Sulawesi Tenggara,Cabai Besar,64400.0,False
2025-07,Sulawesi Tenggara,Cabai Besar,43750.0,False
2025-08,Sulawesi Tenggara,Cabai Besar,51900.0,False
2025-09,Sulawesi Tenggara,Cabai Besar,45000.0,False
2025-10,Sulawesi Tenggara,Cabai Besar,44400.0,False
2025-11,Sulawesi Tenggara,Cabai Besar,36900.0,False
2025-12,Sulawesi Tenggara,Cabai Besar,51900.0,False
2026-01,Sulawesi Tenggara,Cabai Besar,43750.0,False
2026-02,Sulawesi Tenggara,Cabai Besar,34250.0,False
2026-03,Sulawesi Tenggara,Cabai Besar,37000.0,False
2026-04,Sulawesi Tenggara,Cabai Besar,44150.0,False
2026-05,Sulawesi Tenggara,Cabai Besar,81450.0,True
2026-06,Sulawesi Tenggara,Cabai Besar,118750.0,False
2026-07,Sulawesi Tenggara,Cabai Besar,68750.0,False
2020-02,Sulawesi Tenggara,Cabai Rawit,83750.0,False
2020-03,Sulawesi Tenggara,Cabai Rawit,50000.0,False
2020-04,Sulawesi Tenggara,Cabai Rawit,50000.0,False
2020-05,Sulawesi Tenggara,Cabai Rawit,44583.333333333336,True
2020-06,Sulawesi Tenggara,Cabai Rawit,39166.66666666666,True
2020-07,Sulawesi Tenggara,Cabai Rawit,33750.0,False
2020-08,Sulawesi Tenggara,Cabai Rawit,41250.0,False
2020-09,Sulawesi Tenggara,Cabai Rawit,30500.0,False
2020-10,Sulawesi Tenggara,Cabai Rawit,27900.0,False
2020-11,Sulawesi Tenggara,Cabai Rawit,37500.0,False
2020-12,Sulawesi Tenggara,Cabai Rawit,28750.0,False
2021-01,Sulawesi Tenggara,Cabai Rawit,35325.0,True
2021-02,Sulawesi Tenggara,Cabai Rawit,41900.0,False
2021-03,Sulawesi Tenggara,Cabai Rawit,57500.0,False
2021-04,Sulawesi Tenggara,Cabai Rawit,69400.0,False
2021-05,Sulawesi Tenggara,Cabai Rawit,58150.0,False
2021-06,Sulawesi Tenggara,Cabai Rawit,69400.0,True
2021-07,Sulawesi Tenggara,Cabai Rawit,80650.0,False
2021-08,Sulawesi Tenggara,Cabai Rawit,60000.0,False
2021-09,Sulawesi Tenggara,Cabai Rawit,53150.0,False
2021-10,Sulawesi Tenggara,Cabai Rawit,49400.0,False
2021-11,Sulawesi Tenggara,Cabai Rawit,53150.0,False
2021-12,Sulawesi Tenggara,Cabai Rawit,64400.0,False
2022-01,Sulawesi Tenggara,Cabai Rawit,92500.0,False
2022-02,Sulawesi Tenggara,Cabai Rawit,77500.0,True
2022-03,Sulawesi Tenggara,Cabai Rawit,62500.0,False
2022-04,Sulawesi Tenggara,Cabai Rawit,63750.0,False
2022-05,Sulawesi Tenggara,Cabai Rawit,66883.33333333333,True
2022-06,Sulawesi Tenggara,Cabai Rawit,70016.66666666667,True
2022-07,Sulawesi Tenggara,Cabai Rawit,73150.0,False
2022-08,Sulawesi Tenggara,Cabai Rawit,71900.0,False
2022-09,Sulawesi Tenggara,Cabai Rawit,59400.0,False
2022-10,Sulawesi Tenggara,Cabai Rawit,55000.0,False
2022-11,Sulawesi Tenggara,Cabai Rawit,53150.0,False
2022-12,Sulawesi Tenggara,Cabai Rawit,43150.0,False
2023-01,Sulawesi Tenggara,Cabai Rawit,54400.0,False
2023-02,Sulawesi Tenggara,Cabai Rawit,35900.0,False
2023-03,Sulawesi Tenggara,Cabai Rawit,40000.0,False
2023-04,Sulawesi Tenggara,Cabai Rawit,37500.0,False
2023-05,Sulawesi Tenggara,Cabai Rawit,28150.0,False
2023-06,Sulawesi Tenggara,Cabai Rawit,31250.0,False
2023-07,Sulawesi Tenggara,Cabai Rawit,39650.0,False
2023-08,Sulawesi Tenggara,Cabai Rawit,60000.0,False
2023-09,Sulawesi Tenggara,Cabai Rawit,42500.0,False
2023-10,Sulawesi Tenggara,Cabai Rawit,53150.0,False
2023-11,Sulawesi Tenggara,Cabai Rawit,82000.0,False
2023-12,Sulawesi Tenggara,Cabai Rawit,126250.0,False
2024-01,Sulawesi Tenggara,Cabai Rawit,138150.0,False
2024-02,Sulawesi Tenggara,Cabai Rawit,73750.0,False
2024-03,Sulawesi Tenggara,Cabai Rawit,78150.0,False
2024-04,Sulawesi Tenggara,Cabai Rawit,61250.0,False
2024-05,Sulawesi Tenggara,Cabai Rawit,58750.0,False
2024-06,Sulawesi Tenggara,Cabai Rawit,67500.0,False
2024-07,Sulawesi Tenggara,Cabai Rawit,62500.0,False
2024-08,Sulawesi Tenggara,Cabai Rawit,63750.0,False
2024-09,Sulawesi Tenggara,Cabai Rawit,61250.0,False
2024-10,Sulawesi Tenggara,Cabai Rawit,45000.0,False
2024-11,Sulawesi Tenggara,Cabai Rawit,53750.0,False
2024-12,Sulawesi Tenggara,Cabai Rawit,43750.0,False
2025-01,Sulawesi Tenggara,Cabai Rawit,60650.0,False
2025-02,Sulawesi Tenggara,Cabai Rawit,44750.0,False
2025-03,Sulawesi Tenggara,Cabai Rawit,111000.0,False
2025-04,Sulawesi Tenggara,Cabai Rawit,83750.0,False
2025-05,Sulawesi Tenggara,Cabai Rawit,83150.0,False
2025-06,Sulawesi Tenggara,Cabai Rawit,71900.0,False
2025-07,Sulawesi Tenggara,Cabai Rawit,88150.0,False
2025-08,Sulawesi Tenggara,Cabai Rawit,98750.0,False
2025-09,Sulawesi Tenggara,Cabai Rawit,63000.0,False
2025-10,Sulawesi Tenggara,Cabai Rawit,53750.0,False
2025-11,Sulawesi Tenggara,Cabai Rawit,49400.0,False
2025-12,Sulawesi Tenggara,Cabai Rawit,58150.0,False
2026-01,Sulawesi Tenggara,Cabai Rawit,58750.0,False
2026-02,Sulawesi Tenggara,Cabai Rawit,42000.0,False
2026-03,Sulawesi Tenggara,Cabai Rawit,50150.0,False
2026-04,Sulawesi Tenggara,Cabai Rawit,63150.0,False
2026-05,Sulawesi Tenggara,Cabai Rawit,63450.0,True
2026-06,Sulawesi Tenggara,Cabai Rawit,63750.0,False
2026-07,Sulawesi Tenggara,Cabai Rawit,65000.0,False
2020-02,Sulawesi Utara,Bawang Merah,56500.0,False
2020-03,Sulawesi Utara,Bawang Merah,45000.0,False
2020-04,Sulawesi Utara,Bawang Merah,46500.0,False
2020-05,Sulawesi Utara,Bawang Merah,46166.66666666666,True
2020-06,Sulawesi Utara,Bawang Merah,45833.333333333336,True
2020-07,Sulawesi Utara,Bawang Merah,45500.0,False
2020-08,Sulawesi Utara,Bawang Merah,34750.0,False
2020-09,Sulawesi Utara,Bawang Merah,34000.0,False
2020-10,Sulawesi Utara,Bawang Merah,30500.0,False
2020-11,Sulawesi Utara,Bawang Merah,39000.0,False
2020-12,Sulawesi Utara,Bawang Merah,42000.0,False
2021-01,Sulawesi Utara,Bawang Merah,36500.0,True
2021-02,Sulawesi Utara,Bawang Merah,31000.0,False
2021-03,Sulawesi Utara,Bawang Merah,36750.0,False
2021-04,Sulawesi Utara,Bawang Merah,35500.0,False
2021-05,Sulawesi Utara,Bawang Merah,33750.0,False
2021-06,Sulawesi Utara,Bawang Merah,33875.0,True
2021-07,Sulawesi Utara,Bawang Merah,34000.0,False
2021-08,Sulawesi Utara,Bawang Merah,40400.0,False
2021-09,Sulawesi Utara,Bawang Merah,35500.0,False
2021-10,Sulawesi Utara,Bawang Merah,32900.0,False
2021-11,Sulawesi Utara,Bawang Merah,30250.0,False
2021-12,Sulawesi Utara,Bawang Merah,28400.0,False
2022-01,Sulawesi Utara,Bawang Merah,33400.0,False
2022-02,Sulawesi Utara,Bawang Merah,36450.0,True
2022-03,Sulawesi Utara,Bawang Merah,39500.0,False
2022-04,Sulawesi Utara,Bawang Merah,36750.0,False
2022-05,Sulawesi Utara,Bawang Merah,49883.333333333336,True
2022-06,Sulawesi Utara,Bawang Merah,63016.66666666667,True
2022-07,Sulawesi Utara,Bawang Merah,76150.0,False
2022-08,Sulawesi Utara,Bawang Merah,65900.0,False
2022-09,Sulawesi Utara,Bawang Merah,42250.0,False
2022-10,Sulawesi Utara,Bawang Merah,34400.0,False
2022-11,Sulawesi Utara,Bawang Merah,38750.0,False
2022-12,Sulawesi Utara,Bawang Merah,43150.0,False
2023-01,Sulawesi Utara,Bawang Merah,42650.0,False
2023-02,Sulawesi Utara,Bawang Merah,41000.0,False
2023-03,Sulawesi Utara,Bawang Merah,39650.0,False
2023-04,Sulawesi Utara,Bawang Merah,39150.0,False
2023-05,Sulawesi Utara,Bawang Merah,46400.0,False
2023-06,Sulawesi Utara,Bawang Merah,42750.0,False
2023-07,Sulawesi Utara,Bawang Merah,47400.0,False
2023-08,Sulawesi Utara,Bawang Merah,40650.0,False
2023-09,Sulawesi Utara,Bawang Merah,30500.0,False
2023-10,Sulawesi Utara,Bawang Merah,30250.0,False
2023-11,Sulawesi Utara,Bawang Merah,31500.0,False
2023-12,Sulawesi Utara,Bawang Merah,33000.0,False
2024-01,Sulawesi Utara,Bawang Merah,46150.0,False
2024-02,Sulawesi Utara,Bawang Merah,46500.0,False
2024-03,Sulawesi Utara,Bawang Merah,40750.0,False
2024-04,Sulawesi Utara,Bawang Merah,39150.0,False
2024-05,Sulawesi Utara,Bawang Merah,58400.0,False
2024-06,Sulawesi Utara,Bawang Merah,53150.0,False
2024-07,Sulawesi Utara,Bawang Merah,45650.0,False
2024-08,Sulawesi Utara,Bawang Merah,29150.0,False
2024-09,Sulawesi Utara,Bawang Merah,30150.0,False
2024-10,Sulawesi Utara,Bawang Merah,35500.0,False
2024-11,Sulawesi Utara,Bawang Merah,38900.0,False
2024-12,Sulawesi Utara,Bawang Merah,46500.0,False
2025-01,Sulawesi Utara,Bawang Merah,46900.0,False
2025-02,Sulawesi Utara,Bawang Merah,40150.0,False
2025-03,Sulawesi Utara,Bawang Merah,45650.0,False
2025-04,Sulawesi Utara,Bawang Merah,49500.0,False
2025-05,Sulawesi Utara,Bawang Merah,46650.0,False
2025-06,Sulawesi Utara,Bawang Merah,49150.0,False
2025-07,Sulawesi Utara,Bawang Merah,54500.0,False
2025-08,Sulawesi Utara,Bawang Merah,68000.0,False
2025-09,Sulawesi Utara,Bawang Merah,58000.0,False
2025-10,Sulawesi Utara,Bawang Merah,45150.0,False
2025-11,Sulawesi Utara,Bawang Merah,45650.0,False
2025-12,Sulawesi Utara,Bawang Merah,50000.0,False
2026-01,Sulawesi Utara,Bawang Merah,61900.0,False
2026-02,Sulawesi Utara,Bawang Merah,45000.0,False
2026-03,Sulawesi Utara,Bawang Merah,46000.0,False
2026-04,Sulawesi Utara,Bawang Merah,53250.0,False
2026-05,Sulawesi Utara,Bawang Merah,46650.0,False
2026-06,Sulawesi Utara,Bawang Merah,51400.0,False
2026-07,Sulawesi Utara,Bawang Merah,54750.0,False
2020-02,Sulawesi Utara,Beras,11250.0,False
2020-03,Sulawesi Utara,Beras,11250.0,False
2020-04,Sulawesi Utara,Beras,11900.0,False
2020-05,Sulawesi Utara,Beras,11850.0,True
2020-06,Sulawesi Utara,Beras,11800.0,True
2020-07,Sulawesi Utara,Beras,11750.0,False
2020-08,Sulawesi Utara,Beras,11750.0,False
2020-09,Sulawesi Utara,Beras,11750.0,False
2020-10,Sulawesi Utara,Beras,11750.0,False
2020-11,Sulawesi Utara,Beras,11750.0,False
2020-12,Sulawesi Utara,Beras,11750.0,False
2021-01,Sulawesi Utara,Beras,11750.0,True
2021-02,Sulawesi Utara,Beras,11750.0,False
2021-03,Sulawesi Utara,Beras,11750.0,False
2021-04,Sulawesi Utara,Beras,11650.0,False
2021-05,Sulawesi Utara,Beras,11750.0,False
2021-06,Sulawesi Utara,Beras,11625.0,True
2021-07,Sulawesi Utara,Beras,11500.0,False
2021-08,Sulawesi Utara,Beras,11650.0,False
2021-09,Sulawesi Utara,Beras,11450.0,False
2021-10,Sulawesi Utara,Beras,11500.0,False
2021-11,Sulawesi Utara,Beras,11450.0,False
2021-12,Sulawesi Utara,Beras,11350.0,False
2022-01,Sulawesi Utara,Beras,11350.0,False
2022-02,Sulawesi Utara,Beras,11350.0,True
2022-03,Sulawesi Utara,Beras,11350.0,False
2022-04,Sulawesi Utara,Beras,11450.0,False
2022-05,Sulawesi Utara,Beras,11450.0,True
2022-06,Sulawesi Utara,Beras,11450.0,True
2022-07,Sulawesi Utara,Beras,11450.0,False
2022-08,Sulawesi Utara,Beras,11600.0,False
2022-09,Sulawesi Utara,Beras,11600.0,False
2022-10,Sulawesi Utara,Beras,11500.0,False
2022-11,Sulawesi Utara,Beras,11500.0,False
2022-12,Sulawesi Utara,Beras,11500.0,False
2023-01,Sulawesi Utara,Beras,11850.0,False
2023-02,Sulawesi Utara,Beras,11850.0,False
2023-03,Sulawesi Utara,Beras,12200.0,False
2023-04,Sulawesi Utara,Beras,12650.0,False
2023-05,Sulawesi Utara,Beras,13000.0,False
2023-06,Sulawesi Utara,Beras,12750.0,False
2023-07,Sulawesi Utara,Beras,12700.0,False
2023-08,Sulawesi Utara,Beras,12600.0,False
2023-09,Sulawesi Utara,Beras,12650.0,False
2023-10,Sulawesi Utara,Beras,13150.0,False
2023-11,Sulawesi Utara,Beras,13400.0,False
2023-12,Sulawesi Utara,Beras,13350.0,False
2024-01,Sulawesi Utara,Beras,13300.0,False
2024-02,Sulawesi Utara,Beras,13400.0,False
2024-03,Sulawesi Utara,Beras,15600.0,False
2024-04,Sulawesi Utara,Beras,16150.0,False
2024-05,Sulawesi Utara,Beras,14650.0,False
2024-06,Sulawesi Utara,Beras,14350.0,False
2024-07,Sulawesi Utara,Beras,14400.0,False
2024-08,Sulawesi Utara,Beras,14500.0,False
2024-09,Sulawesi Utara,Beras,14500.0,False
2024-10,Sulawesi Utara,Beras,14600.0,False
2024-11,Sulawesi Utara,Beras,14250.0,False
2024-12,Sulawesi Utara,Beras,14100.0,False
2025-01,Sulawesi Utara,Beras,13950.0,False
2025-02,Sulawesi Utara,Beras,13950.0,False
2025-03,Sulawesi Utara,Beras,14150.0,False
2025-04,Sulawesi Utara,Beras,14150.0,False
2025-05,Sulawesi Utara,Beras,14250.0,False
2025-06,Sulawesi Utara,Beras,14850.0,False
2025-07,Sulawesi Utara,Beras,15750.0,False
2025-08,Sulawesi Utara,Beras,16250.0,False
2025-09,Sulawesi Utara,Beras,16200.0,False
2025-10,Sulawesi Utara,Beras,16350.0,False
2025-11,Sulawesi Utara,Beras,15950.0,False
2025-12,Sulawesi Utara,Beras,14900.0,False
2026-01,Sulawesi Utara,Beras,15000.0,False
2026-02,Sulawesi Utara,Beras,15000.0,False
2026-03,Sulawesi Utara,Beras,15000.0,False
2026-04,Sulawesi Utara,Beras,14750.0,False
2026-05,Sulawesi Utara,Beras,14700.0,False
2026-06,Sulawesi Utara,Beras,14850.0,False
2026-07,Sulawesi Utara,Beras,16250.0,False
2020-02,Sulawesi Utara,Cabai Besar,,False
2020-03,Sulawesi Utara,Cabai Besar,,False
2020-04,Sulawesi Utara,Cabai Besar,,False
2020-05,Sulawesi Utara,Cabai Besar,,False
2020-06,Sulawesi Utara,Cabai Besar,,False
2020-07,Sulawesi Utara,Cabai Besar,,False
2020-08,Sulawesi Utara,Cabai Besar,,False
2020-09,Sulawesi Utara,Cabai Besar,,False
2020-10,Sulawesi Utara,Cabai Besar,,False
2020-11,Sulawesi Utara,Cabai Besar,,False
2020-12,Sulawesi Utara,Cabai Besar,,False
2021-01,Sulawesi Utara,Cabai Besar,,False
2021-02,Sulawesi Utara,Cabai Besar,,False
2021-03,Sulawesi Utara,Cabai Besar,,False
2021-04,Sulawesi Utara,Cabai Besar,,False
2021-05,Sulawesi Utara,Cabai Besar,,False
2021-06,Sulawesi Utara,Cabai Besar,,False
2021-07,Sulawesi Utara,Cabai Besar,,False
2021-08,Sulawesi Utara,Cabai Besar,,False
2021-09,Sulawesi Utara,Cabai Besar,,False
2021-10,Sulawesi Utara,Cabai Besar,,False
2021-11,Sulawesi Utara,Cabai Besar,,False
2021-12,Sulawesi Utara,Cabai Besar,,False
2022-01,Sulawesi Utara,Cabai Besar,,False
2022-02,Sulawesi Utara,Cabai Besar,,False
2022-03,Sulawesi Utara,Cabai Besar,,False
2022-04,Sulawesi Utara,Cabai Besar,,False
2022-05,Sulawesi Utara,Cabai Besar,,False
2022-06,Sulawesi Utara,Cabai Besar,,False
2022-07,Sulawesi Utara,Cabai Besar,,False
2022-08,Sulawesi Utara,Cabai Besar,,False
2022-09,Sulawesi Utara,Cabai Besar,,False
2022-10,Sulawesi Utara,Cabai Besar,,False
2022-11,Sulawesi Utara,Cabai Besar,,False
2022-12,Sulawesi Utara,Cabai Besar,,False
2023-01,Sulawesi Utara,Cabai Besar,,False
2023-02,Sulawesi Utara,Cabai Besar,,False
2023-03,Sulawesi Utara,Cabai Besar,,False
2023-04,Sulawesi Utara,Cabai Besar,,False
2023-05,Sulawesi Utara,Cabai Besar,,False
2023-06,Sulawesi Utara,Cabai Besar,,False
2023-07,Sulawesi Utara,Cabai Besar,,False
2023-08,Sulawesi Utara,Cabai Besar,,False
2023-09,Sulawesi Utara,Cabai Besar,,False
2023-10,Sulawesi Utara,Cabai Besar,,False
2023-11,Sulawesi Utara,Cabai Besar,,False
2023-12,Sulawesi Utara,Cabai Besar,,False
2024-01,Sulawesi Utara,Cabai Besar,,False
2024-02,Sulawesi Utara,Cabai Besar,,False
2024-03,Sulawesi Utara,Cabai Besar,,False
2024-04,Sulawesi Utara,Cabai Besar,,False
2024-05,Sulawesi Utara,Cabai Besar,,False
2024-06,Sulawesi Utara,Cabai Besar,,False
2024-07,Sulawesi Utara,Cabai Besar,,False
2024-08,Sulawesi Utara,Cabai Besar,,False
2024-09,Sulawesi Utara,Cabai Besar,,False
2024-10,Sulawesi Utara,Cabai Besar,,False
2024-11,Sulawesi Utara,Cabai Besar,,False
2024-12,Sulawesi Utara,Cabai Besar,,False
2025-01,Sulawesi Utara,Cabai Besar,,False
2025-02,Sulawesi Utara,Cabai Besar,,False
2025-03,Sulawesi Utara,Cabai Besar,,False
2025-04,Sulawesi Utara,Cabai Besar,,False
2025-05,Sulawesi Utara,Cabai Besar,,False
2025-06,Sulawesi Utara,Cabai Besar,,False
2025-07,Sulawesi Utara,Cabai Besar,,False
2025-08,Sulawesi Utara,Cabai Besar,,False
2025-09,Sulawesi Utara,Cabai Besar,,False
2025-10,Sulawesi Utara,Cabai Besar,,False
2025-11,Sulawesi Utara,Cabai Besar,,False
2025-12,Sulawesi Utara,Cabai Besar,,False
2026-01,Sulawesi Utara,Cabai Besar,,False
2026-02,Sulawesi Utara,Cabai Besar,,False
2026-03,Sulawesi Utara,Cabai Besar,,False
2026-04,Sulawesi Utara,Cabai Besar,,False
2026-05,Sulawesi Utara,Cabai Besar,,False
2026-06,Sulawesi Utara,Cabai Besar,,False
2026-07,Sulawesi Utara,Cabai Besar,,False
2020-02,Sulawesi Utara,Cabai Rawit,70500.0,False
2020-03,Sulawesi Utara,Cabai Rawit,29500.0,False
2020-04,Sulawesi Utara,Cabai Rawit,62250.0,False
2020-05,Sulawesi Utara,Cabai Rawit,51000.0,True
2020-06,Sulawesi Utara,Cabai Rawit,39750.0,True
2020-07,Sulawesi Utara,Cabai Rawit,28500.0,False
2020-08,Sulawesi Utara,Cabai Rawit,41000.0,False
2020-09,Sulawesi Utara,Cabai Rawit,37000.0,False
2020-10,Sulawesi Utara,Cabai Rawit,35750.0,False
2020-11,Sulawesi Utara,Cabai Rawit,56500.0,False
2020-12,Sulawesi Utara,Cabai Rawit,34000.0,False
2021-01,Sulawesi Utara,Cabai Rawit,48500.0,True
2021-02,Sulawesi Utara,Cabai Rawit,63000.0,False
2021-03,Sulawesi Utara,Cabai Rawit,83500.0,False
2021-04,Sulawesi Utara,Cabai Rawit,88000.0,False
2021-05,Sulawesi Utara,Cabai Rawit,66500.0,False
2021-06,Sulawesi Utara,Cabai Rawit,74500.0,True
2021-07,Sulawesi Utara,Cabai Rawit,82500.0,False
2021-08,Sulawesi Utara,Cabai Rawit,69500.0,False
2021-09,Sulawesi Utara,Cabai Rawit,35650.0,False
2021-10,Sulawesi Utara,Cabai Rawit,47750.0,False
2021-11,Sulawesi Utara,Cabai Rawit,28000.0,False
2021-12,Sulawesi Utara,Cabai Rawit,46150.0,False
2022-01,Sulawesi Utara,Cabai Rawit,78150.0,False
2022-02,Sulawesi Utara,Cabai Rawit,70275.0,True
2022-03,Sulawesi Utara,Cabai Rawit,62400.0,False
2022-04,Sulawesi Utara,Cabai Rawit,58150.0,False
2022-05,Sulawesi Utara,Cabai Rawit,65850.0,True
2022-06,Sulawesi Utara,Cabai Rawit,73550.0,True
2022-07,Sulawesi Utara,Cabai Rawit,81250.0,False
2022-08,Sulawesi Utara,Cabai Rawit,54900.0,False
2022-09,Sulawesi Utara,Cabai Rawit,62150.0,False
2022-10,Sulawesi Utara,Cabai Rawit,66900.0,False
2022-11,Sulawesi Utara,Cabai Rawit,40500.0,False
2022-12,Sulawesi Utara,Cabai Rawit,40250.0,False
2023-01,Sulawesi Utara,Cabai Rawit,54650.0,False
2023-02,Sulawesi Utara,Cabai Rawit,32400.0,False
2023-03,Sulawesi Utara,Cabai Rawit,66500.0,False
2023-04,Sulawesi Utara,Cabai Rawit,35250.0,False
2023-05,Sulawesi Utara,Cabai Rawit,27250.0,False
2023-06,Sulawesi Utara,Cabai Rawit,26750.0,False
2023-07,Sulawesi Utara,Cabai Rawit,62400.0,False
2023-08,Sulawesi Utara,Cabai Rawit,36750.0,False
2023-09,Sulawesi Utara,Cabai Rawit,29650.0,False
2023-10,Sulawesi Utara,Cabai Rawit,46650.0,False
2023-11,Sulawesi Utara,Cabai Rawit,82500.0,False
2023-12,Sulawesi Utara,Cabai Rawit,106900.0,False
2024-01,Sulawesi Utara,Cabai Rawit,136250.0,False
2024-02,Sulawesi Utara,Cabai Rawit,23500.0,False
2024-03,Sulawesi Utara,Cabai Rawit,44900.0,False
2024-04,Sulawesi Utara,Cabai Rawit,49250.0,False
2024-05,Sulawesi Utara,Cabai Rawit,64200.0,False
2024-06,Sulawesi Utara,Cabai Rawit,69600.0,False
2024-07,Sulawesi Utara,Cabai Rawit,52500.0,False
2024-08,Sulawesi Utara,Cabai Rawit,59500.0,False
2024-09,Sulawesi Utara,Cabai Rawit,54500.0,False
2024-10,Sulawesi Utara,Cabai Rawit,68900.0,False
2024-11,Sulawesi Utara,Cabai Rawit,43000.0,False
2024-12,Sulawesi Utara,Cabai Rawit,63150.0,False
2025-01,Sulawesi Utara,Cabai Rawit,56400.0,False
2025-02,Sulawesi Utara,Cabai Rawit,41150.0,False
2025-03,Sulawesi Utara,Cabai Rawit,120000.0,False
2025-04,Sulawesi Utara,Cabai Rawit,85650.0,False
2025-05,Sulawesi Utara,Cabai Rawit,88650.0,False
2025-06,Sulawesi Utara,Cabai Rawit,73750.0,False
2025-07,Sulawesi Utara,Cabai Rawit,86150.0,False
2025-08,Sulawesi Utara,Cabai Rawit,50750.0,False
2025-09,Sulawesi Utara,Cabai Rawit,46500.0,False
2025-10,Sulawesi Utara,Cabai Rawit,55650.0,False
2025-11,Sulawesi Utara,Cabai Rawit,27400.0,False
2025-12,Sulawesi Utara,Cabai Rawit,44250.0,False
2026-01,Sulawesi Utara,Cabai Rawit,32750.0,False
2026-02,Sulawesi Utara,Cabai Rawit,38150.0,False
2026-03,Sulawesi Utara,Cabai Rawit,48400.0,False
2026-04,Sulawesi Utara,Cabai Rawit,108750.0,False
2026-05,Sulawesi Utara,Cabai Rawit,39900.0,False
2026-06,Sulawesi Utara,Cabai Rawit,94400.0,False
2026-07,Sulawesi Utara,Cabai Rawit,78150.0,False
2020-02,Sumatera Barat,Bawang Merah,34400.0,False
2020-03,Sumatera Barat,Bawang Merah,30750.0,False
2020-04,Sumatera Barat,Bawang Merah,36500.0,False
2020-05,Sumatera Barat,Bawang Merah,32000.0,False
2020-06,Sumatera Barat,Bawang Merah,31700.0,True
2020-07,Sumatera Barat,Bawang Merah,31400.0,False
2020-08,Sumatera Barat,Bawang Merah,24400.0,False
2020-09,Sumatera Barat,Bawang Merah,25500.0,False
2020-10,Sumatera Barat,Bawang Merah,25750.0,False
2020-11,Sumatera Barat,Bawang Merah,28650.0,False
2020-12,Sumatera Barat,Bawang Merah,28750.0,False
2021-01,Sumatera Barat,Bawang Merah,27250.0,True
2021-02,Sumatera Barat,Bawang Merah,25750.0,False
2021-03,Sumatera Barat,Bawang Merah,28400.0,False
2021-04,Sumatera Barat,Bawang Merah,29750.0,False
2021-05,Sumatera Barat,Bawang Merah,32150.0,False
2021-06,Sumatera Barat,Bawang Merah,29025.0,True
2021-07,Sumatera Barat,Bawang Merah,25900.0,False
2021-08,Sumatera Barat,Bawang Merah,31150.0,False
2021-09,Sumatera Barat,Bawang Merah,27750.0,False
2021-10,Sumatera Barat,Bawang Merah,24650.0,False
2021-11,Sumatera Barat,Bawang Merah,22500.0,False
2021-12,Sumatera Barat,Bawang Merah,19250.0,False
2022-01,Sumatera Barat,Bawang Merah,26250.0,False
2022-02,Sumatera Barat,Bawang Merah,30325.0,True
2022-03,Sumatera Barat,Bawang Merah,34400.0,False
2022-04,Sumatera Barat,Bawang Merah,31650.0,False
2022-05,Sumatera Barat,Bawang Merah,39900.0,True
2022-06,Sumatera Barat,Bawang Merah,48150.0,True
2022-07,Sumatera Barat,Bawang Merah,56400.0,False
2022-08,Sumatera Barat,Bawang Merah,36000.0,False
2022-09,Sumatera Barat,Bawang Merah,30400.0,False
2022-10,Sumatera Barat,Bawang Merah,32750.0,False
2022-11,Sumatera Barat,Bawang Merah,31000.0,False
2022-12,Sumatera Barat,Bawang Merah,26900.0,False
2023-01,Sumatera Barat,Bawang Merah,27650.0,False
2023-02,Sumatera Barat,Bawang Merah,33500.0,False
2023-03,Sumatera Barat,Bawang Merah,30500.0,False
2023-04,Sumatera Barat,Bawang Merah,29500.0,False
2023-05,Sumatera Barat,Bawang Merah,29625.0,True
2023-06,Sumatera Barat,Bawang Merah,29750.0,False
2023-07,Sumatera Barat,Bawang Merah,37650.0,False
2023-08,Sumatera Barat,Bawang Merah,27500.0,False
2023-09,Sumatera Barat,Bawang Merah,22500.0,False
2023-10,Sumatera Barat,Bawang Merah,18750.0,False
2023-11,Sumatera Barat,Bawang Merah,22400.0,False
2023-12,Sumatera Barat,Bawang Merah,29700.0,True
2024-01,Sumatera Barat,Bawang Merah,37000.0,False
2024-02,Sumatera Barat,Bawang Merah,30750.0,False
2024-03,Sumatera Barat,Bawang Merah,36000.0,False
2024-04,Sumatera Barat,Bawang Merah,37400.0,False
2024-05,Sumatera Barat,Bawang Merah,49500.0,False
2024-06,Sumatera Barat,Bawang Merah,47250.0,False
2024-07,Sumatera Barat,Bawang Merah,41400.0,False
2024-08,Sumatera Barat,Bawang Merah,23500.0,False
2024-09,Sumatera Barat,Bawang Merah,22250.0,False
2024-10,Sumatera Barat,Bawang Merah,30650.0,False
2024-11,Sumatera Barat,Bawang Merah,31000.0,False
2024-12,Sumatera Barat,Bawang Merah,32400.0,False
2025-01,Sumatera Barat,Bawang Merah,34075.0,True
2025-02,Sumatera Barat,Bawang Merah,35750.0,False
2025-03,Sumatera Barat,Bawang Merah,35750.0,False
2025-04,Sumatera Barat,Bawang Merah,37000.0,False
2025-05,Sumatera Barat,Bawang Merah,39650.0,False
2025-06,Sumatera Barat,Bawang Merah,34000.0,False
2025-07,Sumatera Barat,Bawang Merah,39250.0,False
2025-08,Sumatera Barat,Bawang Merah,53400.0,False
2025-09,Sumatera Barat,Bawang Merah,46750.0,False
2025-10,Sumatera Barat,Bawang Merah,32000.0,False
2025-11,Sumatera Barat,Bawang Merah,31750.0,False
2025-12,Sumatera Barat,Bawang Merah,42400.0,False
2026-01,Sumatera Barat,Bawang Merah,42900.0,False
2026-02,Sumatera Barat,Bawang Merah,37000.0,False
2026-03,Sumatera Barat,Bawang Merah,35400.0,False
2026-04,Sumatera Barat,Bawang Merah,39250.0,False
2026-05,Sumatera Barat,Bawang Merah,39500.0,False
2026-06,Sumatera Barat,Bawang Merah,43750.0,False
2026-07,Sumatera Barat,Bawang Merah,37900.0,False
2020-02,Sumatera Barat,Beras,14200.0,False
2020-03,Sumatera Barat,Beras,14250.0,False
2020-04,Sumatera Barat,Beras,14250.0,False
2020-05,Sumatera Barat,Beras,14500.0,False
2020-06,Sumatera Barat,Beras,14225.0,True
2020-07,Sumatera Barat,Beras,13950.0,False
2020-08,Sumatera Barat,Beras,13950.0,False
2020-09,Sumatera Barat,Beras,13950.0,False
2020-10,Sumatera Barat,Beras,13850.0,False
2020-11,Sumatera Barat,Beras,13850.0,False
2020-12,Sumatera Barat,Beras,14000.0,False
2021-01,Sumatera Barat,Beras,14000.0,True
2021-02,Sumatera Barat,Beras,14000.0,False
2021-03,Sumatera Barat,Beras,13950.0,False
2021-04,Sumatera Barat,Beras,13950.0,False
2021-05,Sumatera Barat,Beras,13950.0,False
2021-06,Sumatera Barat,Beras,13950.0,True
2021-07,Sumatera Barat,Beras,13950.0,False
2021-08,Sumatera Barat,Beras,13950.0,False
2021-09,Sumatera Barat,Beras,13900.0,False
2021-10,Sumatera Barat,Beras,13500.0,False
2021-11,Sumatera Barat,Beras,13500.0,False
2021-12,Sumatera Barat,Beras,13500.0,False
2022-01,Sumatera Barat,Beras,13600.0,False
2022-02,Sumatera Barat,Beras,13600.0,True
2022-03,Sumatera Barat,Beras,13600.0,False
2022-04,Sumatera Barat,Beras,13600.0,False
2022-05,Sumatera Barat,Beras,13600.0,True
2022-06,Sumatera Barat,Beras,13600.0,True
2022-07,Sumatera Barat,Beras,13600.0,False
2022-08,Sumatera Barat,Beras,13600.0,False
2022-09,Sumatera Barat,Beras,13950.0,False
2022-10,Sumatera Barat,Beras,14800.0,False
2022-11,Sumatera Barat,Beras,15100.0,False
2022-12,Sumatera Barat,Beras,14900.0,False
2023-01,Sumatera Barat,Beras,14950.0,False
2023-02,Sumatera Barat,Beras,15150.0,False
2023-03,Sumatera Barat,Beras,15300.0,False
2023-04,Sumatera Barat,Beras,15100.0,False
2023-05,Sumatera Barat,Beras,15025.0,True
2023-06,Sumatera Barat,Beras,14950.0,False
2023-07,Sumatera Barat,Beras,14950.0,False
2023-08,Sumatera Barat,Beras,14900.0,False
2023-09,Sumatera Barat,Beras,15150.0,False
2023-10,Sumatera Barat,Beras,15850.0,False
2023-11,Sumatera Barat,Beras,16600.0,False
2023-12,Sumatera Barat,Beras,16625.0,True
2024-01,Sumatera Barat,Beras,16650.0,False
2024-02,Sumatera Barat,Beras,16650.0,False
2024-03,Sumatera Barat,Beras,17200.0,False
2024-04,Sumatera Barat,Beras,17650.0,False
2024-05,Sumatera Barat,Beras,17700.0,False
2024-06,Sumatera Barat,Beras,17700.0,False
2024-07,Sumatera Barat,Beras,17650.0,False
2024-08,Sumatera Barat,Beras,17600.0,False
2024-09,Sumatera Barat,Beras,17950.0,False
2024-10,Sumatera Barat,Beras,17950.0,False
2024-11,Sumatera Barat,Beras,17950.0,False
2024-12,Sumatera Barat,Beras,17600.0,False
2025-01,Sumatera Barat,Beras,17500.0,True
2025-02,Sumatera Barat,Beras,17400.0,False
2025-03,Sumatera Barat,Beras,17450.0,False
2025-04,Sumatera Barat,Beras,17450.0,False
2025-05,Sumatera Barat,Beras,17450.0,False
2025-06,Sumatera Barat,Beras,17350.0,False
2025-07,Sumatera Barat,Beras,17350.0,False
2025-08,Sumatera Barat,Beras,17400.0,False
2025-09,Sumatera Barat,Beras,17500.0,False
2025-10,Sumatera Barat,Beras,17500.0,False
2025-11,Sumatera Barat,Beras,17500.0,False
2025-12,Sumatera Barat,Beras,18000.0,False
2026-01,Sumatera Barat,Beras,18650.0,False
2026-02,Sumatera Barat,Beras,18850.0,False
2026-03,Sumatera Barat,Beras,18700.0,False
2026-04,Sumatera Barat,Beras,18650.0,False
2026-05,Sumatera Barat,Beras,18650.0,False
2026-06,Sumatera Barat,Beras,18450.0,False
2026-07,Sumatera Barat,Beras,18400.0,False
2020-02,Sumatera Selatan,Bawang Merah,35250.0,False
2020-03,Sumatera Selatan,Bawang Merah,33400.0,False
2020-04,Sumatera Selatan,Bawang Merah,42250.0,False
2020-05,Sumatera Selatan,Bawang Merah,49000.0,False
2020-06,Sumatera Selatan,Bawang Merah,45000.0,True
2020-07,Sumatera Selatan,Bawang Merah,41000.0,False
2020-08,Sumatera Selatan,Bawang Merah,28900.0,False
2020-09,Sumatera Selatan,Bawang Merah,26500.0,False
2020-10,Sumatera Selatan,Bawang Merah,28250.0,False
2020-11,Sumatera Selatan,Bawang Merah,33150.0,False
2020-12,Sumatera Selatan,Bawang Merah,35150.0,False
2021-01,Sumatera Selatan,Bawang Merah,33075.0,True
2021-02,Sumatera Selatan,Bawang Merah,31000.0,False
2021-03,Sumatera Selatan,Bawang Merah,33750.0,False
2021-04,Sumatera Selatan,Bawang Merah,37400.0,False
2021-05,Sumatera Selatan,Bawang Merah,36900.0,False
2021-06,Sumatera Selatan,Bawang Merah,35275.0,True
2021-07,Sumatera Selatan,Bawang Merah,33650.0,False
2021-08,Sumatera Selatan,Bawang Merah,38000.0,False
2021-09,Sumatera Selatan,Bawang Merah,32250.0,False
2021-10,Sumatera Selatan,Bawang Merah,31750.0,False
2021-11,Sumatera Selatan,Bawang Merah,29750.0,False
2021-12,Sumatera Selatan,Bawang Merah,28000.0,False
2022-01,Sumatera Selatan,Bawang Merah,31250.0,False
2022-02,Sumatera Selatan,Bawang Merah,35325.0,True
2022-03,Sumatera Selatan,Bawang Merah,39400.0,False
2022-04,Sumatera Selatan,Bawang Merah,36750.0,False
2022-05,Sumatera Selatan,Bawang Merah,44233.333333333336,True
2022-06,Sumatera Selatan,Bawang Merah,51716.66666666666,True
2022-07,Sumatera Selatan,Bawang Merah,59200.0,False
2022-08,Sumatera Selatan,Bawang Merah,49100.0,False
2022-09,Sumatera Selatan,Bawang Merah,35400.0,False
2022-10,Sumatera Selatan,Bawang Merah,37700.0,False
2022-11,Sumatera Selatan,Bawang Merah,37450.0,False
2022-12,Sumatera Selatan,Bawang Merah,37200.0,False
2023-01,Sumatera Selatan,Bawang Merah,38150.0,False
2023-02,Sumatera Selatan,Bawang Merah,42200.0,False
2023-03,Sumatera Selatan,Bawang Merah,37850.0,False
2023-04,Sumatera Selatan,Bawang Merah,37850.0,False
2023-05,Sumatera Selatan,Bawang Merah,38850.0,True
2023-06,Sumatera Selatan,Bawang Merah,39850.0,True
2023-07,Sumatera Selatan,Bawang Merah,40850.0,False
2023-08,Sumatera Selatan,Bawang Merah,33850.0,False
2023-09,Sumatera Selatan,Bawang Merah,30850.0,False
2023-10,Sumatera Selatan,Bawang Merah,29700.0,False
2023-11,Sumatera Selatan,Bawang Merah,32200.0,False
2023-12,Sumatera Selatan,Bawang Merah,32600.0,False
2024-01,Sumatera Selatan,Bawang Merah,32625.0,True
2024-02,Sumatera Selatan,Bawang Merah,32650.0,False
2024-03,Sumatera Selatan,Bawang Merah,36400.0,False
2024-04,Sumatera Selatan,Bawang Merah,39750.0,False
2024-05,Sumatera Selatan,Bawang Merah,58500.0,False
2024-06,Sumatera Selatan,Bawang Merah,49500.0,False
2024-07,Sumatera Selatan,Bawang Merah,38400.0,False
2024-08,Sumatera Selatan,Bawang Merah,30250.0,False
2024-09,Sumatera Selatan,Bawang Merah,27500.0,False
2024-10,Sumatera Selatan,Bawang Merah,30150.0,False
2024-11,Sumatera Selatan,Bawang Merah,32250.0,False
2024-12,Sumatera Selatan,Bawang Merah,36650.0,False
2025-01,Sumatera Selatan,Bawang Merah,42400.0,False
2025-02,Sumatera Selatan,Bawang Merah,37900.0,False
2025-03,Sumatera Selatan,Bawang Merah,41000.0,False
2025-04,Sumatera Selatan,Bawang Merah,46650.0,False
2025-05,Sumatera Selatan,Bawang Merah,44150.0,False
2025-06,Sumatera Selatan,Bawang Merah,42250.0,False
2025-07,Sumatera Selatan,Bawang Merah,42250.0,False
2025-08,Sumatera Selatan,Bawang Merah,50150.0,False
2025-09,Sumatera Selatan,Bawang Merah,42650.0,False
2025-10,Sumatera Selatan,Bawang Merah,37000.0,False
2025-11,Sumatera Selatan,Bawang Merah,36500.0,False
2025-12,Sumatera Selatan,Bawang Merah,41250.0,False
2026-01,Sumatera Selatan,Bawang Merah,45750.0,False
2026-02,Sumatera Selatan,Bawang Merah,43900.0,False
2026-03,Sumatera Selatan,Bawang Merah,41500.0,False
2026-04,Sumatera Selatan,Bawang Merah,40400.0,False
2026-05,Sumatera Selatan,Bawang Merah,41900.0,False
2026-06,Sumatera Selatan,Bawang Merah,44500.0,False
2026-07,Sumatera Selatan,Bawang Merah,42250.0,False
2020-02,Sumatera Selatan,Beras,11550.0,False
2020-03,Sumatera Selatan,Beras,11450.0,False
2020-04,Sumatera Selatan,Beras,11450.0,False
2020-05,Sumatera Selatan,Beras,11500.0,False
2020-06,Sumatera Selatan,Beras,11475.0,True
2020-07,Sumatera Selatan,Beras,11450.0,False
2020-08,Sumatera Selatan,Beras,11500.0,False
2020-09,Sumatera Selatan,Beras,11500.0,False
2020-10,Sumatera Selatan,Beras,11600.0,False
2020-11,Sumatera Selatan,Beras,11600.0,False
2020-12,Sumatera Selatan,Beras,11600.0,False
2021-01,Sumatera Selatan,Beras,11400.0,True
2021-02,Sumatera Selatan,Beras,11200.0,False
2021-03,Sumatera Selatan,Beras,11200.0,False
2021-04,Sumatera Selatan,Beras,11200.0,False
2021-05,Sumatera Selatan,Beras,11150.0,False
2021-06,Sumatera Selatan,Beras,11300.0,True
2021-07,Sumatera Selatan,Beras,11450.0,False
2021-08,Sumatera Selatan,Beras,11350.0,False
2021-09,Sumatera Selatan,Beras,11350.0,False
2021-10,Sumatera Selatan,Beras,11350.0,False
2021-11,Sumatera Selatan,Beras,11350.0,False
2021-12,Sumatera Selatan,Beras,11350.0,False
2022-01,Sumatera Selatan,Beras,11250.0,False
2022-02,Sumatera Selatan,Beras,11425.0,True
2022-03,Sumatera Selatan,Beras,11600.0,False
2022-04,Sumatera Selatan,Beras,11600.0,False
2022-05,Sumatera Selatan,Beras,11600.0,True
2022-06,Sumatera Selatan,Beras,11600.0,True
2022-07,Sumatera Selatan,Beras,11600.0,False
2022-08,Sumatera Selatan,Beras,11600.0,False
2022-09,Sumatera Selatan,Beras,11850.0,False
2022-10,Sumatera Selatan,Beras,12250.0,False
2022-11,Sumatera Selatan,Beras,12250.0,False
2022-12,Sumatera Selatan,Beras,12900.0,False
2023-01,Sumatera Selatan,Beras,12750.0,False
2023-02,Sumatera Selatan,Beras,12900.0,False
2023-03,Sumatera Selatan,Beras,12900.0,False
2023-04,Sumatera Selatan,Beras,12900.0,False
2023-05,Sumatera Selatan,Beras,12983.333333333334,True
2023-06,Sumatera Selatan,Beras,13066.666666666666,True
2023-07,Sumatera Selatan,Beras,13150.0,False
2023-08,Sumatera Selatan,Beras,13350.0,False
2023-09,Sumatera Selatan,Beras,14050.0,False
2023-10,Sumatera Selatan,Beras,14550.0,False
2023-11,Sumatera Selatan,Beras,14550.0,False
2023-12,Sumatera Selatan,Beras,14350.0,False
2024-01,Sumatera Selatan,Beras,14300.0,True
2024-02,Sumatera Selatan,Beras,14250.0,False
2024-03,Sumatera Selatan,Beras,15700.0,False
2024-04,Sumatera Selatan,Beras,15600.0,False
2024-05,Sumatera Selatan,Beras,15450.0,False
2024-06,Sumatera Selatan,Beras,15250.0,False
2024-07,Sumatera Selatan,Beras,15350.0,False
2024-08,Sumatera Selatan,Beras,15150.0,False
2024-09,Sumatera Selatan,Beras,15150.0,False
2024-10,Sumatera Selatan,Beras,15150.0,False
2024-11,Sumatera Selatan,Beras,15250.0,False
2024-12,Sumatera Selatan,Beras,15250.0,False
2025-01,Sumatera Selatan,Beras,15200.0,False
2025-02,Sumatera Selatan,Beras,15100.0,False
2025-03,Sumatera Selatan,Beras,15350.0,False
2025-04,Sumatera Selatan,Beras,15350.0,False
2025-05,Sumatera Selatan,Beras,15350.0,False
2025-06,Sumatera Selatan,Beras,15650.0,False
2025-07,Sumatera Selatan,Beras,15650.0,False
2025-08,Sumatera Selatan,Beras,15650.0,False
2025-09,Sumatera Selatan,Beras,15650.0,False
2025-10,Sumatera Selatan,Beras,15650.0,False
2025-11,Sumatera Selatan,Beras,15650.0,False
2025-12,Sumatera Selatan,Beras,15650.0,False
2026-01,Sumatera Selatan,Beras,15650.0,False
2026-02,Sumatera Selatan,Beras,15650.0,False
2026-03,Sumatera Selatan,Beras,15750.0,False
2026-04,Sumatera Selatan,Beras,15900.0,False
2026-05,Sumatera Selatan,Beras,15900.0,False
2026-06,Sumatera Selatan,Beras,16000.0,False
2026-07,Sumatera Selatan,Beras,16000.0,False
2020-02,Sumatera Selatan,Cabai Besar,50650.0,False
2020-03,Sumatera Selatan,Cabai Besar,48900.0,False
2020-04,Sumatera Selatan,Cabai Besar,33150.0,False
2020-05,Sumatera Selatan,Cabai Besar,25000.0,False
2020-06,Sumatera Selatan,Cabai Besar,25450.0,True
2020-07,Sumatera Selatan,Cabai Besar,25900.0,False
2020-08,Sumatera Selatan,Cabai Besar,30650.0,False
2020-09,Sumatera Selatan,Cabai Besar,22750.0,False
2020-10,Sumatera Selatan,Cabai Besar,35000.0,False
2020-11,Sumatera Selatan,Cabai Besar,35900.0,False
2020-12,Sumatera Selatan,Cabai Besar,52400.0,False
2021-01,Sumatera Selatan,Cabai Besar,53275.0,True
2021-02,Sumatera Selatan,Cabai Besar,54150.0,False
2021-03,Sumatera Selatan,Cabai Besar,49750.0,False
2021-04,Sumatera Selatan,Cabai Besar,55500.0,False
2021-05,Sumatera Selatan,Cabai Besar,34000.0,False
2021-06,Sumatera Selatan,Cabai Besar,31625.0,True
2021-07,Sumatera Selatan,Cabai Besar,29250.0,False
2021-08,Sumatera Selatan,Cabai Besar,29250.0,False
2021-09,Sumatera Selatan,Cabai Besar,27250.0,False
2021-10,Sumatera Selatan,Cabai Besar,29500.0,False
2021-11,Sumatera Selatan,Cabai Besar,36250.0,False
2021-12,Sumatera Selatan,Cabai Besar,41500.0,False
2022-01,Sumatera Selatan,Cabai Besar,41000.0,False
2022-02,Sumatera Selatan,Cabai Besar,45625.0,True
2022-03,Sumatera Selatan,Cabai Besar,50250.0,False
2022-04,Sumatera Selatan,Cabai Besar,48600.0,False
2022-05,Sumatera Selatan,Cabai Besar,64383.333333333336,True
2022-06,Sumatera Selatan,Cabai Besar,80166.66666666667,True
2022-07,Sumatera Selatan,Cabai Besar,95950.0,False
2022-08,Sumatera Selatan,Cabai Besar,87850.0,False
2022-09,Sumatera Selatan,Cabai Besar,75800.0,False
2022-10,Sumatera Selatan,Cabai Besar,56100.0,False
2022-11,Sumatera Selatan,Cabai Besar,46400.0,False
2022-12,Sumatera Selatan,Cabai Besar,42850.0,False
2023-01,Sumatera Selatan,Cabai Besar,46250.0,False
2023-02,Sumatera Selatan,Cabai Besar,52050.0,False
2023-03,Sumatera Selatan,Cabai Besar,52950.0,False
2023-04,Sumatera Selatan,Cabai Besar,42700.0,False
2023-05,Sumatera Selatan,Cabai Besar,43450.0,True
2023-06,Sumatera Selatan,Cabai Besar,44200.0,True
2023-07,Sumatera Selatan,Cabai Besar,44950.0,False
2023-08,Sumatera Selatan,Cabai Besar,42450.0,False
2023-09,Sumatera Selatan,Cabai Besar,51200.0,False
2023-10,Sumatera Selatan,Cabai Besar,49450.0,False
2023-11,Sumatera Selatan,Cabai Besar,65950.0,False
2023-12,Sumatera Selatan,Cabai Besar,85950.0,False
2024-01,Sumatera Selatan,Cabai Besar,66100.0,True
2024-02,Sumatera Selatan,Cabai Besar,46250.0,False
2024-03,Sumatera Selatan,Cabai Besar,83250.0,False
2024-04,Sumatera Selatan,Cabai Besar,49250.0,False
2024-05,Sumatera Selatan,Cabai Besar,54000.0,False
2024-06,Sumatera Selatan,Cabai Besar,56500.0,False
2024-07,Sumatera Selatan,Cabai Besar,47750.0,False
2024-08,Sumatera Selatan,Cabai Besar,50000.0,False
2024-09,Sumatera Selatan,Cabai Besar,42500.0,False
2024-10,Sumatera Selatan,Cabai Besar,37500.0,False
2024-11,Sumatera Selatan,Cabai Besar,33500.0,False
2024-12,Sumatera Selatan,Cabai Besar,34750.0,False
2025-01,Sumatera Selatan,Cabai Besar,62000.0,False
2025-02,Sumatera Selatan,Cabai Besar,72000.0,False
2025-03,Sumatera Selatan,Cabai Besar,68500.0,False
2025-04,Sumatera Selatan,Cabai Besar,60650.0,False
2025-05,Sumatera Selatan,Cabai Besar,49250.0,False
2025-06,Sumatera Selatan,Cabai Besar,43400.0,False
2025-07,Sumatera Selatan,Cabai Besar,42000.0,False
2025-08,Sumatera Selatan,Cabai Besar,40900.0,False
2025-09,Sumatera Selatan,Cabai Besar,38750.0,False
2025-10,Sumatera Selatan,Cabai Besar,60500.0,False
2025-11,Sumatera Selatan,Cabai Besar,57150.0,False
2025-12,Sumatera Selatan,Cabai Besar,69000.0,False
2026-01,Sumatera Selatan,Cabai Besar,54150.0,False
2026-02,Sumatera Selatan,Cabai Besar,45750.0,False
2026-03,Sumatera Selatan,Cabai Besar,44250.0,False
2026-04,Sumatera Selatan,Cabai Besar,39900.0,False
2026-05,Sumatera Selatan,Cabai Besar,47500.0,False
2026-06,Sumatera Selatan,Cabai Besar,64400.0,False
2026-07,Sumatera Selatan,Cabai Besar,42900.0,False
2020-02,Sumatera Selatan,Cabai Rawit,64000.0,False
2020-03,Sumatera Selatan,Cabai Rawit,48650.0,False
2020-04,Sumatera Selatan,Cabai Rawit,40250.0,False
2020-05,Sumatera Selatan,Cabai Rawit,13500.0,False
2020-06,Sumatera Selatan,Cabai Rawit,20625.0,True
2020-07,Sumatera Selatan,Cabai Rawit,27750.0,False
2020-08,Sumatera Selatan,Cabai Rawit,35400.0,False
2020-09,Sumatera Selatan,Cabai Rawit,27500.0,False
2020-10,Sumatera Selatan,Cabai Rawit,30400.0,False
2020-11,Sumatera Selatan,Cabai Rawit,33650.0,False
2020-12,Sumatera Selatan,Cabai Rawit,48500.0,False
2021-01,Sumatera Selatan,Cabai Rawit,63000.0,True
2021-02,Sumatera Selatan,Cabai Rawit,77500.0,False
2021-03,Sumatera Selatan,Cabai Rawit,86250.0,False
2021-04,Sumatera Selatan,Cabai Rawit,87500.0,False
2021-05,Sumatera Selatan,Cabai Rawit,50000.0,False
2021-06,Sumatera Selatan,Cabai Rawit,50750.0,True
2021-07,Sumatera Selatan,Cabai Rawit,51500.0,False
2021-08,Sumatera Selatan,Cabai Rawit,46500.0,False
2021-09,Sumatera Selatan,Cabai Rawit,36650.0,False
2021-10,Sumatera Selatan,Cabai Rawit,40650.0,False
2021-11,Sumatera Selatan,Cabai Rawit,38650.0,False
2021-12,Sumatera Selatan,Cabai Rawit,42650.0,False
2022-01,Sumatera Selatan,Cabai Rawit,75000.0,False
2022-02,Sumatera Selatan,Cabai Rawit,65500.0,True
2022-03,Sumatera Selatan,Cabai Rawit,56000.0,False
2022-04,Sumatera Selatan,Cabai Rawit,50800.0,False
2022-05,Sumatera Selatan,Cabai Rawit,67950.0,True
2022-06,Sumatera Selatan,Cabai Rawit,85100.0,True
2022-07,Sumatera Selatan,Cabai Rawit,102250.0,False
2022-08,Sumatera Selatan,Cabai Rawit,77950.0,False
2022-09,Sumatera Selatan,Cabai Rawit,64700.0,False
2022-10,Sumatera Selatan,Cabai Rawit,70200.0,False
2022-11,Sumatera Selatan,Cabai Rawit,52600.0,False
2022-12,Sumatera Selatan,Cabai Rawit,50850.0,False
2023-01,Sumatera Selatan,Cabai Rawit,72500.0,False
2023-02,Sumatera Selatan,Cabai Rawit,58750.0,False
2023-03,Sumatera Selatan,Cabai Rawit,66700.0,False
2023-04,Sumatera Selatan,Cabai Rawit,52950.0,False
2023-05,Sumatera Selatan,Cabai Rawit,48750.0,True
2023-06,Sumatera Selatan,Cabai Rawit,44550.0,True
2023-07,Sumatera Selatan,Cabai Rawit,40350.0,False
2023-08,Sumatera Selatan,Cabai Rawit,45450.0,False
2023-09,Sumatera Selatan,Cabai Rawit,46900.0,False
2023-10,Sumatera Selatan,Cabai Rawit,45000.0,False
2023-11,Sumatera Selatan,Cabai Rawit,74000.0,False
2023-12,Sumatera Selatan,Cabai Rawit,90250.0,False
2024-01,Sumatera Selatan,Cabai Rawit,69500.0,True
2024-02,Sumatera Selatan,Cabai Rawit,48750.0,False
2024-03,Sumatera Selatan,Cabai Rawit,91250.0,False
2024-04,Sumatera Selatan,Cabai Rawit,62250.0,False
2024-05,Sumatera Selatan,Cabai Rawit,67750.0,False
2024-06,Sumatera Selatan,Cabai Rawit,52250.0,False
2024-07,Sumatera Selatan,Cabai Rawit,50000.0,False
2024-08,Sumatera Selatan,Cabai Rawit,84400.0,False
2024-09,Sumatera Selatan,Cabai Rawit,51900.0,False
2024-10,Sumatera Selatan,Cabai Rawit,52900.0,False
2024-11,Sumatera Selatan,Cabai Rawit,54400.0,False
2024-12,Sumatera Selatan,Cabai Rawit,38400.0,False
2025-01,Sumatera Selatan,Cabai Rawit,82500.0,False
2025-02,Sumatera Selatan,Cabai Rawit,84400.0,False
2025-03,Sumatera Selatan,Cabai Rawit,112500.0,False
2025-04,Sumatera Selatan,Cabai Rawit,90650.0,False
2025-05,Sumatera Selatan,Cabai Rawit,61900.0,False
2025-06,Sumatera Selatan,Cabai Rawit,40650.0,False
2025-07,Sumatera Selatan,Cabai Rawit,50000.0,False
2025-08,Sumatera Selatan,Cabai Rawit,53150.0,False
2025-09,Sumatera Selatan,Cabai Rawit,39750.0,False
2025-10,Sumatera Selatan,Cabai Rawit,45900.0,False
2025-11,Sumatera Selatan,Cabai Rawit,39000.0,False
2025-12,Sumatera Selatan,Cabai Rawit,58400.0,False
2026-01,Sumatera Selatan,Cabai Rawit,74250.0,False
2026-02,Sumatera Selatan,Cabai Rawit,68650.0,False
2026-03,Sumatera Selatan,Cabai Rawit,65750.0,False
2026-04,Sumatera Selatan,Cabai Rawit,52500.0,False
2026-05,Sumatera Selatan,Cabai Rawit,61000.0,False
2026-06,Sumatera Selatan,Cabai Rawit,85250.0,False
2026-07,Sumatera Selatan,Cabai Rawit,57400.0,False
2020-02,Sumatera Utara,Bawang Merah,40350.0,False
2020-03,Sumatera Utara,Bawang Merah,35500.0,False
2020-04,Sumatera Utara,Bawang Merah,39500.0,False
2020-05,Sumatera Utara,Bawang Merah,39050.0,True
2020-06,Sumatera Utara,Bawang Merah,38600.0,True
2020-07,Sumatera Utara,Bawang Merah,38150.0,False
2020-08,Sumatera Utara,Bawang Merah,27200.0,False
2020-09,Sumatera Utara,Bawang Merah,26750.0,False
2020-10,Sumatera Utara,Bawang Merah,29600.0,False
2020-11,Sumatera Utara,Bawang Merah,32200.0,False
2020-12,Sumatera Utara,Bawang Merah,32800.0,False
2021-01,Sumatera Utara,Bawang Merah,31525.0,True
2021-02,Sumatera Utara,Bawang Merah,30250.0,False
2021-03,Sumatera Utara,Bawang Merah,31800.0,False
2021-04,Sumatera Utara,Bawang Merah,33100.0,False
2021-05,Sumatera Utara,Bawang Merah,33800.0,False
2021-06,Sumatera Utara,Bawang Merah,31875.0,True
2021-07,Sumatera Utara,Bawang Merah,29950.0,False
2021-08,Sumatera Utara,Bawang Merah,32800.0,False
2021-09,Sumatera Utara,Bawang Merah,32100.0,False
2021-10,Sumatera Utara,Bawang Merah,30300.0,False
2021-11,Sumatera Utara,Bawang Merah,29750.0,False
2021-12,Sumatera Utara,Bawang Merah,28500.0,False
2022-01,Sumatera Utara,Bawang Merah,30500.0,False
2022-02,Sumatera Utara,Bawang Merah,33225.0,True
2022-03,Sumatera Utara,Bawang Merah,35950.0,False
2022-04,Sumatera Utara,Bawang Merah,34300.0,False
2022-05,Sumatera Utara,Bawang Merah,42250.0,True
2022-06,Sumatera Utara,Bawang Merah,50200.0,True
2022-07,Sumatera Utara,Bawang Merah,58150.0,False
2022-08,Sumatera Utara,Bawang Merah,44150.0,False
2022-09,Sumatera Utara,Bawang Merah,33750.0,False
2022-10,Sumatera Utara,Bawang Merah,37250.0,False
2022-11,Sumatera Utara,Bawang Merah,35550.0,False
2022-12,Sumatera Utara,Bawang Merah,32800.0,False
2023-01,Sumatera Utara,Bawang Merah,32850.0,False
2023-02,Sumatera Utara,Bawang Merah,36150.0,False
2023-03,Sumatera Utara,Bawang Merah,34500.0,False
2023-04,Sumatera Utara,Bawang Merah,33700.0,False
2023-05,Sumatera Utara,Bawang Merah,35900.0,False
2023-06,Sumatera Utara,Bawang Merah,34600.0,False
2023-07,Sumatera Utara,Bawang Merah,36900.0,False
2023-08,Sumatera Utara,Bawang Merah,32600.0,False
2023-09,Sumatera Utara,Bawang Merah,29750.0,False
2023-10,Sumatera Utara,Bawang Merah,25850.0,False
2023-11,Sumatera Utara,Bawang Merah,26350.0,False
2023-12,Sumatera Utara,Bawang Merah,30500.0,False
2024-01,Sumatera Utara,Bawang Merah,36700.0,False
2024-02,Sumatera Utara,Bawang Merah,37250.0,False
2024-03,Sumatera Utara,Bawang Merah,39100.0,False
2024-04,Sumatera Utara,Bawang Merah,40300.0,False
2024-05,Sumatera Utara,Bawang Merah,55350.0,False
2024-06,Sumatera Utara,Bawang Merah,52350.0,False
2024-07,Sumatera Utara,Bawang Merah,44700.0,False
2024-08,Sumatera Utara,Bawang Merah,31500.0,False
2024-09,Sumatera Utara,Bawang Merah,28600.0,False
2024-10,Sumatera Utara,Bawang Merah,31450.0,False
2024-11,Sumatera Utara,Bawang Merah,33800.0,False
2024-12,Sumatera Utara,Bawang Merah,36750.0,False
2025-01,Sumatera Utara,Bawang Merah,45650.0,False
2025-02,Sumatera Utara,Bawang Merah,40200.0,False
2025-03,Sumatera Utara,Bawang Merah,37600.0,False
2025-04,Sumatera Utara,Bawang Merah,40200.0,False
2025-05,Sumatera Utara,Bawang Merah,41050.0,False
2025-06,Sumatera Utara,Bawang Merah,36150.0,False
2025-07,Sumatera Utara,Bawang Merah,40550.0,False
2025-08,Sumatera Utara,Bawang Merah,55750.0,False
2025-09,Sumatera Utara,Bawang Merah,47800.0,False
2025-10,Sumatera Utara,Bawang Merah,36200.0,False
2025-11,Sumatera Utara,Bawang Merah,35300.0,False
2025-12,Sumatera Utara,Bawang Merah,57350.0,False
2026-01,Sumatera Utara,Bawang Merah,50400.0,False
2026-02,Sumatera Utara,Bawang Merah,39450.0,False
2026-03,Sumatera Utara,Bawang Merah,37100.0,False
2026-04,Sumatera Utara,Bawang Merah,39600.0,False
2026-05,Sumatera Utara,Bawang Merah,39200.0,False
2026-06,Sumatera Utara,Bawang Merah,47400.0,False
2026-07,Sumatera Utara,Bawang Merah,39050.0,False
2020-02,Sumatera Utara,Beras,11100.0,False
2020-03,Sumatera Utara,Beras,10950.0,False
2020-04,Sumatera Utara,Beras,10950.0,False
2020-05,Sumatera Utara,Beras,10950.0,True
2020-06,Sumatera Utara,Beras,10950.0,True
2020-07,Sumatera Utara,Beras,10950.0,False
2020-08,Sumatera Utara,Beras,11000.0,False
2020-09,Sumatera Utara,Beras,11200.0,False
2020-10,Sumatera Utara,Beras,11250.0,False
2020-11,Sumatera Utara,Beras,11250.0,False
2020-12,Sumatera Utara,Beras,11250.0,False
2021-01,Sumatera Utara,Beras,11200.0,True
2021-02,Sumatera Utara,Beras,11150.0,False
2021-03,Sumatera Utara,Beras,11200.0,False
2021-04,Sumatera Utara,Beras,11200.0,False
2021-05,Sumatera Utara,Beras,11250.0,False
2021-06,Sumatera Utara,Beras,11175.0,True
2021-07,Sumatera Utara,Beras,11100.0,False
2021-08,Sumatera Utara,Beras,11050.0,False
2021-09,Sumatera Utara,Beras,11150.0,False
2021-10,Sumatera Utara,Beras,11150.0,False
2021-11,Sumatera Utara,Beras,11050.0,False
2021-12,Sumatera Utara,Beras,11050.0,False
2022-01,Sumatera Utara,Beras,11250.0,False
2022-02,Sumatera Utara,Beras,11275.0,True
2022-03,Sumatera Utara,Beras,11300.0,False
2022-04,Sumatera Utara,Beras,11300.0,False
2022-05,Sumatera Utara,Beras,11316.666666666666,True
2022-06,Sumatera Utara,Beras,11333.333333333334,True
2022-07,Sumatera Utara,Beras,11350.0,False
2022-08,Sumatera Utara,Beras,11350.0,False
2022-09,Sumatera Utara,Beras,11450.0,False
2022-10,Sumatera Utara,Beras,11800.0,False
2022-11,Sumatera Utara,Beras,11750.0,False
2022-12,Sumatera Utara,Beras,11900.0,False
2023-01,Sumatera Utara,Beras,12050.0,False
2023-02,Sumatera Utara,Beras,12750.0,False
2023-03,Sumatera Utara,Beras,12650.0,False
2023-04,Sumatera Utara,Beras,12600.0,False
2023-05,Sumatera Utara,Beras,12500.0,False
2023-06,Sumatera Utara,Beras,12550.0,False
2023-07,Sumatera Utara,Beras,12600.0,False
2023-08,Sumatera Utara,Beras,12650.0,False
2023-09,Sumatera Utara,Beras,13000.0,False
2023-10,Sumatera Utara,Beras,13350.0,False
2023-11,Sumatera Utara,Beras,13450.0,False
2023-12,Sumatera Utara,Beras,13500.0,False
2024-01,Sumatera Utara,Beras,13550.0,False
2024-02,Sumatera Utara,Beras,13900.0,False
2024-03,Sumatera Utara,Beras,13950.0,False
2024-04,Sumatera Utara,Beras,14000.0,False
2024-05,Sumatera Utara,Beras,13950.0,False
2024-06,Sumatera Utara,Beras,14050.0,False
2024-07,Sumatera Utara,Beras,14000.0,False
2024-08,Sumatera Utara,Beras,14000.0,False
2024-09,Sumatera Utara,Beras,14050.0,False
2024-10,Sumatera Utara,Beras,14100.0,False
2024-11,Sumatera Utara,Beras,13900.0,False
2024-12,Sumatera Utara,Beras,13750.0,False
2025-01,Sumatera Utara,Beras,13850.0,False
2025-02,Sumatera Utara,Beras,13900.0,False
2025-03,Sumatera Utara,Beras,13900.0,False
2025-04,Sumatera Utara,Beras,13900.0,False
2025-05,Sumatera Utara,Beras,14050.0,False
2025-06,Sumatera Utara,Beras,14250.0,False
2025-07,Sumatera Utara,Beras,14350.0,False
2025-08,Sumatera Utara,Beras,14950.0,False
2025-09,Sumatera Utara,Beras,14900.0,False
2025-10,Sumatera Utara,Beras,14650.0,False
2025-11,Sumatera Utara,Beras,14600.0,False
2025-12,Sumatera Utara,Beras,14700.0,False
2026-01,Sumatera Utara,Beras,15150.0,False
2026-02,Sumatera Utara,Beras,15200.0,False
2026-03,Sumatera Utara,Beras,14800.0,False
2026-04,Sumatera Utara,Beras,14950.0,False
2026-05,Sumatera Utara,Beras,14900.0,False
2026-06,Sumatera Utara,Beras,14950.0,False
2026-07,Sumatera Utara,Beras,15150.0,False
2020-02,Sumatera Utara,Cabai Rawit,35250.0,False
2020-03,Sumatera Utara,Cabai Rawit,30000.0,False
2020-04,Sumatera Utara,Cabai Rawit,23900.0,False
2020-05,Sumatera Utara,Cabai Rawit,26066.666666666668,True
2020-06,Sumatera Utara,Cabai Rawit,28233.33333333333,True
2020-07,Sumatera Utara,Cabai Rawit,30400.0,False
2020-08,Sumatera Utara,Cabai Rawit,48650.0,False
2020-09,Sumatera Utara,Cabai Rawit,25250.0,False
2020-10,Sumatera Utara,Cabai Rawit,26000.0,False
2020-11,Sumatera Utara,Cabai Rawit,27650.0,False
2020-12,Sumatera Utara,Cabai Rawit,37650.0,False
2021-01,Sumatera Utara,Cabai Rawit,51325.0,True
2021-02,Sumatera Utara,Cabai Rawit,65000.0,False
2021-03,Sumatera Utara,Cabai Rawit,38150.0,False
2021-04,Sumatera Utara,Cabai Rawit,30500.0,False
2021-05,Sumatera Utara,Cabai Rawit,29750.0,False
2021-06,Sumatera Utara,Cabai Rawit,34325.0,True
2021-07,Sumatera Utara,Cabai Rawit,38900.0,False
2021-08,Sumatera Utara,Cabai Rawit,33000.0,False
2021-09,Sumatera Utara,Cabai Rawit,33900.0,False
2021-10,Sumatera Utara,Cabai Rawit,33400.0,False
2021-11,Sumatera Utara,Cabai Rawit,30250.0,False
2021-12,Sumatera Utara,Cabai Rawit,39750.0,False
2022-01,Sumatera Utara,Cabai Rawit,59150.0,False
2022-02,Sumatera Utara,Cabai Rawit,46700.0,True
2022-03,Sumatera Utara,Cabai Rawit,34250.0,False
2022-04,Sumatera Utara,Cabai Rawit,33500.0,False
2022-05,Sumatera Utara,Cabai Rawit,44000.0,True
2022-06,Sumatera Utara,Cabai Rawit,54500.0,True
2022-07,Sumatera Utara,Cabai Rawit,65000.0,False
2022-08,Sumatera Utara,Cabai Rawit,41900.0,False
2022-09,Sumatera Utara,Cabai Rawit,35650.0,False
2022-10,Sumatera Utara,Cabai Rawit,36400.0,False
2022-11,Sumatera Utara,Cabai Rawit,26500.0,False
2022-12,Sumatera Utara,Cabai Rawit,34400.0,False
2023-01,Sumatera Utara,Cabai Rawit,63500.0,False
2023-02,Sumatera Utara,Cabai Rawit,40000.0,False
2023-03,Sumatera Utara,Cabai Rawit,34900.0,False
2023-04,Sumatera Utara,Cabai Rawit,20500.0,False
2023-05,Sumatera Utara,Cabai Rawit,20375.0,True
2023-06,Sumatera Utara,Cabai Rawit,20250.0,False
2023-07,Sumatera Utara,Cabai Rawit,26150.0,False
2023-08,Sumatera Utara,Cabai Rawit,30000.0,False
2023-09,Sumatera Utara,Cabai Rawit,36900.0,False
2023-10,Sumatera Utara,Cabai Rawit,38900.0,False
2023-11,Sumatera Utara,Cabai Rawit,54400.0,False
2023-12,Sumatera Utara,Cabai Rawit,54400.0,False
2024-01,Sumatera Utara,Cabai Rawit,44150.0,False
2024-02,Sumatera Utara,Cabai Rawit,38650.0,False
2024-03,Sumatera Utara,Cabai Rawit,46900.0,False
2024-04,Sumatera Utara,Cabai Rawit,39400.0,False
2024-05,Sumatera Utara,Cabai Rawit,30500.0,False
2024-06,Sumatera Utara,Cabai Rawit,35000.0,False
2024-07,Sumatera Utara,Cabai Rawit,39750.0,False
2024-08,Sumatera Utara,Cabai Rawit,43750.0,False
2024-09,Sumatera Utara,Cabai Rawit,60000.0,False
2024-10,Sumatera Utara,Cabai Rawit,35250.0,False
2024-11,Sumatera Utara,Cabai Rawit,30250.0,False
2024-12,Sumatera Utara,Cabai Rawit,27650.0,False
2025-01,Sumatera Utara,Cabai Rawit,50750.0,False
2025-02,Sumatera Utara,Cabai Rawit,65000.0,False
2025-03,Sumatera Utara,Cabai Rawit,54400.0,False
2025-04,Sumatera Utara,Cabai Rawit,35400.0,False
2025-05,Sumatera Utara,Cabai Rawit,25400.0,False
2025-06,Sumatera Utara,Cabai Rawit,25250.0,False
2025-07,Sumatera Utara,Cabai Rawit,21750.0,False
2025-08,Sumatera Utara,Cabai Rawit,37900.0,False
2025-09,Sumatera Utara,Cabai Rawit,45900.0,False
2025-10,Sumatera Utara,Cabai Rawit,34250.0,False
2025-11,Sumatera Utara,Cabai Rawit,30250.0,False
2025-12,Sumatera Utara,Cabai Rawit,89400.0,False
2026-01,Sumatera Utara,Cabai Rawit,69750.0,False
2026-02,Sumatera Utara,Cabai Rawit,43250.0,False
2026-03,Sumatera Utara,Cabai Rawit,29750.0,False
2026-04,Sumatera Utara,Cabai Rawit,29250.0,False
2026-05,Sumatera Utara,Cabai Rawit,26750.0,False
2026-06,Sumatera Utara,Cabai Rawit,42500.0,False
2026-07,Sumatera Utara,Cabai Rawit,43150.0,False
